<?xml version="1.0" encoding="UTF-8" standalone="yes"?>
<gpx version="1.1" creator="outdooractive - http://www.outdooractive.com" xmlns="http://www.topografix.com/GPX/1/1" xmlns:oa="http://www.outdooractive.com/GPX/Extensions/1" xmlns:xsi="http://www.w3.org/2001/XMLSchema-instance" xsi:schemaLocation="http://www.topografix.com/GPX/1/1 http://www.topografix.com/GPX/1/1/gpx.xsd http://www.outdooractive.com/GPX/Extensions/1 https://www.outdooractive.com/schema/gpx_extensions.xsd">
  <metadata>
    <name>GR92 E26 Tarragona–Salou</name>
    <author>
      <name>Jari Tossavainen - Community</name>
    </author>
    <link href="https://www.outdooractive.com/r/353455760"/>
    <time>2026-09-21T11:41:40.725Z</time>
    <extensions>
      <oa:oaCategory>longDistanceHikingTrail</oa:oaCategory>
    </extensions>
  </metadata>
  <trk>
    <name>GR92 E26 Tarragona–Salou</name>
    <type>longDistanceHikingTrail</type>
    <trkseg>
      <trkpt lat="41.111224" lon="1.253536">
        <ele>6.08603</ele>
        <name>Tarragona, Tarragona</name>
        <extensions>
          <oa:Extension>
            <oa:mapZoom>17</oa:mapZoom>
            <oa:routingFailed>true</oa:routingFailed>
          </oa:Extension>
        </extensions>
      </trkpt>
      <trkpt lat="41.111854" lon="1.253353">
        <ele>7.82944</ele>
      </trkpt>
      <trkpt lat="41.111831" lon="1.253381">
        <ele>7.8</ele>
        <name>Passeig d&apos;Espanya, Tarragona</name>
        <extensions>
          <oa:Extension>
            <oa:mapZoom>17</oa:mapZoom>
          </oa:Extension>
        </extensions>
      </trkpt>
      <trkpt lat="41.111887" lon="1.253465">
        <ele>8.0</ele>
      </trkpt>
      <trkpt lat="41.111924" lon="1.25353">
        <ele>8.2</ele>
      </trkpt>
      <trkpt lat="41.11196" lon="1.253602">
        <ele>8.4</ele>
      </trkpt>
      <trkpt lat="41.112101" lon="1.253882">
        <ele>10.1</ele>
      </trkpt>
      <trkpt lat="41.112243" lon="1.254163">
        <ele>11.6</ele>
      </trkpt>
      <trkpt lat="41.112347" lon="1.254257">
        <ele>12.6</ele>
      </trkpt>
      <trkpt lat="41.112364" lon="1.254252">
        <ele>12.5</ele>
      </trkpt>
      <trkpt lat="41.112382" lon="1.254253">
        <ele>12.4</ele>
      </trkpt>
      <trkpt lat="41.112399" lon="1.25426">
        <ele>12.4</ele>
      </trkpt>
      <trkpt lat="41.112417" lon="1.254275">
        <ele>12.7</ele>
      </trkpt>
      <trkpt lat="41.112431" lon="1.254296">
        <ele>13.0</ele>
      </trkpt>
      <trkpt lat="41.11244" lon="1.254322">
        <ele>13.2</ele>
      </trkpt>
      <trkpt lat="41.112442" lon="1.25435">
        <ele>13.1</ele>
      </trkpt>
      <trkpt lat="41.112439" lon="1.254375">
        <ele>13.1</ele>
      </trkpt>
      <trkpt lat="41.112431" lon="1.254397">
        <ele>13.0</ele>
      </trkpt>
      <trkpt lat="41.112419" lon="1.254416">
        <ele>13.0</ele>
      </trkpt>
      <trkpt lat="41.112385" lon="1.25454">
        <ele>13.0</ele>
      </trkpt>
      <trkpt lat="41.112418" lon="1.254574">
        <ele>12.8</ele>
      </trkpt>
      <trkpt lat="41.11247" lon="1.254604">
        <ele>17.1</ele>
      </trkpt>
      <trkpt lat="41.112463" lon="1.254657">
        <ele>17.6</ele>
      </trkpt>
      <trkpt lat="41.11246" lon="1.254685">
        <ele>17.9</ele>
      </trkpt>
      <trkpt lat="41.112463" lon="1.254742">
        <ele>18.7</ele>
      </trkpt>
      <trkpt lat="41.112476" lon="1.254789">
        <ele>19.7</ele>
      </trkpt>
      <trkpt lat="41.112501" lon="1.254832">
        <ele>21.0</ele>
      </trkpt>
      <trkpt lat="41.112544" lon="1.254892">
        <ele>21.9</ele>
      </trkpt>
      <trkpt lat="41.112564" lon="1.254872">
        <ele>23.9</ele>
      </trkpt>
      <trkpt lat="41.112603" lon="1.254928">
        <ele>23.4</ele>
      </trkpt>
      <trkpt lat="41.112773" lon="1.255167">
        <ele>25.3</ele>
      </trkpt>
      <trkpt lat="41.112942" lon="1.255406">
        <ele>28.8</ele>
      </trkpt>
      <trkpt lat="41.113143" lon="1.255688">
        <ele>31.2</ele>
      </trkpt>
      <trkpt lat="41.113343" lon="1.255971">
        <ele>35.1</ele>
      </trkpt>
      <trkpt lat="41.113482" lon="1.256173">
        <ele>34.7</ele>
      </trkpt>
      <trkpt lat="41.113505" lon="1.256139">
        <ele>39.2</ele>
      </trkpt>
      <trkpt lat="41.113527" lon="1.256103">
        <ele>38.1</ele>
      </trkpt>
      <trkpt lat="41.113392" lon="1.255919">
        <ele>36.2</ele>
      </trkpt>
      <trkpt lat="41.113241" lon="1.255699">
        <ele>34.2</ele>
      </trkpt>
      <trkpt lat="41.113014" lon="1.2554">
        <ele>29.9</ele>
      </trkpt>
      <trkpt lat="41.112808" lon="1.255098">
        <ele>26.7</ele>
      </trkpt>
      <trkpt lat="41.112667" lon="1.25488">
        <ele>24.7</ele>
      </trkpt>
      <trkpt lat="41.112651" lon="1.254852">
        <ele>24.5</ele>
      </trkpt>
      <trkpt lat="41.112645" lon="1.254718">
        <ele>24.3</ele>
      </trkpt>
      <trkpt lat="41.112667" lon="1.254676">
        <ele>24.5</ele>
        <name>Carrer Pons d&apos;Icart, Tarragona, Tarragonès</name>
        <extensions>
          <oa:Extension>
            <oa:mapZoom>18</oa:mapZoom>
          </oa:Extension>
        </extensions>
      </trkpt>
      <trkpt lat="41.112773" lon="1.254472">
        <ele>25.9</ele>
      </trkpt>
      <trkpt lat="41.112974" lon="1.254086">
        <ele>28.9</ele>
      </trkpt>
      <trkpt lat="41.113094" lon="1.253858">
        <ele>29.9</ele>
      </trkpt>
      <trkpt lat="41.113282" lon="1.253487">
        <ele>28.9</ele>
      </trkpt>
      <trkpt lat="41.113441" lon="1.25318">
        <ele>30.0</ele>
      </trkpt>
      <trkpt lat="41.113465" lon="1.253182">
        <ele>31.0</ele>
      </trkpt>
      <trkpt lat="41.113471" lon="1.253171">
        <ele>31.2</ele>
      </trkpt>
      <trkpt lat="41.11349" lon="1.253132">
        <ele>31.7</ele>
      </trkpt>
      <trkpt lat="41.113513" lon="1.253086">
        <ele>31.7</ele>
      </trkpt>
      <trkpt lat="41.113645" lon="1.252814">
        <ele>30.9</ele>
      </trkpt>
      <trkpt lat="41.113778" lon="1.252542">
        <ele>29.9</ele>
      </trkpt>
      <trkpt lat="41.113967" lon="1.252214">
        <ele>28.6</ele>
      </trkpt>
      <trkpt lat="41.114048" lon="1.252045">
        <ele>27.8</ele>
      </trkpt>
      <trkpt lat="41.11418" lon="1.251793">
        <ele>26.8</ele>
      </trkpt>
      <trkpt lat="41.114312" lon="1.251541">
        <ele>26.1</ele>
      </trkpt>
      <trkpt lat="41.114337" lon="1.251493">
        <ele>26.0</ele>
      </trkpt>
      <trkpt lat="41.11437" lon="1.25143">
        <ele>26.2</ele>
      </trkpt>
      <trkpt lat="41.114348" lon="1.25141">
        <ele>26.1</ele>
      </trkpt>
      <trkpt lat="41.114545" lon="1.251036">
        <ele>27.3</ele>
      </trkpt>
      <trkpt lat="41.114742" lon="1.250661">
        <ele>29.8</ele>
      </trkpt>
      <trkpt lat="41.114916" lon="1.250331">
        <ele>31.3</ele>
      </trkpt>
      <trkpt lat="41.11509" lon="1.250001">
        <ele>32.4</ele>
      </trkpt>
      <trkpt lat="41.115264" lon="1.24967">
        <ele>33.6</ele>
      </trkpt>
      <trkpt lat="41.115415" lon="1.249353">
        <ele>33.4</ele>
      </trkpt>
      <trkpt lat="41.115469" lon="1.249234">
        <ele>33.4</ele>
      </trkpt>
      <trkpt lat="41.115488" lon="1.249192">
        <ele>33.3</ele>
      </trkpt>
      <trkpt lat="41.11564" lon="1.248847">
        <ele>32.0</ele>
      </trkpt>
      <trkpt lat="41.115792" lon="1.248501">
        <ele>31.7</ele>
      </trkpt>
      <trkpt lat="41.115944" lon="1.248156">
        <ele>30.0</ele>
      </trkpt>
      <trkpt lat="41.116004" lon="1.248052">
        <ele>30.3</ele>
      </trkpt>
      <trkpt lat="41.116179" lon="1.247685">
        <ele>28.9</ele>
      </trkpt>
      <trkpt lat="41.116355" lon="1.247318">
        <ele>26.9</ele>
      </trkpt>
      <trkpt lat="41.11653" lon="1.246951">
        <ele>25.4</ele>
      </trkpt>
      <trkpt lat="41.116419" lon="1.24656">
        <ele>24.5</ele>
      </trkpt>
      <trkpt lat="41.116715" lon="1.246428">
        <ele>23.6</ele>
      </trkpt>
      <trkpt lat="41.117011" lon="1.246296">
        <ele>23.1</ele>
      </trkpt>
      <trkpt lat="41.117023" lon="1.246291">
        <ele>23.1</ele>
        <name>Avinguda Prat de la Riba, Tarragona, Tarragonès</name>
        <extensions>
          <oa:Extension>
            <oa:mapZoom>18</oa:mapZoom>
          </oa:Extension>
        </extensions>
      </trkpt>
      <trkpt lat="41.117307" lon="1.246165">
        <ele>22.6</ele>
      </trkpt>
      <trkpt lat="41.117435" lon="1.246107">
        <ele>22.6</ele>
      </trkpt>
      <trkpt lat="41.117749" lon="1.245961">
        <ele>22.6</ele>
      </trkpt>
      <trkpt lat="41.118062" lon="1.245814">
        <ele>22.8</ele>
      </trkpt>
      <trkpt lat="41.118376" lon="1.245667">
        <ele>23.1</ele>
      </trkpt>
      <trkpt lat="41.118357" lon="1.245589">
        <ele>23.2</ele>
      </trkpt>
      <trkpt lat="41.118431" lon="1.245553">
        <ele>23.3</ele>
      </trkpt>
      <trkpt lat="41.118423" lon="1.245431">
        <ele>23.6</ele>
      </trkpt>
      <trkpt lat="41.118423" lon="1.245363">
        <ele>23.5</ele>
      </trkpt>
      <trkpt lat="41.118422" lon="1.245296">
        <ele>23.4</ele>
      </trkpt>
      <trkpt lat="41.118431" lon="1.245209">
        <ele>23.1</ele>
      </trkpt>
      <trkpt lat="41.118433" lon="1.24519">
        <ele>23.0</ele>
      </trkpt>
      <trkpt lat="41.118438" lon="1.245172">
        <ele>22.9</ele>
      </trkpt>
      <trkpt lat="41.118458" lon="1.245098">
        <ele>22.9</ele>
      </trkpt>
      <trkpt lat="41.118462" lon="1.245082">
        <ele>22.9</ele>
      </trkpt>
      <trkpt lat="41.118474" lon="1.245035">
        <ele>22.9</ele>
      </trkpt>
      <trkpt lat="41.118485" lon="1.245015">
        <ele>22.9</ele>
      </trkpt>
      <trkpt lat="41.118565" lon="1.244867">
        <ele>23.2</ele>
      </trkpt>
      <trkpt lat="41.118598" lon="1.244822">
        <ele>23.3</ele>
      </trkpt>
      <trkpt lat="41.118656" lon="1.244741">
        <ele>23.2</ele>
      </trkpt>
      <trkpt lat="41.118733" lon="1.244668">
        <ele>23.1</ele>
      </trkpt>
      <trkpt lat="41.118752" lon="1.244653">
        <ele>23.0</ele>
      </trkpt>
      <trkpt lat="41.118766" lon="1.244641">
        <ele>23.0</ele>
      </trkpt>
      <trkpt lat="41.118825" lon="1.244639">
        <ele>22.9</ele>
      </trkpt>
      <trkpt lat="41.11892" lon="1.244637">
        <ele>23.2</ele>
      </trkpt>
      <trkpt lat="41.118994" lon="1.244606">
        <ele>23.1</ele>
      </trkpt>
      <trkpt lat="41.119076" lon="1.244573">
        <ele>23.3</ele>
      </trkpt>
      <trkpt lat="41.119269" lon="1.244508">
        <ele>23.6</ele>
      </trkpt>
      <trkpt lat="41.119447" lon="1.244134">
        <ele>23.6</ele>
      </trkpt>
      <trkpt lat="41.119444" lon="1.2441">
        <ele>23.6</ele>
      </trkpt>
      <trkpt lat="41.119468" lon="1.244057">
        <ele>23.6</ele>
      </trkpt>
      <trkpt lat="41.11948" lon="1.244034">
        <ele>23.6</ele>
      </trkpt>
      <trkpt lat="41.119499" lon="1.243998">
        <ele>23.5</ele>
      </trkpt>
      <trkpt lat="41.119517" lon="1.243966">
        <ele>23.5</ele>
      </trkpt>
      <trkpt lat="41.119546" lon="1.243915">
        <ele>23.7</ele>
      </trkpt>
      <trkpt lat="41.119575" lon="1.243886">
        <ele>23.8</ele>
      </trkpt>
      <trkpt lat="41.11974" lon="1.24354">
        <ele>24.1</ele>
        <name>Sant Pau, Tarragona, Tarragonès</name>
        <extensions>
          <oa:Extension>
            <oa:mapZoom>17</oa:mapZoom>
          </oa:Extension>
        </extensions>
      </trkpt>
      <trkpt lat="41.119763" lon="1.243491">
        <ele>24.1</ele>
      </trkpt>
      <trkpt lat="41.11995" lon="1.243097">
        <ele>24.5</ele>
      </trkpt>
      <trkpt lat="41.119984" lon="1.243128">
        <ele>24.5</ele>
      </trkpt>
      <trkpt lat="41.120049" lon="1.242992">
        <ele>24.8</ele>
      </trkpt>
      <trkpt lat="41.1201" lon="1.24288">
        <ele>24.5</ele>
      </trkpt>
      <trkpt lat="41.120287" lon="1.2425">
        <ele>26.2</ele>
      </trkpt>
      <trkpt lat="41.120314" lon="1.242445">
        <ele>26.4</ele>
      </trkpt>
      <trkpt lat="41.12037" lon="1.24233">
        <ele>26.8</ele>
      </trkpt>
      <trkpt lat="41.120584" lon="1.241881">
        <ele>28.3</ele>
      </trkpt>
      <trkpt lat="41.120622" lon="1.241801">
        <ele>28.4</ele>
      </trkpt>
      <trkpt lat="41.120832" lon="1.241361">
        <ele>29.6</ele>
      </trkpt>
      <trkpt lat="41.12085" lon="1.241324">
        <ele>29.7</ele>
      </trkpt>
      <trkpt lat="41.120929" lon="1.241159">
        <ele>30.2</ele>
      </trkpt>
      <trkpt lat="41.120981" lon="1.241115">
        <ele>30.2</ele>
      </trkpt>
      <trkpt lat="41.120969" lon="1.241053">
        <ele>30.2</ele>
      </trkpt>
      <trkpt lat="41.12097" lon="1.240988">
        <ele>30.3</ele>
      </trkpt>
      <trkpt lat="41.120983" lon="1.240926">
        <ele>30.2</ele>
      </trkpt>
      <trkpt lat="41.121007" lon="1.24087">
        <ele>30.1</ele>
      </trkpt>
      <trkpt lat="41.121042" lon="1.240823">
        <ele>30.1</ele>
      </trkpt>
      <trkpt lat="41.121085" lon="1.24079">
        <ele>30.2</ele>
      </trkpt>
      <trkpt lat="41.121133" lon="1.240773">
        <ele>30.1</ele>
      </trkpt>
      <trkpt lat="41.121176" lon="1.240654">
        <ele>30.2</ele>
      </trkpt>
      <trkpt lat="41.121198" lon="1.240609">
        <ele>30.1</ele>
      </trkpt>
      <trkpt lat="41.121282" lon="1.240435">
        <ele>29.7</ele>
      </trkpt>
      <trkpt lat="41.121423" lon="1.240149">
        <ele>28.8</ele>
      </trkpt>
      <trkpt lat="41.121563" lon="1.239862">
        <ele>27.5</ele>
      </trkpt>
      <trkpt lat="41.121667" lon="1.239639">
        <ele>26.4</ele>
      </trkpt>
      <trkpt lat="41.121743" lon="1.239476">
        <ele>25.6</ele>
      </trkpt>
      <trkpt lat="41.12179" lon="1.239377">
        <ele>25.1</ele>
      </trkpt>
      <trkpt lat="41.121918" lon="1.239109">
        <ele>23.9</ele>
      </trkpt>
      <trkpt lat="41.122047" lon="1.238841">
        <ele>22.7</ele>
      </trkpt>
      <trkpt lat="41.122233" lon="1.238452">
        <ele>20.8</ele>
      </trkpt>
      <trkpt lat="41.1224" lon="1.238104">
        <ele>19.3</ele>
      </trkpt>
      <trkpt lat="41.122567" lon="1.237755">
        <ele>17.6</ele>
      </trkpt>
      <trkpt lat="41.122734" lon="1.237407">
        <ele>16.2</ele>
      </trkpt>
      <trkpt lat="41.122751" lon="1.237357">
        <ele>16.1</ele>
      </trkpt>
      <trkpt lat="41.122822" lon="1.237153">
        <ele>15.6</ele>
      </trkpt>
      <trkpt lat="41.122808" lon="1.237101">
        <ele>15.4</ele>
      </trkpt>
      <trkpt lat="41.1228" lon="1.237048">
        <ele>15.3</ele>
      </trkpt>
      <trkpt lat="41.122797" lon="1.236996">
        <ele>15.3</ele>
      </trkpt>
      <trkpt lat="41.122801" lon="1.236938">
        <ele>15.2</ele>
      </trkpt>
      <trkpt lat="41.122805" lon="1.236912">
        <ele>15.2</ele>
      </trkpt>
      <trkpt lat="41.122815" lon="1.236867">
        <ele>15.2</ele>
      </trkpt>
      <trkpt lat="41.122833" lon="1.236816">
        <ele>15.1</ele>
      </trkpt>
      <trkpt lat="41.122844" lon="1.236792">
        <ele>15.1</ele>
      </trkpt>
      <trkpt lat="41.122656" lon="1.236616">
        <ele>14.5</ele>
      </trkpt>
      <trkpt lat="41.122469" lon="1.23644">
        <ele>13.6</ele>
      </trkpt>
      <trkpt lat="41.122142" lon="1.236154">
        <ele>12.4</ele>
      </trkpt>
      <trkpt lat="41.121815" lon="1.235868">
        <ele>12.2</ele>
      </trkpt>
      <trkpt lat="41.121873" lon="1.235734">
        <ele>12.3</ele>
      </trkpt>
      <trkpt lat="41.121602" lon="1.235459">
        <ele>13.2</ele>
      </trkpt>
      <trkpt lat="41.121589" lon="1.235446">
        <ele>13.3</ele>
      </trkpt>
      <trkpt lat="41.121694" lon="1.235351">
        <ele>13.2</ele>
      </trkpt>
      <trkpt lat="41.121771" lon="1.235264">
        <ele>13.8</ele>
      </trkpt>
      <trkpt lat="41.121842" lon="1.235164">
        <ele>14.3</ele>
      </trkpt>
      <trkpt lat="41.121884" lon="1.235059">
        <ele>14.6</ele>
      </trkpt>
      <trkpt lat="41.121929" lon="1.235014">
        <ele>14.6</ele>
      </trkpt>
      <trkpt lat="41.122049" lon="1.234893">
        <ele>14.7</ele>
      </trkpt>
      <trkpt lat="41.122098" lon="1.234844">
        <ele>15.0</ele>
      </trkpt>
      <trkpt lat="41.12219" lon="1.234783">
        <ele>15.1</ele>
      </trkpt>
      <trkpt lat="41.122016" lon="1.234827">
        <ele>13.9</ele>
      </trkpt>
      <trkpt lat="41.121926" lon="1.234873">
        <ele>12.8</ele>
      </trkpt>
      <trkpt lat="41.121794" lon="1.234967">
        <ele>10.7</ele>
      </trkpt>
      <trkpt lat="41.121669" lon="1.235053">
        <ele>9.7</ele>
      </trkpt>
      <trkpt lat="41.121566" lon="1.235118">
        <ele>8.7</ele>
      </trkpt>
      <trkpt lat="41.121446" lon="1.235137">
        <ele>7.6</ele>
      </trkpt>
      <trkpt lat="41.121314" lon="1.235168">
        <ele>7.2</ele>
      </trkpt>
      <trkpt lat="41.121458" lon="1.234907">
        <ele>7.2</ele>
      </trkpt>
      <trkpt lat="41.121556" lon="1.234798">
        <ele>7.2</ele>
      </trkpt>
      <trkpt lat="41.12168" lon="1.2347">
        <ele>7.2</ele>
      </trkpt>
      <trkpt lat="41.121749" lon="1.234616">
        <ele>7.3</ele>
      </trkpt>
      <trkpt lat="41.12189" lon="1.234489">
        <ele>7.6</ele>
      </trkpt>
      <trkpt lat="41.121965" lon="1.234446">
        <ele>7.7</ele>
      </trkpt>
      <trkpt lat="41.122044" lon="1.234428">
        <ele>7.6</ele>
      </trkpt>
      <trkpt lat="41.122186" lon="1.234389">
        <ele>7.7</ele>
      </trkpt>
      <trkpt lat="41.122307" lon="1.234342">
        <ele>7.9</ele>
      </trkpt>
      <trkpt lat="41.122396" lon="1.23429">
        <ele>8.2</ele>
        <name>Tarragona, Tarragonès</name>
        <extensions>
          <oa:Extension>
            <oa:mapZoom>15</oa:mapZoom>
          </oa:Extension>
        </extensions>
      </trkpt>
      <trkpt lat="41.122307" lon="1.234342">
        <ele>7.9</ele>
      </trkpt>
      <trkpt lat="41.122186" lon="1.234389">
        <ele>7.7</ele>
      </trkpt>
      <trkpt lat="41.122044" lon="1.234428">
        <ele>7.6</ele>
      </trkpt>
      <trkpt lat="41.121965" lon="1.234446">
        <ele>7.7</ele>
      </trkpt>
      <trkpt lat="41.12189" lon="1.234489">
        <ele>7.6</ele>
      </trkpt>
      <trkpt lat="41.121749" lon="1.234616">
        <ele>7.3</ele>
      </trkpt>
      <trkpt lat="41.121626" lon="1.234379">
        <ele>6.4</ele>
      </trkpt>
      <trkpt lat="41.12155" lon="1.234017">
        <ele>7.4</ele>
      </trkpt>
      <trkpt lat="41.121504" lon="1.233483">
        <ele>9.2</ele>
      </trkpt>
      <trkpt lat="41.121596" lon="1.233402">
        <ele>9.3</ele>
      </trkpt>
      <trkpt lat="41.121693" lon="1.233271">
        <ele>9.4</ele>
      </trkpt>
      <trkpt lat="41.121745" lon="1.233198">
        <ele>9.4</ele>
      </trkpt>
      <trkpt lat="41.121828" lon="1.23318">
        <ele>9.2</ele>
      </trkpt>
      <trkpt lat="41.121896" lon="1.233129">
        <ele>9.3</ele>
      </trkpt>
      <trkpt lat="41.122" lon="1.233001">
        <ele>9.6</ele>
      </trkpt>
      <trkpt lat="41.122109" lon="1.232875">
        <ele>10.2</ele>
      </trkpt>
      <trkpt lat="41.12222" lon="1.232775">
        <ele>10.5</ele>
      </trkpt>
      <trkpt lat="41.1223" lon="1.232678">
        <ele>10.7</ele>
      </trkpt>
      <trkpt lat="41.122383" lon="1.232587">
        <ele>10.8</ele>
      </trkpt>
      <trkpt lat="41.122414" lon="1.232438">
        <ele>11.1</ele>
      </trkpt>
      <trkpt lat="41.122588" lon="1.23232">
        <ele>11.2</ele>
      </trkpt>
      <trkpt lat="41.122891" lon="1.232177">
        <ele>11.0</ele>
      </trkpt>
      <trkpt lat="41.123258" lon="1.231996">
        <ele>11.3</ele>
      </trkpt>
      <trkpt lat="41.123479" lon="1.231889">
        <ele>11.3</ele>
      </trkpt>
      <trkpt lat="41.123805" lon="1.231772">
        <ele>11.3</ele>
      </trkpt>
      <trkpt lat="41.124101" lon="1.231615">
        <ele>11.3</ele>
      </trkpt>
      <trkpt lat="41.124397" lon="1.231457">
        <ele>11.5</ele>
      </trkpt>
      <trkpt lat="41.124636" lon="1.231358">
        <ele>11.6</ele>
      </trkpt>
      <trkpt lat="41.124874" lon="1.231259">
        <ele>11.4</ele>
      </trkpt>
      <trkpt lat="41.125118" lon="1.231118">
        <ele>11.0</ele>
      </trkpt>
      <trkpt lat="41.125297" lon="1.231033">
        <ele>10.8</ele>
      </trkpt>
      <trkpt lat="41.125409" lon="1.230989">
        <ele>10.9</ele>
      </trkpt>
      <trkpt lat="41.125513" lon="1.230917">
        <ele>11.1</ele>
      </trkpt>
      <trkpt lat="41.125593" lon="1.230864">
        <ele>11.1</ele>
      </trkpt>
      <trkpt lat="41.125666" lon="1.230842">
        <ele>11.2</ele>
      </trkpt>
      <trkpt lat="41.125737" lon="1.230839">
        <ele>11.2</ele>
      </trkpt>
      <trkpt lat="41.125905" lon="1.230855">
        <ele>11.0</ele>
      </trkpt>
      <trkpt lat="41.126089" lon="1.230855">
        <ele>11.0</ele>
      </trkpt>
      <trkpt lat="41.126158" lon="1.23087">
        <ele>11.1</ele>
      </trkpt>
      <trkpt lat="41.126244" lon="1.230859">
        <ele>11.0</ele>
      </trkpt>
      <trkpt lat="41.126415" lon="1.230846">
        <ele>11.2</ele>
      </trkpt>
      <trkpt lat="41.126516" lon="1.230844">
        <ele>11.5</ele>
      </trkpt>
      <trkpt lat="41.126646" lon="1.230843">
        <ele>11.5</ele>
      </trkpt>
      <trkpt lat="41.12669" lon="1.23088">
        <ele>11.4</ele>
      </trkpt>
      <trkpt lat="41.126784" lon="1.230895">
        <ele>11.3</ele>
      </trkpt>
      <trkpt lat="41.127078" lon="1.230883">
        <ele>11.5</ele>
      </trkpt>
      <trkpt lat="41.127327" lon="1.230904">
        <ele>11.6</ele>
      </trkpt>
      <trkpt lat="41.127559" lon="1.230913">
        <ele>11.5</ele>
      </trkpt>
      <trkpt lat="41.127906" lon="1.230904">
        <ele>11.6</ele>
      </trkpt>
      <trkpt lat="41.128159" lon="1.230899">
        <ele>12.0</ele>
      </trkpt>
      <trkpt lat="41.128412" lon="1.230895">
        <ele>12.1</ele>
      </trkpt>
      <trkpt lat="41.12862" lon="1.230899">
        <ele>12.3</ele>
      </trkpt>
      <trkpt lat="41.128732" lon="1.230901">
        <ele>12.5</ele>
      </trkpt>
      <trkpt lat="41.129047" lon="1.230916">
        <ele>12.9</ele>
      </trkpt>
      <trkpt lat="41.129144" lon="1.230929">
        <ele>13.4</ele>
      </trkpt>
      <trkpt lat="41.129265" lon="1.230938">
        <ele>13.8</ele>
      </trkpt>
      <trkpt lat="41.129406" lon="1.230965">
        <ele>14.5</ele>
      </trkpt>
      <trkpt lat="41.129514" lon="1.231014">
        <ele>14.8</ele>
      </trkpt>
      <trkpt lat="41.129661" lon="1.231093">
        <ele>15.2</ele>
      </trkpt>
      <trkpt lat="41.129716" lon="1.231121">
        <ele>15.3</ele>
      </trkpt>
      <trkpt lat="41.129774" lon="1.231118">
        <ele>15.6</ele>
      </trkpt>
      <trkpt lat="41.129829" lon="1.231096">
        <ele>15.8</ele>
      </trkpt>
      <trkpt lat="41.129861" lon="1.231057">
        <ele>15.8</ele>
      </trkpt>
      <trkpt lat="41.129971" lon="1.231099">
        <ele>16.0</ele>
      </trkpt>
      <trkpt lat="41.130131" lon="1.231108">
        <ele>16.3</ele>
      </trkpt>
      <trkpt lat="41.130291" lon="1.231107">
        <ele>16.4</ele>
      </trkpt>
      <trkpt lat="41.130436" lon="1.231114">
        <ele>16.3</ele>
      </trkpt>
      <trkpt lat="41.130547" lon="1.231158">
        <ele>16.3</ele>
      </trkpt>
      <trkpt lat="41.130649" lon="1.231189">
        <ele>16.4</ele>
      </trkpt>
      <trkpt lat="41.130758" lon="1.23123">
        <ele>16.5</ele>
      </trkpt>
      <trkpt lat="41.130919" lon="1.231286">
        <ele>16.6</ele>
      </trkpt>
      <trkpt lat="41.131149" lon="1.231319">
        <ele>16.8</ele>
      </trkpt>
      <trkpt lat="41.13122" lon="1.231344">
        <ele>17.0</ele>
      </trkpt>
      <trkpt lat="41.131317" lon="1.231365">
        <ele>17.1</ele>
      </trkpt>
      <trkpt lat="41.131724" lon="1.231395">
        <ele>17.4</ele>
      </trkpt>
      <trkpt lat="41.132038" lon="1.231458">
        <ele>17.7</ele>
      </trkpt>
      <trkpt lat="41.13229" lon="1.231554">
        <ele>17.9</ele>
      </trkpt>
      <trkpt lat="41.13255" lon="1.231615">
        <ele>18.3</ele>
      </trkpt>
      <trkpt lat="41.132862" lon="1.23167">
        <ele>18.6</ele>
      </trkpt>
      <trkpt lat="41.133105" lon="1.231721">
        <ele>18.7</ele>
      </trkpt>
      <trkpt lat="41.133348" lon="1.231771">
        <ele>18.9</ele>
      </trkpt>
      <trkpt lat="41.133589" lon="1.231815">
        <ele>18.7</ele>
      </trkpt>
      <trkpt lat="41.133831" lon="1.23186">
        <ele>18.8</ele>
      </trkpt>
      <trkpt lat="41.134072" lon="1.231901">
        <ele>18.8</ele>
      </trkpt>
      <trkpt lat="41.134314" lon="1.231942">
        <ele>18.9</ele>
      </trkpt>
      <trkpt lat="41.134504" lon="1.231982">
        <ele>18.9</ele>
      </trkpt>
      <trkpt lat="41.134746" lon="1.232032">
        <ele>19.0</ele>
      </trkpt>
      <trkpt lat="41.134987" lon="1.232083">
        <ele>19.0</ele>
      </trkpt>
      <trkpt lat="41.135315" lon="1.23215">
        <ele>19.2</ele>
      </trkpt>
      <trkpt lat="41.135643" lon="1.232217">
        <ele>19.2</ele>
      </trkpt>
      <trkpt lat="41.135844" lon="1.232258">
        <ele>19.3</ele>
      </trkpt>
      <trkpt lat="41.135869" lon="1.232284">
        <ele>19.2</ele>
      </trkpt>
      <trkpt lat="41.135946" lon="1.232345">
        <ele>19.0</ele>
      </trkpt>
      <trkpt lat="41.136041" lon="1.232382">
        <ele>18.9</ele>
      </trkpt>
      <trkpt lat="41.136188" lon="1.232428">
        <ele>19.0</ele>
      </trkpt>
      <trkpt lat="41.136577" lon="1.232532">
        <ele>18.8</ele>
      </trkpt>
      <trkpt lat="41.136957" lon="1.232645">
        <ele>18.9</ele>
      </trkpt>
      <trkpt lat="41.137336" lon="1.232759">
        <ele>19.1</ele>
      </trkpt>
      <trkpt lat="41.137681" lon="1.232901">
        <ele>19.3</ele>
      </trkpt>
      <trkpt lat="41.138026" lon="1.233042">
        <ele>19.3</ele>
      </trkpt>
      <trkpt lat="41.138371" lon="1.233184">
        <ele>19.8</ele>
      </trkpt>
      <trkpt lat="41.138676" lon="1.23331">
        <ele>20.4</ele>
      </trkpt>
      <trkpt lat="41.138981" lon="1.233435">
        <ele>20.7</ele>
      </trkpt>
      <trkpt lat="41.13925" lon="1.233558">
        <ele>21.1</ele>
      </trkpt>
      <trkpt lat="41.139518" lon="1.233681">
        <ele>20.9</ele>
      </trkpt>
      <trkpt lat="41.1399" lon="1.233939">
        <ele>20.4</ele>
      </trkpt>
      <trkpt lat="41.140281" lon="1.234198">
        <ele>20.6</ele>
      </trkpt>
      <trkpt lat="41.140337" lon="1.234236">
        <ele>20.8</ele>
      </trkpt>
      <trkpt lat="41.140598" lon="1.234384">
        <ele>20.6</ele>
      </trkpt>
      <trkpt lat="41.140858" lon="1.234532">
        <ele>20.5</ele>
      </trkpt>
      <trkpt lat="41.141122" lon="1.234698">
        <ele>20.7</ele>
      </trkpt>
      <trkpt lat="41.141385" lon="1.234864">
        <ele>20.9</ele>
      </trkpt>
      <trkpt lat="41.141591" lon="1.235027">
        <ele>21.3</ele>
      </trkpt>
      <trkpt lat="41.141875" lon="1.23523">
        <ele>21.4</ele>
      </trkpt>
      <trkpt lat="41.14216" lon="1.235432">
        <ele>21.5</ele>
      </trkpt>
      <trkpt lat="41.142434" lon="1.235613">
        <ele>21.8</ele>
      </trkpt>
      <trkpt lat="41.142708" lon="1.235793">
        <ele>22.2</ele>
      </trkpt>
      <trkpt lat="41.142982" lon="1.235974">
        <ele>22.4</ele>
      </trkpt>
      <trkpt lat="41.143221" lon="1.236137">
        <ele>22.6</ele>
      </trkpt>
      <trkpt lat="41.143461" lon="1.2363">
        <ele>22.8</ele>
      </trkpt>
      <trkpt lat="41.143595" lon="1.236392">
        <ele>22.8</ele>
      </trkpt>
      <trkpt lat="41.143984" lon="1.236496">
        <ele>23.2</ele>
      </trkpt>
      <trkpt lat="41.144374" lon="1.236601">
        <ele>23.7</ele>
      </trkpt>
      <trkpt lat="41.144763" lon="1.236705">
        <ele>24.5</ele>
      </trkpt>
      <trkpt lat="41.145143" lon="1.236684">
        <ele>25.1</ele>
      </trkpt>
      <trkpt lat="41.145482" lon="1.236615">
        <ele>25.7</ele>
      </trkpt>
      <trkpt lat="41.145822" lon="1.236546">
        <ele>26.4</ele>
      </trkpt>
      <trkpt lat="41.145817" lon="1.236356">
        <ele>26.4</ele>
      </trkpt>
      <trkpt lat="41.1459" lon="1.235898">
        <ele>27.3</ele>
      </trkpt>
      <trkpt lat="41.145983" lon="1.23544">
        <ele>33.0</ele>
      </trkpt>
      <trkpt lat="41.146046" lon="1.235261">
        <ele>35.2</ele>
      </trkpt>
      <trkpt lat="41.14613" lon="1.235135">
        <ele>36.6</ele>
      </trkpt>
      <trkpt lat="41.14631" lon="1.234888">
        <ele>36.8</ele>
      </trkpt>
      <trkpt lat="41.146536" lon="1.234461">
        <ele>38.1</ele>
      </trkpt>
      <trkpt lat="41.146629" lon="1.234173">
        <ele>40.0</ele>
      </trkpt>
      <trkpt lat="41.14668" lon="1.233796">
        <ele>43.1</ele>
      </trkpt>
      <trkpt lat="41.146614" lon="1.233371">
        <ele>44.5</ele>
      </trkpt>
      <trkpt lat="41.146976" lon="1.233116">
        <ele>41.1</ele>
      </trkpt>
      <trkpt lat="41.147034" lon="1.232993">
        <ele>41.2</ele>
      </trkpt>
      <trkpt lat="41.147102" lon="1.232771">
        <ele>41.4</ele>
      </trkpt>
      <trkpt lat="41.147193" lon="1.232675">
        <ele>41.4</ele>
      </trkpt>
      <trkpt lat="41.147392" lon="1.232597">
        <ele>41.2</ele>
      </trkpt>
      <trkpt lat="41.147424" lon="1.232538">
        <ele>41.1</ele>
      </trkpt>
      <trkpt lat="41.147429" lon="1.232456">
        <ele>41.0</ele>
      </trkpt>
      <trkpt lat="41.147379" lon="1.232358">
        <ele>41.1</ele>
      </trkpt>
      <trkpt lat="41.147229" lon="1.232134">
        <ele>41.4</ele>
      </trkpt>
      <trkpt lat="41.147079" lon="1.23191">
        <ele>41.6</ele>
      </trkpt>
      <trkpt lat="41.147028" lon="1.231813">
        <ele>41.6</ele>
      </trkpt>
      <trkpt lat="41.14692" lon="1.231328">
        <ele>41.6</ele>
      </trkpt>
      <trkpt lat="41.146866" lon="1.231355">
        <ele>41.6</ele>
      </trkpt>
      <trkpt lat="41.14671" lon="1.231363">
        <ele>41.8</ele>
      </trkpt>
      <trkpt lat="41.146599" lon="1.231437">
        <ele>41.9</ele>
      </trkpt>
      <trkpt lat="41.146359" lon="1.231637">
        <ele>42.0</ele>
      </trkpt>
      <trkpt lat="41.146192" lon="1.231749">
        <ele>42.1</ele>
      </trkpt>
      <trkpt lat="41.146034" lon="1.231978">
        <ele>42.0</ele>
      </trkpt>
      <trkpt lat="41.145944" lon="1.232078">
        <ele>43.8</ele>
      </trkpt>
      <trkpt lat="41.145861" lon="1.232125">
        <ele>44.5</ele>
      </trkpt>
      <trkpt lat="41.145783" lon="1.232119">
        <ele>45.4</ele>
      </trkpt>
      <trkpt lat="41.145756" lon="1.231699">
        <ele>44.2</ele>
      </trkpt>
      <trkpt lat="41.145728" lon="1.231278">
        <ele>44.0</ele>
      </trkpt>
      <trkpt lat="41.145701" lon="1.230858">
        <ele>44.4</ele>
      </trkpt>
      <trkpt lat="41.145677" lon="1.230446">
        <ele>44.4</ele>
      </trkpt>
      <trkpt lat="41.145654" lon="1.230034">
        <ele>44.3</ele>
      </trkpt>
      <trkpt lat="41.145643" lon="1.229505">
        <ele>43.6</ele>
      </trkpt>
      <trkpt lat="41.145626" lon="1.229035">
        <ele>43.2</ele>
      </trkpt>
      <trkpt lat="41.14561" lon="1.228566">
        <ele>42.7</ele>
      </trkpt>
      <trkpt lat="41.145666" lon="1.228325">
        <ele>42.5</ele>
      </trkpt>
      <trkpt lat="41.145971" lon="1.228271">
        <ele>42.0</ele>
      </trkpt>
      <trkpt lat="41.146277" lon="1.228218">
        <ele>41.8</ele>
      </trkpt>
      <trkpt lat="41.146659" lon="1.228148">
        <ele>42.3</ele>
      </trkpt>
      <trkpt lat="41.146884" lon="1.228118">
        <ele>41.9</ele>
      </trkpt>
      <trkpt lat="41.146891" lon="1.228032">
        <ele>42.3</ele>
      </trkpt>
      <trkpt lat="41.146808" lon="1.22791">
        <ele>43.2</ele>
      </trkpt>
      <trkpt lat="41.146456" lon="1.227924">
        <ele>43.6</ele>
      </trkpt>
      <trkpt lat="41.146108" lon="1.227867">
        <ele>44.0</ele>
      </trkpt>
      <trkpt lat="41.145663" lon="1.227817">
        <ele>44.3</ele>
      </trkpt>
      <trkpt lat="41.145582" lon="1.22774">
        <ele>45.0</ele>
      </trkpt>
      <trkpt lat="41.145545" lon="1.227404">
        <ele>46.2</ele>
      </trkpt>
      <trkpt lat="41.145507" lon="1.227068">
        <ele>47.3</ele>
      </trkpt>
      <trkpt lat="41.14555" lon="1.226572">
        <ele>49.2</ele>
      </trkpt>
      <trkpt lat="41.145577" lon="1.226259">
        <ele>49.9</ele>
      </trkpt>
      <trkpt lat="41.14561" lon="1.225668">
        <ele>50.3</ele>
      </trkpt>
      <trkpt lat="41.145572" lon="1.225195">
        <ele>50.5</ele>
      </trkpt>
      <trkpt lat="41.145535" lon="1.224722">
        <ele>50.2</ele>
      </trkpt>
      <trkpt lat="41.14557" lon="1.224366">
        <ele>50.0</ele>
      </trkpt>
      <trkpt lat="41.145605" lon="1.22401">
        <ele>49.9</ele>
      </trkpt>
      <trkpt lat="41.1456" lon="1.223782">
        <ele>49.2</ele>
      </trkpt>
      <trkpt lat="41.145598" lon="1.223693">
        <ele>49.0</ele>
      </trkpt>
      <trkpt lat="41.145549" lon="1.223187">
        <ele>48.8</ele>
      </trkpt>
      <trkpt lat="41.145545" lon="1.223145">
        <ele>48.8</ele>
        <name>Constantí, Tarragonès</name>
        <extensions>
          <oa:Extension>
            <oa:mapZoom>15</oa:mapZoom>
          </oa:Extension>
        </extensions>
      </trkpt>
      <trkpt lat="41.145501" lon="1.22268">
        <ele>48.7</ele>
      </trkpt>
      <trkpt lat="41.145453" lon="1.222174">
        <ele>47.8</ele>
      </trkpt>
      <trkpt lat="41.145477" lon="1.221761">
        <ele>49.5</ele>
      </trkpt>
      <trkpt lat="41.145634" lon="1.221411">
        <ele>51.0</ele>
      </trkpt>
      <trkpt lat="41.1455" lon="1.221117">
        <ele>52.4</ele>
      </trkpt>
      <trkpt lat="41.145367" lon="1.220822">
        <ele>53.7</ele>
      </trkpt>
      <trkpt lat="41.145245" lon="1.220367">
        <ele>55.4</ele>
      </trkpt>
      <trkpt lat="41.145123" lon="1.219913">
        <ele>56.6</ele>
      </trkpt>
      <trkpt lat="41.145041" lon="1.219468">
        <ele>57.5</ele>
      </trkpt>
      <trkpt lat="41.145312" lon="1.219222">
        <ele>58.6</ele>
      </trkpt>
      <trkpt lat="41.145583" lon="1.218975">
        <ele>59.6</ele>
      </trkpt>
      <trkpt lat="41.14591" lon="1.218701">
        <ele>60.8</ele>
      </trkpt>
      <trkpt lat="41.146237" lon="1.218428">
        <ele>61.8</ele>
      </trkpt>
      <trkpt lat="41.146564" lon="1.218155">
        <ele>62.6</ele>
      </trkpt>
      <trkpt lat="41.146675" lon="1.218142">
        <ele>62.8</ele>
      </trkpt>
      <trkpt lat="41.146772" lon="1.218139">
        <ele>63.0</ele>
      </trkpt>
      <trkpt lat="41.146847" lon="1.218185">
        <ele>63.3</ele>
      </trkpt>
      <trkpt lat="41.146938" lon="1.218178">
        <ele>63.5</ele>
      </trkpt>
      <trkpt lat="41.14701" lon="1.21812">
        <ele>63.7</ele>
      </trkpt>
      <trkpt lat="41.14705" lon="1.218045">
        <ele>64.0</ele>
      </trkpt>
      <trkpt lat="41.147192" lon="1.21799">
        <ele>64.2</ele>
      </trkpt>
      <trkpt lat="41.147354" lon="1.217956">
        <ele>64.6</ele>
      </trkpt>
      <trkpt lat="41.1476" lon="1.217868">
        <ele>65.1</ele>
      </trkpt>
      <trkpt lat="41.14776" lon="1.217803">
        <ele>65.3</ele>
      </trkpt>
      <trkpt lat="41.148107" lon="1.217664">
        <ele>65.6</ele>
      </trkpt>
      <trkpt lat="41.148453" lon="1.217526">
        <ele>65.7</ele>
      </trkpt>
      <trkpt lat="41.148757" lon="1.217404">
        <ele>66.0</ele>
      </trkpt>
      <trkpt lat="41.14917" lon="1.217224">
        <ele>66.5</ele>
      </trkpt>
      <trkpt lat="41.149177" lon="1.217222">
        <ele>66.5</ele>
      </trkpt>
      <trkpt lat="41.149515" lon="1.217075">
        <ele>67.1</ele>
      </trkpt>
      <trkpt lat="41.149901" lon="1.216916">
        <ele>68.0</ele>
      </trkpt>
      <trkpt lat="41.150288" lon="1.216758">
        <ele>69.0</ele>
      </trkpt>
      <trkpt lat="41.150587" lon="1.216632">
        <ele>69.7</ele>
      </trkpt>
      <trkpt lat="41.150886" lon="1.216505">
        <ele>70.3</ele>
      </trkpt>
      <trkpt lat="41.151186" lon="1.216379">
        <ele>70.8</ele>
      </trkpt>
      <trkpt lat="41.151451" lon="1.216277">
        <ele>70.8</ele>
      </trkpt>
      <trkpt lat="41.151631" lon="1.216068">
        <ele>70.4</ele>
      </trkpt>
      <trkpt lat="41.151741" lon="1.215899">
        <ele>70.1</ele>
      </trkpt>
      <trkpt lat="41.15193" lon="1.215607">
        <ele>69.2</ele>
      </trkpt>
      <trkpt lat="41.152119" lon="1.215314">
        <ele>68.6</ele>
      </trkpt>
      <trkpt lat="41.152285" lon="1.215052">
        <ele>68.8</ele>
      </trkpt>
      <trkpt lat="41.152452" lon="1.214789">
        <ele>69.6</ele>
      </trkpt>
      <trkpt lat="41.152463" lon="1.214771">
        <ele>69.7</ele>
      </trkpt>
      <trkpt lat="41.152586" lon="1.214579">
        <ele>70.5</ele>
      </trkpt>
      <trkpt lat="41.152695" lon="1.214391">
        <ele>70.9</ele>
      </trkpt>
      <trkpt lat="41.15277" lon="1.214169">
        <ele>71.7</ele>
      </trkpt>
      <trkpt lat="41.15271" lon="1.214119">
        <ele>71.0</ele>
      </trkpt>
      <trkpt lat="41.152586" lon="1.214015">
        <ele>69.0</ele>
      </trkpt>
      <trkpt lat="41.152511" lon="1.213852">
        <ele>67.1</ele>
      </trkpt>
      <trkpt lat="41.152452" lon="1.213706">
        <ele>65.8</ele>
      </trkpt>
      <trkpt lat="41.152433" lon="1.21361">
        <ele>65.2</ele>
      </trkpt>
      <trkpt lat="41.152422" lon="1.213414">
        <ele>64.5</ele>
      </trkpt>
      <trkpt lat="41.152412" lon="1.213285">
        <ele>64.1</ele>
      </trkpt>
      <trkpt lat="41.15242" lon="1.213158">
        <ele>63.8</ele>
      </trkpt>
      <trkpt lat="41.152431" lon="1.212981">
        <ele>63.4</ele>
      </trkpt>
      <trkpt lat="41.152333" lon="1.212817">
        <ele>62.0</ele>
      </trkpt>
      <trkpt lat="41.152162" lon="1.212671">
        <ele>60.7</ele>
      </trkpt>
      <trkpt lat="41.152139" lon="1.212657">
        <ele>60.5</ele>
      </trkpt>
      <trkpt lat="41.152116" lon="1.212654">
        <ele>60.4</ele>
      </trkpt>
      <trkpt lat="41.152091" lon="1.212664">
        <ele>60.3</ele>
      </trkpt>
      <trkpt lat="41.152071" lon="1.212685">
        <ele>60.1</ele>
      </trkpt>
      <trkpt lat="41.151883" lon="1.212976">
        <ele>58.5</ele>
      </trkpt>
      <trkpt lat="41.151862" lon="1.213001">
        <ele>58.3</ele>
      </trkpt>
      <trkpt lat="41.151838" lon="1.213025">
        <ele>58.1</ele>
      </trkpt>
      <trkpt lat="41.151813" lon="1.21304">
        <ele>58.0</ele>
      </trkpt>
      <trkpt lat="41.151789" lon="1.213052">
        <ele>57.9</ele>
      </trkpt>
      <trkpt lat="41.151738" lon="1.213068">
        <ele>57.7</ele>
      </trkpt>
      <trkpt lat="41.151691" lon="1.213053">
        <ele>57.5</ele>
      </trkpt>
      <trkpt lat="41.151656" lon="1.213041">
        <ele>57.2</ele>
      </trkpt>
      <trkpt lat="41.151474" lon="1.212834">
        <ele>56.2</ele>
      </trkpt>
      <trkpt lat="41.151207" lon="1.212511">
        <ele>54.0</ele>
      </trkpt>
      <trkpt lat="41.151122" lon="1.212386">
        <ele>53.0</ele>
      </trkpt>
      <trkpt lat="41.150878" lon="1.21205">
        <ele>51.2</ele>
      </trkpt>
      <trkpt lat="41.150841" lon="1.212015">
        <ele>50.8</ele>
      </trkpt>
      <trkpt lat="41.150802" lon="1.211992">
        <ele>50.3</ele>
      </trkpt>
      <trkpt lat="41.15076" lon="1.211975">
        <ele>50.1</ele>
      </trkpt>
      <trkpt lat="41.150718" lon="1.211963">
        <ele>50.0</ele>
      </trkpt>
      <trkpt lat="41.15057" lon="1.211938">
        <ele>49.5</ele>
      </trkpt>
      <trkpt lat="41.150384" lon="1.211901">
        <ele>49.8</ele>
      </trkpt>
      <trkpt lat="41.150117" lon="1.211837">
        <ele>47.3</ele>
      </trkpt>
      <trkpt lat="41.149724" lon="1.21179">
        <ele>46.5</ele>
      </trkpt>
      <trkpt lat="41.149378" lon="1.211802">
        <ele>45.4</ele>
      </trkpt>
      <trkpt lat="41.149304" lon="1.21178">
        <ele>45.0</ele>
      </trkpt>
      <trkpt lat="41.14925" lon="1.211724">
        <ele>45.5</ele>
      </trkpt>
      <trkpt lat="41.148999" lon="1.211328">
        <ele>46.1</ele>
      </trkpt>
      <trkpt lat="41.148734" lon="1.210859">
        <ele>46.8</ele>
      </trkpt>
      <trkpt lat="41.148469" lon="1.21039">
        <ele>47.4</ele>
      </trkpt>
      <trkpt lat="41.148204" lon="1.209921">
        <ele>46.8</ele>
      </trkpt>
      <trkpt lat="41.147939" lon="1.209453">
        <ele>46.6</ele>
      </trkpt>
      <trkpt lat="41.147818" lon="1.209201">
        <ele>46.7</ele>
      </trkpt>
      <trkpt lat="41.147676" lon="1.208968">
        <ele>46.7</ele>
      </trkpt>
      <trkpt lat="41.147534" lon="1.208735">
        <ele>46.9</ele>
      </trkpt>
      <trkpt lat="41.147391" lon="1.208462">
        <ele>47.0</ele>
      </trkpt>
      <trkpt lat="41.147248" lon="1.20819">
        <ele>47.1</ele>
      </trkpt>
      <trkpt lat="41.147091" lon="1.207931">
        <ele>47.3</ele>
      </trkpt>
      <trkpt lat="41.146822" lon="1.207585">
        <ele>46.5</ele>
      </trkpt>
      <trkpt lat="41.146778" lon="1.20753">
        <ele>45.9</ele>
      </trkpt>
      <trkpt lat="41.146775" lon="1.207279">
        <ele>46.5</ele>
      </trkpt>
      <trkpt lat="41.146716" lon="1.20715">
        <ele>47.0</ele>
      </trkpt>
      <trkpt lat="41.146689" lon="1.207103">
        <ele>47.1</ele>
      </trkpt>
      <trkpt lat="41.146378" lon="1.206732">
        <ele>47.7</ele>
      </trkpt>
      <trkpt lat="41.146068" lon="1.206362">
        <ele>47.9</ele>
      </trkpt>
      <trkpt lat="41.145757" lon="1.205991">
        <ele>48.1</ele>
      </trkpt>
      <trkpt lat="41.145738" lon="1.205969">
        <ele>48.1</ele>
        <name>Constantí, Tarragonès</name>
        <extensions>
          <oa:Extension>
            <oa:mapZoom>15</oa:mapZoom>
          </oa:Extension>
        </extensions>
      </trkpt>
      <trkpt lat="41.145446" lon="1.20562">
        <ele>48.3</ele>
      </trkpt>
      <trkpt lat="41.145369" lon="1.205569">
        <ele>48.4</ele>
      </trkpt>
      <trkpt lat="41.145298" lon="1.205612">
        <ele>49.0</ele>
      </trkpt>
      <trkpt lat="41.145062" lon="1.205891">
        <ele>51.3</ele>
      </trkpt>
      <trkpt lat="41.144867" lon="1.206032">
        <ele>52.5</ele>
      </trkpt>
      <trkpt lat="41.144796" lon="1.206075">
        <ele>53.0</ele>
      </trkpt>
      <trkpt lat="41.144499" lon="1.206087">
        <ele>52.7</ele>
      </trkpt>
      <trkpt lat="41.144202" lon="1.206099">
        <ele>52.4</ele>
      </trkpt>
      <trkpt lat="41.14409" lon="1.206032">
        <ele>51.2</ele>
      </trkpt>
      <trkpt lat="41.144031" lon="1.205958">
        <ele>50.8</ele>
      </trkpt>
      <trkpt lat="41.143993" lon="1.205863">
        <ele>50.5</ele>
      </trkpt>
      <trkpt lat="41.143995" lon="1.205722">
        <ele>49.7</ele>
      </trkpt>
      <trkpt lat="41.144063" lon="1.205499">
        <ele>48.6</ele>
      </trkpt>
      <trkpt lat="41.144205" lon="1.20504">
        <ele>47.5</ele>
      </trkpt>
      <trkpt lat="41.144241" lon="1.204883">
        <ele>47.2</ele>
      </trkpt>
      <trkpt lat="41.144252" lon="1.204757">
        <ele>47.3</ele>
      </trkpt>
      <trkpt lat="41.144247" lon="1.20453">
        <ele>47.4</ele>
      </trkpt>
      <trkpt lat="41.144235" lon="1.204243">
        <ele>48.0</ele>
      </trkpt>
      <trkpt lat="41.144193" lon="1.204078">
        <ele>47.5</ele>
      </trkpt>
      <trkpt lat="41.144137" lon="1.20403">
        <ele>47.2</ele>
      </trkpt>
      <trkpt lat="41.144093" lon="1.203759">
        <ele>47.3</ele>
      </trkpt>
      <trkpt lat="41.144075" lon="1.203431">
        <ele>47.6</ele>
      </trkpt>
      <trkpt lat="41.144057" lon="1.203103">
        <ele>48.3</ele>
      </trkpt>
      <trkpt lat="41.144004" lon="1.202596">
        <ele>49.3</ele>
      </trkpt>
      <trkpt lat="41.143952" lon="1.202089">
        <ele>49.4</ele>
      </trkpt>
      <trkpt lat="41.143896" lon="1.201755">
        <ele>49.3</ele>
      </trkpt>
      <trkpt lat="41.14384" lon="1.201422">
        <ele>49.1</ele>
      </trkpt>
      <trkpt lat="41.143772" lon="1.200999">
        <ele>49.3</ele>
      </trkpt>
      <trkpt lat="41.143703" lon="1.200576">
        <ele>49.6</ele>
      </trkpt>
      <trkpt lat="41.143635" lon="1.200153">
        <ele>50.0</ele>
      </trkpt>
      <trkpt lat="41.143572" lon="1.199654">
        <ele>50.8</ele>
      </trkpt>
      <trkpt lat="41.143513" lon="1.199349">
        <ele>51.7</ele>
      </trkpt>
      <trkpt lat="41.143454" lon="1.199043">
        <ele>52.1</ele>
      </trkpt>
      <trkpt lat="41.143407" lon="1.198705">
        <ele>52.8</ele>
      </trkpt>
      <trkpt lat="41.143425" lon="1.198584">
        <ele>53.7</ele>
      </trkpt>
      <trkpt lat="41.143318" lon="1.198109">
        <ele>54.1</ele>
      </trkpt>
      <trkpt lat="41.143251" lon="1.197605">
        <ele>55.5</ele>
      </trkpt>
      <trkpt lat="41.143185" lon="1.197298">
        <ele>56.4</ele>
      </trkpt>
      <trkpt lat="41.143119" lon="1.196991">
        <ele>56.2</ele>
      </trkpt>
      <trkpt lat="41.143056" lon="1.196624">
        <ele>56.6</ele>
      </trkpt>
      <trkpt lat="41.142947" lon="1.196146">
        <ele>57.0</ele>
      </trkpt>
      <trkpt lat="41.142837" lon="1.195668">
        <ele>58.0</ele>
      </trkpt>
      <trkpt lat="41.142728" lon="1.195191">
        <ele>58.1</ele>
      </trkpt>
      <trkpt lat="41.142621" lon="1.194812">
        <ele>58.2</ele>
      </trkpt>
      <trkpt lat="41.142514" lon="1.194434">
        <ele>59.0</ele>
      </trkpt>
      <trkpt lat="41.142407" lon="1.194056">
        <ele>59.6</ele>
      </trkpt>
      <trkpt lat="41.142296" lon="1.193654">
        <ele>61.1</ele>
      </trkpt>
      <trkpt lat="41.142186" lon="1.193253">
        <ele>63.8</ele>
      </trkpt>
      <trkpt lat="41.142075" lon="1.192851">
        <ele>64.5</ele>
      </trkpt>
      <trkpt lat="41.14203" lon="1.192508">
        <ele>62.9</ele>
      </trkpt>
      <trkpt lat="41.141885" lon="1.19208">
        <ele>61.9</ele>
      </trkpt>
      <trkpt lat="41.141838" lon="1.191938">
        <ele>61.5</ele>
      </trkpt>
      <trkpt lat="41.141714" lon="1.191561">
        <ele>61.0</ele>
      </trkpt>
      <trkpt lat="41.141591" lon="1.191184">
        <ele>60.3</ele>
      </trkpt>
      <trkpt lat="41.141468" lon="1.190807">
        <ele>59.8</ele>
      </trkpt>
      <trkpt lat="41.141356" lon="1.190622">
        <ele>59.6</ele>
      </trkpt>
      <trkpt lat="41.141161" lon="1.190233">
        <ele>59.4</ele>
      </trkpt>
      <trkpt lat="41.140906" lon="1.190057">
        <ele>58.8</ele>
      </trkpt>
      <trkpt lat="41.140802" lon="1.189943">
        <ele>58.6</ele>
      </trkpt>
      <trkpt lat="41.140733" lon="1.189777">
        <ele>58.3</ele>
      </trkpt>
      <trkpt lat="41.140708" lon="1.18951">
        <ele>58.2</ele>
      </trkpt>
      <trkpt lat="41.140621" lon="1.189077">
        <ele>58.4</ele>
      </trkpt>
      <trkpt lat="41.140583" lon="1.188884">
        <ele>58.4</ele>
      </trkpt>
      <trkpt lat="41.140637" lon="1.188715">
        <ele>59.1</ele>
      </trkpt>
      <trkpt lat="41.140538" lon="1.188316">
        <ele>58.5</ele>
      </trkpt>
      <trkpt lat="41.140438" lon="1.187917">
        <ele>58.3</ele>
      </trkpt>
      <trkpt lat="41.140319" lon="1.187604">
        <ele>58.0</ele>
      </trkpt>
      <trkpt lat="41.140199" lon="1.187292">
        <ele>57.4</ele>
      </trkpt>
      <trkpt lat="41.139972" lon="1.18678">
        <ele>57.4</ele>
      </trkpt>
      <trkpt lat="41.139744" lon="1.186268">
        <ele>57.2</ele>
      </trkpt>
      <trkpt lat="41.139509" lon="1.185797">
        <ele>55.2</ele>
      </trkpt>
      <trkpt lat="41.139177" lon="1.185865">
        <ele>55.5</ele>
      </trkpt>
      <trkpt lat="41.138845" lon="1.185934">
        <ele>55.1</ele>
      </trkpt>
      <trkpt lat="41.138721" lon="1.185957">
        <ele>55.2</ele>
      </trkpt>
      <trkpt lat="41.138629" lon="1.185934">
        <ele>55.2</ele>
      </trkpt>
      <trkpt lat="41.138426" lon="1.185737">
        <ele>54.9</ele>
      </trkpt>
      <trkpt lat="41.138223" lon="1.18554">
        <ele>54.7</ele>
      </trkpt>
      <trkpt lat="41.138183" lon="1.185503">
        <ele>54.6</ele>
        <name>Constantí, Tarragona</name>
        <extensions>
          <oa:Extension>
            <oa:mapZoom>14</oa:mapZoom>
          </oa:Extension>
        </extensions>
      </trkpt>
      <trkpt lat="41.137997" lon="1.185332">
        <ele>54.4</ele>
      </trkpt>
      <trkpt lat="41.137771" lon="1.185123">
        <ele>54.2</ele>
      </trkpt>
      <trkpt lat="41.137496" lon="1.18482">
        <ele>53.8</ele>
      </trkpt>
      <trkpt lat="41.137221" lon="1.184516">
        <ele>53.5</ele>
      </trkpt>
      <trkpt lat="41.136968" lon="1.18437">
        <ele>53.1</ele>
      </trkpt>
      <trkpt lat="41.136831" lon="1.184427">
        <ele>52.8</ele>
      </trkpt>
      <trkpt lat="41.13647" lon="1.184569">
        <ele>52.8</ele>
      </trkpt>
      <trkpt lat="41.13611" lon="1.184712">
        <ele>52.4</ele>
      </trkpt>
      <trkpt lat="41.135932" lon="1.184735">
        <ele>52.2</ele>
      </trkpt>
      <trkpt lat="41.13566" lon="1.184749">
        <ele>51.8</ele>
      </trkpt>
      <trkpt lat="41.135453" lon="1.184692">
        <ele>51.2</ele>
      </trkpt>
      <trkpt lat="41.135146" lon="1.184516">
        <ele>50.9</ele>
      </trkpt>
      <trkpt lat="41.134958" lon="1.184424">
        <ele>50.6</ele>
      </trkpt>
      <trkpt lat="41.134658" lon="1.184332">
        <ele>50.6</ele>
      </trkpt>
      <trkpt lat="41.134417" lon="1.184318">
        <ele>50.0</ele>
      </trkpt>
      <trkpt lat="41.134322" lon="1.184338">
        <ele>49.8</ele>
      </trkpt>
      <trkpt lat="41.134288" lon="1.184357">
        <ele>50.1</ele>
      </trkpt>
      <trkpt lat="41.134219" lon="1.184396">
        <ele>50.3</ele>
      </trkpt>
      <trkpt lat="41.134192" lon="1.184422">
        <ele>50.5</ele>
      </trkpt>
      <trkpt lat="41.134172" lon="1.184441">
        <ele>50.7</ele>
      </trkpt>
      <trkpt lat="41.13415" lon="1.184454">
        <ele>50.8</ele>
      </trkpt>
      <trkpt lat="41.134131" lon="1.184458">
        <ele>50.9</ele>
      </trkpt>
      <trkpt lat="41.134102" lon="1.184455">
        <ele>51.0</ele>
      </trkpt>
      <trkpt lat="41.134082" lon="1.184443">
        <ele>51.0</ele>
      </trkpt>
      <trkpt lat="41.134069" lon="1.184426">
        <ele>50.9</ele>
      </trkpt>
      <trkpt lat="41.134059" lon="1.184403">
        <ele>50.9</ele>
      </trkpt>
      <trkpt lat="41.134052" lon="1.184355">
        <ele>50.7</ele>
      </trkpt>
      <trkpt lat="41.134053" lon="1.184329">
        <ele>50.7</ele>
      </trkpt>
      <trkpt lat="41.134061" lon="1.184268">
        <ele>50.6</ele>
      </trkpt>
      <trkpt lat="41.134104" lon="1.18403">
        <ele>49.9</ele>
      </trkpt>
      <trkpt lat="41.13412" lon="1.18396">
        <ele>49.6</ele>
      </trkpt>
      <trkpt lat="41.13413" lon="1.183885">
        <ele>49.3</ele>
      </trkpt>
      <trkpt lat="41.13413" lon="1.183804">
        <ele>49.1</ele>
      </trkpt>
      <trkpt lat="41.134121" lon="1.18372">
        <ele>48.8</ele>
      </trkpt>
      <trkpt lat="41.134108" lon="1.183651">
        <ele>48.5</ele>
      </trkpt>
      <trkpt lat="41.134084" lon="1.183575">
        <ele>48.2</ele>
      </trkpt>
      <trkpt lat="41.134059" lon="1.183522">
        <ele>48.0</ele>
      </trkpt>
      <trkpt lat="41.134028" lon="1.183466">
        <ele>47.8</ele>
      </trkpt>
      <trkpt lat="41.133988" lon="1.183408">
        <ele>47.5</ele>
      </trkpt>
      <trkpt lat="41.133949" lon="1.183362">
        <ele>47.4</ele>
      </trkpt>
      <trkpt lat="41.133891" lon="1.183313">
        <ele>46.9</ele>
      </trkpt>
      <trkpt lat="41.133832" lon="1.183278">
        <ele>46.7</ele>
      </trkpt>
      <trkpt lat="41.133508" lon="1.183113">
        <ele>46.6</ele>
      </trkpt>
      <trkpt lat="41.133259" lon="1.182988">
        <ele>45.6</ele>
      </trkpt>
      <trkpt lat="41.13301" lon="1.182863">
        <ele>44.6</ele>
      </trkpt>
      <trkpt lat="41.132898" lon="1.182809">
        <ele>44.8</ele>
      </trkpt>
      <trkpt lat="41.132631" lon="1.182675">
        <ele>45.3</ele>
      </trkpt>
      <trkpt lat="41.132364" lon="1.182541">
        <ele>46.0</ele>
      </trkpt>
      <trkpt lat="41.13215" lon="1.182513">
        <ele>46.4</ele>
      </trkpt>
      <trkpt lat="41.132" lon="1.182538">
        <ele>46.4</ele>
      </trkpt>
      <trkpt lat="41.131939" lon="1.182573">
        <ele>46.3</ele>
      </trkpt>
      <trkpt lat="41.131872" lon="1.182581">
        <ele>46.2</ele>
      </trkpt>
      <trkpt lat="41.131807" lon="1.182562">
        <ele>46.2</ele>
      </trkpt>
      <trkpt lat="41.131748" lon="1.182512">
        <ele>46.3</ele>
      </trkpt>
      <trkpt lat="41.131707" lon="1.182449">
        <ele>46.3</ele>
      </trkpt>
      <trkpt lat="41.131693" lon="1.182406">
        <ele>46.4</ele>
      </trkpt>
      <trkpt lat="41.131681" lon="1.182367">
        <ele>46.4</ele>
      </trkpt>
      <trkpt lat="41.131654" lon="1.182292">
        <ele>46.4</ele>
      </trkpt>
      <trkpt lat="41.131619" lon="1.18224">
        <ele>46.4</ele>
      </trkpt>
      <trkpt lat="41.131578" lon="1.182193">
        <ele>46.3</ele>
      </trkpt>
      <trkpt lat="41.131507" lon="1.182129">
        <ele>46.2</ele>
      </trkpt>
      <trkpt lat="41.131403" lon="1.182065">
        <ele>46.0</ele>
      </trkpt>
      <trkpt lat="41.130995" lon="1.181859">
        <ele>44.9</ele>
      </trkpt>
      <trkpt lat="41.130587" lon="1.181653">
        <ele>44.5</ele>
      </trkpt>
      <trkpt lat="41.130509" lon="1.181602">
        <ele>44.6</ele>
      </trkpt>
      <trkpt lat="41.130457" lon="1.181547">
        <ele>44.5</ele>
      </trkpt>
      <trkpt lat="41.130415" lon="1.181483">
        <ele>44.4</ele>
      </trkpt>
      <trkpt lat="41.130379" lon="1.181398">
        <ele>44.4</ele>
      </trkpt>
      <trkpt lat="41.130354" lon="1.181292">
        <ele>44.3</ele>
      </trkpt>
      <trkpt lat="41.130347" lon="1.181198">
        <ele>44.3</ele>
      </trkpt>
      <trkpt lat="41.130354" lon="1.181089">
        <ele>44.3</ele>
      </trkpt>
      <trkpt lat="41.130386" lon="1.18097">
        <ele>44.1</ele>
      </trkpt>
      <trkpt lat="41.130491" lon="1.18058">
        <ele>44.0</ele>
      </trkpt>
      <trkpt lat="41.130512" lon="1.180475">
        <ele>44.0</ele>
      </trkpt>
      <trkpt lat="41.130522" lon="1.180411">
        <ele>44.0</ele>
      </trkpt>
      <trkpt lat="41.130508" lon="1.180305">
        <ele>43.9</ele>
      </trkpt>
      <trkpt lat="41.130481" lon="1.180195">
        <ele>43.8</ele>
      </trkpt>
      <trkpt lat="41.130455" lon="1.180132">
        <ele>43.8</ele>
      </trkpt>
      <trkpt lat="41.130423" lon="1.180075">
        <ele>43.9</ele>
      </trkpt>
      <trkpt lat="41.130388" lon="1.180026">
        <ele>44.0</ele>
      </trkpt>
      <trkpt lat="41.130318" lon="1.17995">
        <ele>44.2</ele>
      </trkpt>
      <trkpt lat="41.130268" lon="1.17992">
        <ele>44.3</ele>
      </trkpt>
      <trkpt lat="41.130227" lon="1.179872">
        <ele>44.5</ele>
      </trkpt>
      <trkpt lat="41.1302" lon="1.179809">
        <ele>44.6</ele>
      </trkpt>
      <trkpt lat="41.130134" lon="1.179716">
        <ele>44.8</ele>
      </trkpt>
      <trkpt lat="41.130096" lon="1.179683">
        <ele>45.0</ele>
      </trkpt>
      <trkpt lat="41.130052" lon="1.179657">
        <ele>45.3</ele>
      </trkpt>
      <trkpt lat="41.129922" lon="1.179601">
        <ele>46.2</ele>
      </trkpt>
      <trkpt lat="41.129658" lon="1.17954">
        <ele>47.5</ele>
      </trkpt>
      <trkpt lat="41.129393" lon="1.179479">
        <ele>48.0</ele>
      </trkpt>
      <trkpt lat="41.128972" lon="1.179382">
        <ele>48.3</ele>
      </trkpt>
      <trkpt lat="41.128547" lon="1.179288">
        <ele>44.7</ele>
      </trkpt>
      <trkpt lat="41.128327" lon="1.17925">
        <ele>42.7</ele>
      </trkpt>
      <trkpt lat="41.128124" lon="1.17919">
        <ele>41.6</ele>
      </trkpt>
      <trkpt lat="41.128088" lon="1.179172">
        <ele>41.5</ele>
      </trkpt>
      <trkpt lat="41.128049" lon="1.179147">
        <ele>41.4</ele>
      </trkpt>
      <trkpt lat="41.128027" lon="1.179138">
        <ele>41.3</ele>
      </trkpt>
      <trkpt lat="41.127949" lon="1.179115">
        <ele>41.0</ele>
      </trkpt>
      <trkpt lat="41.127925" lon="1.179108">
        <ele>40.8</ele>
      </trkpt>
      <trkpt lat="41.127901" lon="1.179111">
        <ele>40.7</ele>
      </trkpt>
      <trkpt lat="41.127529" lon="1.17905">
        <ele>39.8</ele>
      </trkpt>
      <trkpt lat="41.127418" lon="1.179019">
        <ele>39.7</ele>
      </trkpt>
      <trkpt lat="41.127244" lon="1.178978">
        <ele>39.8</ele>
      </trkpt>
      <trkpt lat="41.126943" lon="1.178909">
        <ele>40.1</ele>
      </trkpt>
      <trkpt lat="41.126822" lon="1.17888">
        <ele>40.3</ele>
      </trkpt>
      <trkpt lat="41.126505" lon="1.178807">
        <ele>40.9</ele>
      </trkpt>
      <trkpt lat="41.126424" lon="1.178788">
        <ele>41.0</ele>
      </trkpt>
      <trkpt lat="41.126136" lon="1.178721">
        <ele>41.4</ele>
      </trkpt>
      <trkpt lat="41.126089" lon="1.17871">
        <ele>41.5</ele>
      </trkpt>
      <trkpt lat="41.125988" lon="1.178685">
        <ele>41.5</ele>
      </trkpt>
      <trkpt lat="41.125668" lon="1.178612">
        <ele>41.8</ele>
      </trkpt>
      <trkpt lat="41.125261" lon="1.178534">
        <ele>42.0</ele>
      </trkpt>
      <trkpt lat="41.124853" lon="1.178456">
        <ele>42.2</ele>
      </trkpt>
      <trkpt lat="41.124445" lon="1.178378">
        <ele>42.4</ele>
      </trkpt>
      <trkpt lat="41.124293" lon="1.178355">
        <ele>42.5</ele>
      </trkpt>
      <trkpt lat="41.124152" lon="1.178348">
        <ele>42.9</ele>
      </trkpt>
      <trkpt lat="41.123802" lon="1.178339">
        <ele>44.0</ele>
      </trkpt>
      <trkpt lat="41.123712" lon="1.17834">
        <ele>44.1</ele>
      </trkpt>
      <trkpt lat="41.123721" lon="1.177902">
        <ele>40.5</ele>
      </trkpt>
      <trkpt lat="41.123729" lon="1.177465">
        <ele>38.3</ele>
      </trkpt>
      <trkpt lat="41.123778" lon="1.17693">
        <ele>36.6</ele>
      </trkpt>
      <trkpt lat="41.123809" lon="1.176352">
        <ele>35.4</ele>
      </trkpt>
      <trkpt lat="41.12384" lon="1.175996">
        <ele>35.0</ele>
      </trkpt>
      <trkpt lat="41.123855" lon="1.175836">
        <ele>34.9</ele>
      </trkpt>
      <trkpt lat="41.123863" lon="1.175764">
        <ele>34.9</ele>
      </trkpt>
      <trkpt lat="41.123904" lon="1.175585">
        <ele>35.1</ele>
      </trkpt>
      <trkpt lat="41.123998" lon="1.175302">
        <ele>35.1</ele>
      </trkpt>
      <trkpt lat="41.124118" lon="1.175029">
        <ele>35.3</ele>
      </trkpt>
      <trkpt lat="41.124315" lon="1.174682">
        <ele>35.4</ele>
      </trkpt>
      <trkpt lat="41.124413" lon="1.174473">
        <ele>35.4</ele>
      </trkpt>
      <trkpt lat="41.124517" lon="1.174219">
        <ele>35.4</ele>
      </trkpt>
      <trkpt lat="41.124664" lon="1.173823">
        <ele>35.8</ele>
      </trkpt>
      <trkpt lat="41.124695" lon="1.173668">
        <ele>36.0</ele>
      </trkpt>
      <trkpt lat="41.124685" lon="1.173533">
        <ele>36.1</ele>
      </trkpt>
      <trkpt lat="41.124643" lon="1.173451">
        <ele>36.5</ele>
      </trkpt>
      <trkpt lat="41.124572" lon="1.173387">
        <ele>36.5</ele>
      </trkpt>
      <trkpt lat="41.124383" lon="1.173295">
        <ele>35.8</ele>
      </trkpt>
      <trkpt lat="41.124243" lon="1.173212">
        <ele>34.5</ele>
      </trkpt>
      <trkpt lat="41.12418" lon="1.17314">
        <ele>34.2</ele>
      </trkpt>
      <trkpt lat="41.124065" lon="1.173039">
        <ele>34.5</ele>
      </trkpt>
      <trkpt lat="41.123979" lon="1.172923">
        <ele>35.6</ele>
      </trkpt>
      <trkpt lat="41.123823" lon="1.172644">
        <ele>35.3</ele>
      </trkpt>
      <trkpt lat="41.123711" lon="1.172476">
        <ele>35.5</ele>
      </trkpt>
      <trkpt lat="41.123649" lon="1.172412">
        <ele>35.5</ele>
      </trkpt>
      <trkpt lat="41.123529" lon="1.172324">
        <ele>35.7</ele>
      </trkpt>
      <trkpt lat="41.123352" lon="1.172186">
        <ele>35.8</ele>
      </trkpt>
      <trkpt lat="41.123226" lon="1.172062">
        <ele>36.1</ele>
      </trkpt>
      <trkpt lat="41.123097" lon="1.171903">
        <ele>36.6</ele>
      </trkpt>
      <trkpt lat="41.122977" lon="1.171751">
        <ele>36.6</ele>
      </trkpt>
      <trkpt lat="41.122861" lon="1.17163">
        <ele>36.2</ele>
      </trkpt>
      <trkpt lat="41.12278" lon="1.171589">
        <ele>36.1</ele>
      </trkpt>
      <trkpt lat="41.122668" lon="1.171539">
        <ele>35.8</ele>
      </trkpt>
      <trkpt lat="41.122516" lon="1.171476">
        <ele>35.2</ele>
      </trkpt>
      <trkpt lat="41.122431" lon="1.171412">
        <ele>34.9</ele>
      </trkpt>
      <trkpt lat="41.122383" lon="1.171352">
        <ele>34.8</ele>
      </trkpt>
      <trkpt lat="41.122327" lon="1.171258">
        <ele>34.7</ele>
      </trkpt>
      <trkpt lat="41.122213" lon="1.171024">
        <ele>34.4</ele>
      </trkpt>
      <trkpt lat="41.12213" lon="1.170903">
        <ele>34.1</ele>
      </trkpt>
      <trkpt lat="41.121962" lon="1.170647">
        <ele>34.1</ele>
      </trkpt>
      <trkpt lat="41.121861" lon="1.170503">
        <ele>34.3</ele>
      </trkpt>
      <trkpt lat="41.12178" lon="1.17044">
        <ele>34.6</ele>
      </trkpt>
      <trkpt lat="41.121581" lon="1.170289">
        <ele>35.2</ele>
      </trkpt>
      <trkpt lat="41.121383" lon="1.170137">
        <ele>36.3</ele>
      </trkpt>
      <trkpt lat="41.121309" lon="1.170052">
        <ele>35.9</ele>
      </trkpt>
      <trkpt lat="41.121246" lon="1.169911">
        <ele>35.0</ele>
      </trkpt>
      <trkpt lat="41.121122" lon="1.16957">
        <ele>33.6</ele>
      </trkpt>
      <trkpt lat="41.121014" lon="1.169286">
        <ele>33.2</ele>
      </trkpt>
      <trkpt lat="41.120943" lon="1.16903">
        <ele>32.5</ele>
      </trkpt>
      <trkpt lat="41.120862" lon="1.168644">
        <ele>31.7</ele>
      </trkpt>
      <trkpt lat="41.120829" lon="1.168457">
        <ele>31.4</ele>
      </trkpt>
      <trkpt lat="41.120815" lon="1.168347">
        <ele>31.4</ele>
      </trkpt>
      <trkpt lat="41.120765" lon="1.168225">
        <ele>31.4</ele>
      </trkpt>
      <trkpt lat="41.120558" lon="1.167848">
        <ele>31.7</ele>
      </trkpt>
      <trkpt lat="41.120352" lon="1.167471">
        <ele>32.1</ele>
      </trkpt>
      <trkpt lat="41.12012" lon="1.167096">
        <ele>32.4</ele>
      </trkpt>
      <trkpt lat="41.119896" lon="1.166765">
        <ele>33.5</ele>
      </trkpt>
      <trkpt lat="41.119702" lon="1.166512">
        <ele>34.7</ele>
      </trkpt>
      <trkpt lat="41.119601" lon="1.166349">
        <ele>34.9</ele>
      </trkpt>
      <trkpt lat="41.119553" lon="1.166212">
        <ele>35.1</ele>
      </trkpt>
      <trkpt lat="41.119524" lon="1.16606">
        <ele>34.8</ele>
      </trkpt>
      <trkpt lat="41.119482" lon="1.165669">
        <ele>34.7</ele>
      </trkpt>
      <trkpt lat="41.119443" lon="1.165416">
        <ele>34.8</ele>
      </trkpt>
      <trkpt lat="41.11937" lon="1.165038">
        <ele>34.8</ele>
      </trkpt>
      <trkpt lat="41.11933" lon="1.164849">
        <ele>34.8</ele>
      </trkpt>
      <trkpt lat="41.119292" lon="1.164667">
        <ele>34.9</ele>
      </trkpt>
      <trkpt lat="41.119229" lon="1.164496">
        <ele>35.0</ele>
      </trkpt>
      <trkpt lat="41.119163" lon="1.164374">
        <ele>35.0</ele>
      </trkpt>
      <trkpt lat="41.119054" lon="1.16424">
        <ele>35.0</ele>
        <name>Reus, Baix Camp</name>
        <extensions>
          <oa:Extension>
            <oa:mapZoom>17</oa:mapZoom>
          </oa:Extension>
        </extensions>
      </trkpt>
      <trkpt lat="41.119039" lon="1.16422">
        <ele>35.0</ele>
      </trkpt>
      <trkpt lat="41.118898" lon="1.164011">
        <ele>35.1</ele>
      </trkpt>
      <trkpt lat="41.118828" lon="1.163875">
        <ele>35.2</ele>
      </trkpt>
      <trkpt lat="41.118727" lon="1.163599">
        <ele>34.5</ele>
      </trkpt>
      <trkpt lat="41.118664" lon="1.163412">
        <ele>35.3</ele>
      </trkpt>
      <trkpt lat="41.118495" lon="1.162947">
        <ele>35.7</ele>
      </trkpt>
      <trkpt lat="41.118456" lon="1.162816">
        <ele>35.4</ele>
      </trkpt>
      <trkpt lat="41.118417" lon="1.162686">
        <ele>35.7</ele>
      </trkpt>
      <trkpt lat="41.118398" lon="1.162608">
        <ele>35.8</ele>
      </trkpt>
      <trkpt lat="41.118377" lon="1.162569">
        <ele>35.9</ele>
      </trkpt>
      <trkpt lat="41.118356" lon="1.162513">
        <ele>35.8</ele>
      </trkpt>
      <trkpt lat="41.118286" lon="1.162358">
        <ele>35.6</ele>
      </trkpt>
      <trkpt lat="41.118211" lon="1.162192">
        <ele>35.5</ele>
      </trkpt>
      <trkpt lat="41.118115" lon="1.161901">
        <ele>35.8</ele>
      </trkpt>
      <trkpt lat="41.11801" lon="1.161691">
        <ele>36.5</ele>
      </trkpt>
      <trkpt lat="41.117766" lon="1.161199">
        <ele>37.7</ele>
      </trkpt>
      <trkpt lat="41.117522" lon="1.160707">
        <ele>38.3</ele>
      </trkpt>
      <trkpt lat="41.117339" lon="1.160333">
        <ele>37.6</ele>
      </trkpt>
      <trkpt lat="41.117157" lon="1.159959">
        <ele>37.4</ele>
      </trkpt>
      <trkpt lat="41.116974" lon="1.159584">
        <ele>37.4</ele>
      </trkpt>
      <trkpt lat="41.116789" lon="1.159252">
        <ele>37.2</ele>
      </trkpt>
      <trkpt lat="41.116603" lon="1.158919">
        <ele>36.5</ele>
      </trkpt>
      <trkpt lat="41.116405" lon="1.158455">
        <ele>36.2</ele>
      </trkpt>
      <trkpt lat="41.116212" lon="1.158033">
        <ele>36.4</ele>
      </trkpt>
      <trkpt lat="41.116019" lon="1.157611">
        <ele>36.6</ele>
      </trkpt>
      <trkpt lat="41.115998" lon="1.157497">
        <ele>36.9</ele>
      </trkpt>
      <trkpt lat="41.116177" lon="1.157295">
        <ele>37.0</ele>
      </trkpt>
      <trkpt lat="41.116355" lon="1.157092">
        <ele>37.0</ele>
      </trkpt>
      <trkpt lat="41.116375" lon="1.157033">
        <ele>37.0</ele>
      </trkpt>
      <trkpt lat="41.11639" lon="1.15697">
        <ele>36.9</ele>
      </trkpt>
      <trkpt lat="41.11631" lon="1.156857">
        <ele>36.9</ele>
      </trkpt>
      <trkpt lat="41.116288" lon="1.156821">
        <ele>36.9</ele>
      </trkpt>
      <trkpt lat="41.116215" lon="1.156703">
        <ele>36.8</ele>
      </trkpt>
      <trkpt lat="41.115983" lon="1.156328">
        <ele>36.7</ele>
      </trkpt>
      <trkpt lat="41.115751" lon="1.155954">
        <ele>36.5</ele>
      </trkpt>
      <trkpt lat="41.115487" lon="1.155527">
        <ele>36.3</ele>
      </trkpt>
      <trkpt lat="41.115279" lon="1.155191">
        <ele>36.1</ele>
      </trkpt>
      <trkpt lat="41.115067" lon="1.154848">
        <ele>36.1</ele>
      </trkpt>
      <trkpt lat="41.114855" lon="1.154505">
        <ele>36.0</ele>
      </trkpt>
      <trkpt lat="41.114626" lon="1.154751">
        <ele>35.5</ele>
      </trkpt>
      <trkpt lat="41.114398" lon="1.154996">
        <ele>35.0</ele>
      </trkpt>
      <trkpt lat="41.114147" lon="1.155277">
        <ele>34.3</ele>
      </trkpt>
      <trkpt lat="41.11406" lon="1.155369">
        <ele>34.2</ele>
      </trkpt>
      <trkpt lat="41.113984" lon="1.155449">
        <ele>34.0</ele>
      </trkpt>
      <trkpt lat="41.113968" lon="1.155467">
        <ele>34.0</ele>
      </trkpt>
      <trkpt lat="41.113782" lon="1.155519">
        <ele>34.0</ele>
      </trkpt>
      <trkpt lat="41.113765" lon="1.155505">
        <ele>34.1</ele>
      </trkpt>
      <trkpt lat="41.113738" lon="1.155471">
        <ele>34.1</ele>
      </trkpt>
      <trkpt lat="41.113714" lon="1.155419">
        <ele>34.1</ele>
      </trkpt>
      <trkpt lat="41.113689" lon="1.155325">
        <ele>34.1</ele>
      </trkpt>
      <trkpt lat="41.113665" lon="1.155181">
        <ele>34.3</ele>
      </trkpt>
      <trkpt lat="41.113648" lon="1.154594">
        <ele>35.2</ele>
      </trkpt>
      <trkpt lat="41.113632" lon="1.154007">
        <ele>36.2</ele>
      </trkpt>
      <trkpt lat="41.113615" lon="1.15342">
        <ele>37.2</ele>
      </trkpt>
      <trkpt lat="41.113599" lon="1.152833">
        <ele>37.7</ele>
      </trkpt>
      <trkpt lat="41.113591" lon="1.152552">
        <ele>37.9</ele>
      </trkpt>
      <trkpt lat="41.113586" lon="1.152365">
        <ele>37.9</ele>
      </trkpt>
      <trkpt lat="41.113571" lon="1.151808">
        <ele>38.4</ele>
      </trkpt>
      <trkpt lat="41.113557" lon="1.151251">
        <ele>39.2</ele>
      </trkpt>
      <trkpt lat="41.113542" lon="1.150694">
        <ele>40.4</ele>
      </trkpt>
      <trkpt lat="41.113542" lon="1.150689">
        <ele>40.4</ele>
      </trkpt>
      <trkpt lat="41.11353" lon="1.150271">
        <ele>41.2</ele>
      </trkpt>
      <trkpt lat="41.113538" lon="1.150202">
        <ele>41.4</ele>
      </trkpt>
      <trkpt lat="41.11356" lon="1.150139">
        <ele>41.6</ele>
      </trkpt>
      <trkpt lat="41.113591" lon="1.150095">
        <ele>41.7</ele>
      </trkpt>
      <trkpt lat="41.113828" lon="1.149828">
        <ele>41.6</ele>
      </trkpt>
      <trkpt lat="41.113725" lon="1.149705">
        <ele>42.5</ele>
      </trkpt>
      <trkpt lat="41.113486" lon="1.149423">
        <ele>42.8</ele>
      </trkpt>
      <trkpt lat="41.11342" lon="1.149346">
        <ele>42.9</ele>
      </trkpt>
      <trkpt lat="41.113503" lon="1.149237">
        <ele>42.9</ele>
      </trkpt>
      <trkpt lat="41.11339" lon="1.149066">
        <ele>43.2</ele>
      </trkpt>
      <trkpt lat="41.113143" lon="1.14937">
        <ele>43.0</ele>
      </trkpt>
      <trkpt lat="41.112896" lon="1.149673">
        <ele>42.8</ele>
      </trkpt>
      <trkpt lat="41.112649" lon="1.149977">
        <ele>42.2</ele>
      </trkpt>
      <trkpt lat="41.11243" lon="1.14965">
        <ele>42.4</ele>
      </trkpt>
      <trkpt lat="41.112211" lon="1.149324">
        <ele>42.5</ele>
      </trkpt>
      <trkpt lat="41.112042" lon="1.14905">
        <ele>42.3</ele>
      </trkpt>
      <trkpt lat="41.111868" lon="1.148767">
        <ele>42.2</ele>
      </trkpt>
      <trkpt lat="41.111693" lon="1.148484">
        <ele>42.0</ele>
      </trkpt>
      <trkpt lat="41.111533" lon="1.148224">
        <ele>41.9</ele>
      </trkpt>
      <trkpt lat="41.111439" lon="1.148323">
        <ele>41.7</ele>
      </trkpt>
      <trkpt lat="41.111196" lon="1.148579">
        <ele>41.3</ele>
      </trkpt>
      <trkpt lat="41.111023" lon="1.14876">
        <ele>41.1</ele>
      </trkpt>
      <trkpt lat="41.111023" lon="1.148761">
        <ele>41.1</ele>
        <name>Carrer de Tarragona, Vila-seca, Tarragonès</name>
        <extensions>
          <oa:Extension>
            <oa:mapZoom>17</oa:mapZoom>
          </oa:Extension>
        </extensions>
      </trkpt>
      <trkpt lat="41.110953" lon="1.148835">
        <ele>41.0</ele>
      </trkpt>
      <trkpt lat="41.110689" lon="1.148498">
        <ele>40.8</ele>
      </trkpt>
      <trkpt lat="41.110466" lon="1.148212">
        <ele>40.3</ele>
      </trkpt>
      <trkpt lat="41.110154" lon="1.147826">
        <ele>40.0</ele>
      </trkpt>
      <trkpt lat="41.109928" lon="1.147546">
        <ele>40.3</ele>
      </trkpt>
      <trkpt lat="41.109695" lon="1.147874">
        <ele>40.2</ele>
      </trkpt>
      <trkpt lat="41.109463" lon="1.148201">
        <ele>39.7</ele>
      </trkpt>
      <trkpt lat="41.109231" lon="1.148529">
        <ele>39.1</ele>
      </trkpt>
      <trkpt lat="41.108999" lon="1.148856">
        <ele>38.6</ele>
      </trkpt>
      <trkpt lat="41.108953" lon="1.148974">
        <ele>38.3</ele>
      </trkpt>
      <trkpt lat="41.108834" lon="1.1488">
        <ele>38.3</ele>
      </trkpt>
      <trkpt lat="41.108716" lon="1.148632">
        <ele>38.3</ele>
      </trkpt>
      <trkpt lat="41.108587" lon="1.148811">
        <ele>37.7</ele>
      </trkpt>
      <trkpt lat="41.108474" lon="1.149071">
        <ele>37.0</ele>
      </trkpt>
      <trkpt lat="41.108362" lon="1.149332">
        <ele>36.7</ele>
      </trkpt>
      <trkpt lat="41.108312" lon="1.149449">
        <ele>36.7</ele>
      </trkpt>
      <trkpt lat="41.108164" lon="1.149581">
        <ele>36.4</ele>
      </trkpt>
      <trkpt lat="41.108023" lon="1.149582">
        <ele>36.3</ele>
      </trkpt>
      <trkpt lat="41.107874" lon="1.149456">
        <ele>36.2</ele>
      </trkpt>
      <trkpt lat="41.107564" lon="1.149176">
        <ele>36.1</ele>
      </trkpt>
      <trkpt lat="41.107406" lon="1.149084">
        <ele>36.0</ele>
      </trkpt>
      <trkpt lat="41.107285" lon="1.14909">
        <ele>35.7</ele>
      </trkpt>
      <trkpt lat="41.107205" lon="1.149122">
        <ele>35.5</ele>
      </trkpt>
      <trkpt lat="41.107251" lon="1.149257">
        <ele>35.9</ele>
      </trkpt>
      <trkpt lat="41.106999" lon="1.149381">
        <ele>35.3</ele>
      </trkpt>
      <trkpt lat="41.106747" lon="1.149506">
        <ele>34.5</ele>
      </trkpt>
      <trkpt lat="41.106661" lon="1.149548">
        <ele>34.6</ele>
      </trkpt>
      <trkpt lat="41.106592" lon="1.149582">
        <ele>34.5</ele>
      </trkpt>
      <trkpt lat="41.106261" lon="1.149746">
        <ele>34.2</ele>
      </trkpt>
      <trkpt lat="41.10593" lon="1.149909">
        <ele>34.0</ele>
      </trkpt>
      <trkpt lat="41.1056" lon="1.150072">
        <ele>33.4</ele>
      </trkpt>
      <trkpt lat="41.105343" lon="1.150198">
        <ele>33.6</ele>
      </trkpt>
      <trkpt lat="41.105087" lon="1.150325">
        <ele>33.4</ele>
      </trkpt>
      <trkpt lat="41.105021" lon="1.150497">
        <ele>33.2</ele>
      </trkpt>
      <trkpt lat="41.104966" lon="1.150525">
        <ele>33.0</ele>
      </trkpt>
      <trkpt lat="41.104911" lon="1.150554">
        <ele>33.2</ele>
      </trkpt>
      <trkpt lat="41.104765" lon="1.150495">
        <ele>33.5</ele>
      </trkpt>
      <trkpt lat="41.104727" lon="1.150513">
        <ele>33.5</ele>
      </trkpt>
      <trkpt lat="41.104358" lon="1.150689">
        <ele>33.5</ele>
      </trkpt>
      <trkpt lat="41.104205" lon="1.150703">
        <ele>33.3</ele>
      </trkpt>
      <trkpt lat="41.10388" lon="1.150852">
        <ele>33.2</ele>
      </trkpt>
      <trkpt lat="41.103791" lon="1.15096">
        <ele>33.4</ele>
      </trkpt>
      <trkpt lat="41.103696" lon="1.151097">
        <ele>33.1</ele>
      </trkpt>
      <trkpt lat="41.103623" lon="1.15121">
        <ele>33.0</ele>
      </trkpt>
      <trkpt lat="41.103593" lon="1.151254">
        <ele>33.0</ele>
      </trkpt>
      <trkpt lat="41.103492" lon="1.151364">
        <ele>33.0</ele>
      </trkpt>
      <trkpt lat="41.103451" lon="1.151392">
        <ele>32.9</ele>
      </trkpt>
      <trkpt lat="41.10342" lon="1.15144">
        <ele>32.8</ele>
      </trkpt>
      <trkpt lat="41.103366" lon="1.151407">
        <ele>32.8</ele>
      </trkpt>
      <trkpt lat="41.103331" lon="1.151388">
        <ele>32.9</ele>
      </trkpt>
      <trkpt lat="41.103176" lon="1.151297">
        <ele>32.9</ele>
      </trkpt>
      <trkpt lat="41.10311" lon="1.151271">
        <ele>32.8</ele>
      </trkpt>
      <trkpt lat="41.10308" lon="1.151266">
        <ele>32.7</ele>
        <name>Avinguda de l&apos;Alcalde Pere Molas, Vila-seca, Tarragonès</name>
        <extensions>
          <oa:locType>routingNode</oa:locType>
          <oa:Extension>
            <oa:mapZoom>14</oa:mapZoom>
          </oa:Extension>
        </extensions>
      </trkpt>
      <trkpt lat="41.103027" lon="1.151257">
        <ele>32.6</ele>
      </trkpt>
      <trkpt lat="41.102943" lon="1.151271">
        <ele>32.5</ele>
      </trkpt>
      <trkpt lat="41.102556" lon="1.151422">
        <ele>32.7</ele>
      </trkpt>
      <trkpt lat="41.102169" lon="1.151572">
        <ele>33.2</ele>
      </trkpt>
      <trkpt lat="41.101781" lon="1.151689">
        <ele>31.7</ele>
      </trkpt>
      <trkpt lat="41.101558" lon="1.151752">
        <ele>30.3</ele>
      </trkpt>
      <trkpt lat="41.101369" lon="1.151788">
        <ele>29.1</ele>
      </trkpt>
      <trkpt lat="41.101243" lon="1.151809">
        <ele>28.3</ele>
      </trkpt>
      <trkpt lat="41.10105" lon="1.151822">
        <ele>27.1</ele>
      </trkpt>
      <trkpt lat="41.100726" lon="1.15183">
        <ele>33.9</ele>
      </trkpt>
      <trkpt lat="41.100617" lon="1.15186">
        <ele>33.9</ele>
      </trkpt>
      <trkpt lat="41.100557" lon="1.151896">
        <ele>33.9</ele>
      </trkpt>
      <trkpt lat="41.100528" lon="1.151924">
        <ele>33.9</ele>
      </trkpt>
      <trkpt lat="41.100515" lon="1.151948">
        <ele>33.9</ele>
      </trkpt>
      <trkpt lat="41.100494" lon="1.152015">
        <ele>33.8</ele>
      </trkpt>
      <trkpt lat="41.100478" lon="1.152079">
        <ele>33.8</ele>
      </trkpt>
      <trkpt lat="41.10033" lon="1.152071">
        <ele>34.0</ele>
      </trkpt>
      <trkpt lat="41.100237" lon="1.152093">
        <ele>34.1</ele>
      </trkpt>
      <trkpt lat="41.100191" lon="1.152097">
        <ele>34.1</ele>
      </trkpt>
      <trkpt lat="41.10015" lon="1.152086">
        <ele>34.1</ele>
      </trkpt>
      <trkpt lat="41.100102" lon="1.15206">
        <ele>34.1</ele>
      </trkpt>
      <trkpt lat="41.100066" lon="1.152031">
        <ele>34.0</ele>
      </trkpt>
      <trkpt lat="41.100011" lon="1.151982">
        <ele>34.0</ele>
      </trkpt>
      <trkpt lat="41.099984" lon="1.151951">
        <ele>34.0</ele>
      </trkpt>
      <trkpt lat="41.099948" lon="1.151908">
        <ele>34.0</ele>
      </trkpt>
      <trkpt lat="41.099898" lon="1.151863">
        <ele>34.1</ele>
      </trkpt>
      <trkpt lat="41.099847" lon="1.151832">
        <ele>34.0</ele>
      </trkpt>
      <trkpt lat="41.099822" lon="1.151828">
        <ele>34.0</ele>
      </trkpt>
      <trkpt lat="41.099839" lon="1.151779">
        <ele>33.9</ele>
      </trkpt>
      <trkpt lat="41.099843" lon="1.151735">
        <ele>34.0</ele>
      </trkpt>
      <trkpt lat="41.099841" lon="1.151643">
        <ele>33.9</ele>
      </trkpt>
      <trkpt lat="41.099835" lon="1.151605">
        <ele>33.8</ele>
      </trkpt>
      <trkpt lat="41.0998" lon="1.151504">
        <ele>33.7</ele>
      </trkpt>
      <trkpt lat="41.099735" lon="1.151544">
        <ele>34.0</ele>
      </trkpt>
      <trkpt lat="41.099309" lon="1.151584">
        <ele>34.3</ele>
      </trkpt>
      <trkpt lat="41.098883" lon="1.151624">
        <ele>34.8</ele>
      </trkpt>
      <trkpt lat="41.098457" lon="1.151663">
        <ele>34.6</ele>
      </trkpt>
      <trkpt lat="41.09825" lon="1.151683">
        <ele>30.4</ele>
      </trkpt>
      <trkpt lat="41.097855" lon="1.15172">
        <ele>34.6</ele>
      </trkpt>
      <trkpt lat="41.09747" lon="1.151752">
        <ele>34.6</ele>
      </trkpt>
      <trkpt lat="41.097086" lon="1.151785">
        <ele>34.3</ele>
      </trkpt>
      <trkpt lat="41.096701" lon="1.151817">
        <ele>34.2</ele>
      </trkpt>
      <trkpt lat="41.096316" lon="1.15185">
        <ele>34.0</ele>
      </trkpt>
      <trkpt lat="41.095931" lon="1.151882">
        <ele>33.8</ele>
      </trkpt>
      <trkpt lat="41.095547" lon="1.151915">
        <ele>33.6</ele>
      </trkpt>
      <trkpt lat="41.095318" lon="1.151874">
        <ele>33.7</ele>
      </trkpt>
      <trkpt lat="41.095181" lon="1.151586">
        <ele>33.5</ele>
      </trkpt>
      <trkpt lat="41.095132" lon="1.151591">
        <ele>33.3</ele>
      </trkpt>
      <trkpt lat="41.095035" lon="1.151595">
        <ele>33.3</ele>
      </trkpt>
      <trkpt lat="41.094965" lon="1.151597">
        <ele>33.5</ele>
      </trkpt>
      <trkpt lat="41.09491" lon="1.151731">
        <ele>33.8</ele>
      </trkpt>
      <trkpt lat="41.094813" lon="1.151821">
        <ele>33.7</ele>
      </trkpt>
      <trkpt lat="41.094666" lon="1.151889">
        <ele>33.4</ele>
      </trkpt>
      <trkpt lat="41.094279" lon="1.15189">
        <ele>33.3</ele>
      </trkpt>
      <trkpt lat="41.093891" lon="1.151891">
        <ele>33.0</ele>
      </trkpt>
      <trkpt lat="41.093503" lon="1.151892">
        <ele>32.7</ele>
      </trkpt>
      <trkpt lat="41.093116" lon="1.151892">
        <ele>32.2</ele>
      </trkpt>
      <trkpt lat="41.093048" lon="1.151851">
        <ele>32.0</ele>
      </trkpt>
      <trkpt lat="41.092993" lon="1.151769">
        <ele>31.7</ele>
      </trkpt>
      <trkpt lat="41.092925" lon="1.151774">
        <ele>31.3</ele>
      </trkpt>
      <trkpt lat="41.092835" lon="1.151774">
        <ele>31.5</ele>
      </trkpt>
      <trkpt lat="41.092722" lon="1.151895">
        <ele>31.6</ele>
      </trkpt>
      <trkpt lat="41.092337" lon="1.151869">
        <ele>31.0</ele>
      </trkpt>
      <trkpt lat="41.091952" lon="1.151843">
        <ele>30.2</ele>
      </trkpt>
      <trkpt lat="41.091838" lon="1.151799">
        <ele>30.0</ele>
      </trkpt>
      <trkpt lat="41.091705" lon="1.151769">
        <ele>29.9</ele>
      </trkpt>
      <trkpt lat="41.091634" lon="1.151761">
        <ele>29.7</ele>
      </trkpt>
      <trkpt lat="41.091538" lon="1.151767">
        <ele>29.5</ele>
      </trkpt>
      <trkpt lat="41.091358" lon="1.151783">
        <ele>29.0</ele>
      </trkpt>
      <trkpt lat="41.091134" lon="1.151741">
        <ele>28.6</ele>
      </trkpt>
      <trkpt lat="41.09091" lon="1.151698">
        <ele>28.1</ele>
      </trkpt>
      <trkpt lat="41.090877" lon="1.151639">
        <ele>28.0</ele>
      </trkpt>
      <trkpt lat="41.090841" lon="1.151558">
        <ele>27.6</ele>
      </trkpt>
      <trkpt lat="41.090821" lon="1.151536">
        <ele>27.3</ele>
      </trkpt>
      <trkpt lat="41.090724" lon="1.151515">
        <ele>27.1</ele>
      </trkpt>
      <trkpt lat="41.090702" lon="1.15151">
        <ele>27.1</ele>
      </trkpt>
      <trkpt lat="41.090628" lon="1.151494">
        <ele>27.2</ele>
      </trkpt>
      <trkpt lat="41.090604" lon="1.1515">
        <ele>27.2</ele>
      </trkpt>
      <trkpt lat="41.090553" lon="1.151557">
        <ele>27.3</ele>
      </trkpt>
      <trkpt lat="41.090522" lon="1.151588">
        <ele>27.3</ele>
      </trkpt>
      <trkpt lat="41.090484" lon="1.151602">
        <ele>27.3</ele>
      </trkpt>
      <trkpt lat="41.090089" lon="1.151508">
        <ele>26.6</ele>
      </trkpt>
      <trkpt lat="41.089787" lon="1.151417">
        <ele>26.0</ele>
      </trkpt>
      <trkpt lat="41.089485" lon="1.151326">
        <ele>25.4</ele>
      </trkpt>
      <trkpt lat="41.089447" lon="1.151294">
        <ele>25.3</ele>
      </trkpt>
      <trkpt lat="41.089422" lon="1.151233">
        <ele>25.1</ele>
      </trkpt>
      <trkpt lat="41.089408" lon="1.151175">
        <ele>24.8</ele>
      </trkpt>
      <trkpt lat="41.089397" lon="1.151157">
        <ele>24.7</ele>
      </trkpt>
      <trkpt lat="41.089381" lon="1.151148">
        <ele>24.6</ele>
      </trkpt>
      <trkpt lat="41.089309" lon="1.151126">
        <ele>24.4</ele>
      </trkpt>
      <trkpt lat="41.089267" lon="1.151113">
        <ele>24.3</ele>
      </trkpt>
      <trkpt lat="41.089185" lon="1.151088">
        <ele>24.5</ele>
      </trkpt>
      <trkpt lat="41.089157" lon="1.151103">
        <ele>24.6</ele>
      </trkpt>
      <trkpt lat="41.089125" lon="1.151139">
        <ele>24.6</ele>
      </trkpt>
      <trkpt lat="41.089095" lon="1.151158">
        <ele>24.6</ele>
      </trkpt>
      <trkpt lat="41.08906" lon="1.151163">
        <ele>24.6</ele>
      </trkpt>
      <trkpt lat="41.089039" lon="1.151157">
        <ele>24.6</ele>
      </trkpt>
      <trkpt lat="41.088771" lon="1.151046">
        <ele>24.3</ele>
      </trkpt>
      <trkpt lat="41.088503" lon="1.150936">
        <ele>24.0</ele>
      </trkpt>
      <trkpt lat="41.088337" lon="1.150816">
        <ele>24.0</ele>
      </trkpt>
      <trkpt lat="41.088264" lon="1.150783">
        <ele>24.1</ele>
      </trkpt>
      <trkpt lat="41.08818" lon="1.150762">
        <ele>23.9</ele>
      </trkpt>
      <trkpt lat="41.088064" lon="1.150756">
        <ele>23.8</ele>
      </trkpt>
      <trkpt lat="41.088017" lon="1.150734">
        <ele>23.8</ele>
      </trkpt>
      <trkpt lat="41.088017" lon="1.150735">
        <ele>23.8</ele>
        <name>Salou, Tarragonès</name>
        <extensions>
          <oa:locType>routingNode</oa:locType>
          <oa:Extension>
            <oa:mapZoom>15</oa:mapZoom>
          </oa:Extension>
        </extensions>
      </trkpt>
      <trkpt lat="41.087717" lon="1.150595">
        <ele>23.9</ele>
      </trkpt>
      <trkpt lat="41.087369" lon="1.150435">
        <ele>24.4</ele>
      </trkpt>
      <trkpt lat="41.087022" lon="1.150274">
        <ele>24.8</ele>
      </trkpt>
      <trkpt lat="41.086958" lon="1.15023">
        <ele>24.8</ele>
      </trkpt>
      <trkpt lat="41.086905" lon="1.15019">
        <ele>24.7</ele>
      </trkpt>
      <trkpt lat="41.08664" lon="1.150036">
        <ele>22.9</ele>
      </trkpt>
      <trkpt lat="41.086434" lon="1.149913">
        <ele>20.6</ele>
      </trkpt>
      <trkpt lat="41.086228" lon="1.149791">
        <ele>18.9</ele>
      </trkpt>
      <trkpt lat="41.0862" lon="1.149778">
        <ele>18.8</ele>
      </trkpt>
      <trkpt lat="41.086053" lon="1.149714">
        <ele>18.6</ele>
      </trkpt>
      <trkpt lat="41.086018" lon="1.149699">
        <ele>18.5</ele>
      </trkpt>
      <trkpt lat="41.085927" lon="1.149658">
        <ele>18.5</ele>
      </trkpt>
      <trkpt lat="41.085892" lon="1.149643">
        <ele>18.6</ele>
      </trkpt>
      <trkpt lat="41.085753" lon="1.149581">
        <ele>19.1</ele>
      </trkpt>
      <trkpt lat="41.085712" lon="1.149563">
        <ele>19.2</ele>
      </trkpt>
      <trkpt lat="41.085446" lon="1.14949">
        <ele>20.7</ele>
      </trkpt>
      <trkpt lat="41.08518" lon="1.149417">
        <ele>22.3</ele>
      </trkpt>
      <trkpt lat="41.084964" lon="1.14936">
        <ele>23.5</ele>
      </trkpt>
      <trkpt lat="41.084842" lon="1.149318">
        <ele>23.1</ele>
      </trkpt>
      <trkpt lat="41.084435" lon="1.149137">
        <ele>21.6</ele>
      </trkpt>
      <trkpt lat="41.084029" lon="1.148956">
        <ele>20.1</ele>
      </trkpt>
      <trkpt lat="41.083957" lon="1.148913">
        <ele>19.7</ele>
      </trkpt>
      <trkpt lat="41.083889" lon="1.148863">
        <ele>19.4</ele>
      </trkpt>
      <trkpt lat="41.083844" lon="1.148827">
        <ele>19.2</ele>
      </trkpt>
      <trkpt lat="41.083786" lon="1.148789">
        <ele>19.0</ele>
      </trkpt>
      <trkpt lat="41.083752" lon="1.148771">
        <ele>18.9</ele>
      </trkpt>
      <trkpt lat="41.083704" lon="1.148751">
        <ele>18.7</ele>
      </trkpt>
      <trkpt lat="41.083644" lon="1.148738">
        <ele>18.5</ele>
      </trkpt>
      <trkpt lat="41.083567" lon="1.148727">
        <ele>18.2</ele>
      </trkpt>
      <trkpt lat="41.083509" lon="1.148714">
        <ele>17.9</ele>
      </trkpt>
      <trkpt lat="41.083407" lon="1.148682">
        <ele>17.6</ele>
      </trkpt>
      <trkpt lat="41.083008" lon="1.148506">
        <ele>16.0</ele>
      </trkpt>
      <trkpt lat="41.082608" lon="1.148331">
        <ele>14.5</ele>
      </trkpt>
      <trkpt lat="41.08257" lon="1.148305">
        <ele>14.3</ele>
      </trkpt>
      <trkpt lat="41.082495" lon="1.148247">
        <ele>13.9</ele>
      </trkpt>
      <trkpt lat="41.082444" lon="1.148202">
        <ele>13.8</ele>
      </trkpt>
      <trkpt lat="41.082246" lon="1.147983">
        <ele>12.1</ele>
      </trkpt>
      <trkpt lat="41.082208" lon="1.147954">
        <ele>11.9</ele>
      </trkpt>
      <trkpt lat="41.082171" lon="1.147932">
        <ele>11.8</ele>
      </trkpt>
      <trkpt lat="41.082097" lon="1.147908">
        <ele>11.7</ele>
      </trkpt>
      <trkpt lat="41.08204" lon="1.147902">
        <ele>11.6</ele>
      </trkpt>
      <trkpt lat="41.08196" lon="1.147912">
        <ele>11.6</ele>
      </trkpt>
      <trkpt lat="41.081846" lon="1.147913">
        <ele>11.3</ele>
      </trkpt>
      <trkpt lat="41.081718" lon="1.147899">
        <ele>11.0</ele>
      </trkpt>
      <trkpt lat="41.08163" lon="1.147876">
        <ele>10.7</ele>
      </trkpt>
      <trkpt lat="41.081589" lon="1.147862">
        <ele>10.5</ele>
      </trkpt>
      <trkpt lat="41.081541" lon="1.147846">
        <ele>10.4</ele>
      </trkpt>
      <trkpt lat="41.081171" lon="1.147684">
        <ele>9.0</ele>
      </trkpt>
      <trkpt lat="41.080802" lon="1.147523">
        <ele>7.8</ele>
      </trkpt>
      <trkpt lat="41.080432" lon="1.147362">
        <ele>6.7</ele>
      </trkpt>
      <trkpt lat="41.080062" lon="1.147201">
        <ele>5.8</ele>
      </trkpt>
      <trkpt lat="41.079892" lon="1.147107">
        <ele>5.4</ele>
      </trkpt>
      <trkpt lat="41.079857" lon="1.147079">
        <ele>5.3</ele>
      </trkpt>
      <trkpt lat="41.079825" lon="1.147051">
        <ele>5.2</ele>
      </trkpt>
      <trkpt lat="41.079796" lon="1.147011">
        <ele>5.1</ele>
      </trkpt>
      <trkpt lat="41.079773" lon="1.146968">
        <ele>5.0</ele>
      </trkpt>
      <trkpt lat="41.079762" lon="1.146923">
        <ele>4.9</ele>
      </trkpt>
      <trkpt lat="41.079755" lon="1.146855">
        <ele>4.7</ele>
      </trkpt>
      <trkpt lat="41.079763" lon="1.146806">
        <ele>4.6</ele>
      </trkpt>
      <trkpt lat="41.079779" lon="1.146738">
        <ele>4.5</ele>
      </trkpt>
      <trkpt lat="41.079775" lon="1.146714">
        <ele>4.5</ele>
      </trkpt>
      <trkpt lat="41.079769" lon="1.146696">
        <ele>4.4</ele>
      </trkpt>
      <trkpt lat="41.079727" lon="1.146622">
        <ele>4.3</ele>
      </trkpt>
      <trkpt lat="41.079654" lon="1.14651">
        <ele>4.1</ele>
      </trkpt>
      <trkpt lat="41.079614" lon="1.146429">
        <ele>4.3</ele>
      </trkpt>
      <trkpt lat="41.079592" lon="1.14641">
        <ele>4.4</ele>
      </trkpt>
      <trkpt lat="41.079566" lon="1.146406">
        <ele>4.4</ele>
      </trkpt>
      <trkpt lat="41.079502" lon="1.146432">
        <ele>4.3</ele>
      </trkpt>
      <trkpt lat="41.079446" lon="1.146447">
        <ele>4.3</ele>
      </trkpt>
      <trkpt lat="41.079386" lon="1.14646">
        <ele>4.2</ele>
      </trkpt>
      <trkpt lat="41.079271" lon="1.146471">
        <ele>4.1</ele>
      </trkpt>
      <trkpt lat="41.079155" lon="1.146479">
        <ele>4.0</ele>
      </trkpt>
      <trkpt lat="41.079086" lon="1.146473">
        <ele>4.0</ele>
      </trkpt>
      <trkpt lat="41.079021" lon="1.146462">
        <ele>4.0</ele>
      </trkpt>
      <trkpt lat="41.078968" lon="1.146448">
        <ele>3.9</ele>
      </trkpt>
      <trkpt lat="41.078914" lon="1.146426">
        <ele>3.9</ele>
      </trkpt>
      <trkpt lat="41.078848" lon="1.146376">
        <ele>3.8</ele>
      </trkpt>
      <trkpt lat="41.078772" lon="1.146307">
        <ele>3.7</ele>
      </trkpt>
      <trkpt lat="41.078729" lon="1.146245">
        <ele>3.6</ele>
      </trkpt>
      <trkpt lat="41.078702" lon="1.146188">
        <ele>3.5</ele>
      </trkpt>
      <trkpt lat="41.078689" lon="1.146161">
        <ele>3.5</ele>
      </trkpt>
      <trkpt lat="41.078673" lon="1.146129">
        <ele>3.5</ele>
      </trkpt>
      <trkpt lat="41.078648" lon="1.146069">
        <ele>3.2</ele>
      </trkpt>
      <trkpt lat="41.078645" lon="1.14602">
        <ele>3.0</ele>
      </trkpt>
      <trkpt lat="41.078655" lon="1.145987">
        <ele>3.0</ele>
      </trkpt>
      <trkpt lat="41.078655" lon="1.145976">
        <ele>3.0</ele>
      </trkpt>
      <trkpt lat="41.07865" lon="1.145963">
        <ele>3.0</ele>
      </trkpt>
      <trkpt lat="41.078623" lon="1.145922">
        <ele>3.0</ele>
      </trkpt>
      <trkpt lat="41.078585" lon="1.145875">
        <ele>3.1</ele>
      </trkpt>
      <trkpt lat="41.078578" lon="1.145873">
        <ele>3.2</ele>
      </trkpt>
      <trkpt lat="41.078571" lon="1.14587">
        <ele>3.2</ele>
      </trkpt>
      <trkpt lat="41.078558" lon="1.145876">
        <ele>3.2</ele>
      </trkpt>
      <trkpt lat="41.078537" lon="1.145889">
        <ele>3.3</ele>
      </trkpt>
      <trkpt lat="41.078517" lon="1.145902">
        <ele>3.3</ele>
      </trkpt>
      <trkpt lat="41.078485" lon="1.145908">
        <ele>3.3</ele>
      </trkpt>
      <trkpt lat="41.078456" lon="1.145902">
        <ele>3.3</ele>
      </trkpt>
      <trkpt lat="41.078431" lon="1.145886">
        <ele>3.3</ele>
      </trkpt>
      <trkpt lat="41.078225" lon="1.145567">
        <ele>3.3</ele>
      </trkpt>
      <trkpt lat="41.077957" lon="1.145129">
        <ele>3.0</ele>
      </trkpt>
      <trkpt lat="41.077688" lon="1.144691">
        <ele>2.5</ele>
      </trkpt>
      <trkpt lat="41.07742" lon="1.144252">
        <ele>2.3</ele>
      </trkpt>
      <trkpt lat="41.077408" lon="1.144264">
        <ele>2.2</ele>
      </trkpt>
      <trkpt lat="41.077353" lon="1.14432">
        <ele>2.1</ele>
      </trkpt>
      <trkpt lat="41.07729" lon="1.144214">
        <ele>2.1</ele>
      </trkpt>
      <trkpt lat="41.077115" lon="1.143938">
        <ele>1.7</ele>
      </trkpt>
      <trkpt lat="41.077105" lon="1.143902">
        <ele>1.7</ele>
      </trkpt>
      <trkpt lat="41.077093" lon="1.143868">
        <ele>1.7</ele>
      </trkpt>
      <trkpt lat="41.077078" lon="1.143836">
        <ele>1.8</ele>
      </trkpt>
      <trkpt lat="41.077046" lon="1.143786">
        <ele>1.8</ele>
      </trkpt>
      <trkpt lat="41.077008" lon="1.143744">
        <ele>1.8</ele>
      </trkpt>
      <trkpt lat="41.076965" lon="1.143711">
        <ele>1.7</ele>
      </trkpt>
      <trkpt lat="41.076918" lon="1.143689">
        <ele>1.6</ele>
      </trkpt>
      <trkpt lat="41.076869" lon="1.143679">
        <ele>1.7</ele>
      </trkpt>
      <trkpt lat="41.076819" lon="1.14368">
        <ele>1.7</ele>
      </trkpt>
      <trkpt lat="41.07677" lon="1.143693">
        <ele>1.7</ele>
      </trkpt>
      <trkpt lat="41.076724" lon="1.143716">
        <ele>1.7</ele>
      </trkpt>
      <trkpt lat="41.076697" lon="1.143737">
        <ele>1.7</ele>
      </trkpt>
      <trkpt lat="41.076672" lon="1.143761">
        <ele>1.7</ele>
      </trkpt>
      <trkpt lat="41.076649" lon="1.143788">
        <ele>1.7</ele>
      </trkpt>
      <trkpt lat="41.076629" lon="1.143819">
        <ele>1.7</ele>
      </trkpt>
      <trkpt lat="41.076611" lon="1.143853">
        <ele>1.7</ele>
      </trkpt>
      <trkpt lat="41.076596" lon="1.143889">
        <ele>1.6</ele>
      </trkpt>
      <trkpt lat="41.07643" lon="1.144026">
        <ele>1.9</ele>
      </trkpt>
      <trkpt lat="41.076348" lon="1.144095">
        <ele>1.8</ele>
      </trkpt>
      <trkpt lat="41.076105" lon="1.144234">
        <ele>1.9</ele>
      </trkpt>
      <trkpt lat="41.075867" lon="1.144354">
        <ele>1.9</ele>
      </trkpt>
      <trkpt lat="41.075733" lon="1.144401">
        <ele>2.0</ele>
      </trkpt>
      <trkpt lat="41.075666" lon="1.144425">
        <ele>2.0</ele>
      </trkpt>
      <trkpt lat="41.075569" lon="1.14439">
        <ele>2.0</ele>
      </trkpt>
      <trkpt lat="41.075427" lon="1.144323">
        <ele>2.0</ele>
      </trkpt>
      <trkpt lat="41.075285" lon="1.14418">
        <ele>1.8</ele>
      </trkpt>
      <trkpt lat="41.075218" lon="1.144073">
        <ele>1.8</ele>
      </trkpt>
      <trkpt lat="41.075168" lon="1.143962">
        <ele>1.8</ele>
      </trkpt>
      <trkpt lat="41.07514" lon="1.143841">
        <ele>1.8</ele>
      </trkpt>
      <trkpt lat="41.075109" lon="1.143709">
        <ele>1.9</ele>
      </trkpt>
      <trkpt lat="41.075211" lon="1.14345">
        <ele>1.8</ele>
      </trkpt>
      <trkpt lat="41.075231" lon="1.143387">
        <ele>1.8</ele>
      </trkpt>
      <trkpt lat="41.074903" lon="1.143187">
        <ele>1.9</ele>
      </trkpt>
      <trkpt lat="41.074575" lon="1.142987">
        <ele>1.8</ele>
      </trkpt>
      <trkpt lat="41.074247" lon="1.142787">
        <ele>1.8</ele>
      </trkpt>
      <trkpt lat="41.073918" lon="1.142587">
        <ele>1.7</ele>
      </trkpt>
      <trkpt lat="41.073846" lon="1.142543">
        <ele>1.5</ele>
      </trkpt>
      <trkpt lat="41.073897" lon="1.142384">
        <ele>1.6</ele>
      </trkpt>
      <trkpt lat="41.073993" lon="1.142085">
        <ele>1.6</ele>
      </trkpt>
      <trkpt lat="41.074089" lon="1.141787">
        <ele>1.5</ele>
      </trkpt>
      <trkpt lat="41.074103" lon="1.141744">
        <ele>1.5</ele>
      </trkpt>
      <trkpt lat="41.074114" lon="1.141709">
        <ele>1.5</ele>
      </trkpt>
      <trkpt lat="41.074076" lon="1.141686">
        <ele>1.5</ele>
      </trkpt>
      <trkpt lat="41.073947" lon="1.14163">
        <ele>1.4</ele>
      </trkpt>
      <trkpt lat="41.073841" lon="1.141578">
        <ele>1.4</ele>
      </trkpt>
      <trkpt lat="41.073804" lon="1.141579">
        <ele>1.4</ele>
      </trkpt>
      <trkpt lat="41.073789" lon="1.14158">
        <ele>1.4</ele>
      </trkpt>
      <trkpt lat="41.073748" lon="1.141558">
        <ele>1.3</ele>
      </trkpt>
      <trkpt lat="41.073622" lon="1.141492">
        <ele>1.3</ele>
      </trkpt>
      <trkpt lat="41.073498" lon="1.141428">
        <ele>1.2</ele>
      </trkpt>
      <trkpt lat="41.073434" lon="1.141394">
        <ele>1.2</ele>
      </trkpt>
      <trkpt lat="41.073421" lon="1.141387">
        <ele>1.2</ele>
      </trkpt>
      <trkpt lat="41.073405" lon="1.141379">
        <ele>1.2</ele>
      </trkpt>
      <trkpt lat="41.073506" lon="1.140979">
        <ele>1.6</ele>
      </trkpt>
      <trkpt lat="41.073607" lon="1.140579">
        <ele>1.2</ele>
      </trkpt>
      <trkpt lat="41.07369" lon="1.140194">
        <ele>1.5</ele>
      </trkpt>
      <trkpt lat="41.073773" lon="1.139809">
        <ele>1.2</ele>
      </trkpt>
      <trkpt lat="41.073867" lon="1.139296">
        <ele>1.4</ele>
      </trkpt>
      <trkpt lat="41.073894" lon="1.139126">
        <ele>1.4</ele>
      </trkpt>
      <trkpt lat="41.073904" lon="1.139036">
        <ele>1.4</ele>
      </trkpt>
      <trkpt lat="41.073955" lon="1.13855">
        <ele>1.0</ele>
      </trkpt>
      <trkpt lat="41.07402" lon="1.138076">
        <ele>1.5</ele>
      </trkpt>
      <trkpt lat="41.074086" lon="1.137603">
        <ele>1.2</ele>
      </trkpt>
      <trkpt lat="41.074097" lon="1.1375">
        <ele>1.4</ele>
      </trkpt>
      <trkpt lat="41.074141" lon="1.137092">
        <ele>1.5</ele>
      </trkpt>
      <trkpt lat="41.074185" lon="1.136685">
        <ele>1.2</ele>
      </trkpt>
      <trkpt lat="41.074227" lon="1.136192">
        <ele>1.5</ele>
      </trkpt>
      <trkpt lat="41.074244" lon="1.135991">
        <ele>1.5</ele>
      </trkpt>
      <trkpt lat="41.074287" lon="1.135499">
        <ele>1.5</ele>
      </trkpt>
      <trkpt lat="41.074292" lon="1.135442">
        <ele>1.5</ele>
        <name>Salou, Tarragonès</name>
        <extensions>
          <oa:locType>routingNode</oa:locType>
          <oa:Extension>
            <oa:mapZoom>15</oa:mapZoom>
          </oa:Extension>
        </extensions>
      </trkpt>
      <trkpt lat="41.074329" lon="1.135006">
        <ele>1.0</ele>
      </trkpt>
      <trkpt lat="41.074363" lon="1.134591">
        <ele>1.4</ele>
      </trkpt>
      <trkpt lat="41.074397" lon="1.134176">
        <ele>1.5</ele>
      </trkpt>
      <trkpt lat="41.074432" lon="1.133752">
        <ele>1.3</ele>
      </trkpt>
      <trkpt lat="41.074467" lon="1.133327">
        <ele>1.1</ele>
      </trkpt>
      <trkpt lat="41.07447" lon="1.133285">
        <ele>1.0</ele>
      </trkpt>
      <trkpt lat="41.074488" lon="1.132847">
        <ele>1.4</ele>
      </trkpt>
      <trkpt lat="41.074459" lon="1.132546">
        <ele>1.4</ele>
      </trkpt>
      <trkpt lat="41.074431" lon="1.132246">
        <ele>1.6</ele>
      </trkpt>
      <trkpt lat="41.074428" lon="1.132212">
        <ele>1.6</ele>
      </trkpt>
      <trkpt lat="41.074529" lon="1.132188">
        <ele>1.6</ele>
      </trkpt>
      <trkpt lat="41.074597" lon="1.13214">
        <ele>1.6</ele>
      </trkpt>
      <trkpt lat="41.074595" lon="1.131928">
        <ele>1.7</ele>
      </trkpt>
      <trkpt lat="41.074842" lon="1.13187">
        <ele>1.7</ele>
      </trkpt>
      <trkpt lat="41.075089" lon="1.131812">
        <ele>1.7</ele>
      </trkpt>
      <trkpt lat="41.075066" lon="1.131653">
        <ele>1.7</ele>
      </trkpt>
      <trkpt lat="41.075063" lon="1.131624">
        <ele>1.7</ele>
      </trkpt>
      <trkpt lat="41.075095" lon="1.131616">
        <ele>1.7</ele>
      </trkpt>
      <trkpt lat="41.075127" lon="1.131608">
        <ele>1.7</ele>
      </trkpt>
      <trkpt lat="41.075159" lon="1.1316">
        <ele>1.7</ele>
      </trkpt>
      <trkpt lat="41.075191" lon="1.131593">
        <ele>1.7</ele>
      </trkpt>
      <trkpt lat="41.075223" lon="1.131585">
        <ele>1.7</ele>
      </trkpt>
      <trkpt lat="41.075254" lon="1.131577">
        <ele>1.7</ele>
      </trkpt>
      <trkpt lat="41.075287" lon="1.131569">
        <ele>1.7</ele>
      </trkpt>
      <trkpt lat="41.075318" lon="1.131561">
        <ele>1.7</ele>
      </trkpt>
      <trkpt lat="41.07535" lon="1.131554">
        <ele>1.8</ele>
      </trkpt>
      <trkpt lat="41.075368" lon="1.131548">
        <ele>1.8</ele>
      </trkpt>
      <trkpt lat="41.075386" lon="1.131542">
        <ele>1.9</ele>
      </trkpt>
      <trkpt lat="41.075415" lon="1.131495">
        <ele>1.8</ele>
      </trkpt>
      <trkpt lat="41.075444" lon="1.131491">
        <ele>1.8</ele>
      </trkpt>
      <trkpt lat="41.075473" lon="1.131488">
        <ele>1.7</ele>
      </trkpt>
      <trkpt lat="41.075472" lon="1.131445">
        <ele>1.6</ele>
      </trkpt>
      <trkpt lat="41.075453" lon="1.131142">
        <ele>1.7</ele>
      </trkpt>
      <trkpt lat="41.075435" lon="1.130839">
        <ele>1.6</ele>
      </trkpt>
      <trkpt lat="41.075421" lon="1.13054">
        <ele>1.8</ele>
      </trkpt>
      <trkpt lat="41.075407" lon="1.130236">
        <ele>1.8</ele>
      </trkpt>
      <trkpt lat="41.075392" lon="1.129931">
        <ele>1.8</ele>
      </trkpt>
      <trkpt lat="41.075366" lon="1.12946">
        <ele>1.8</ele>
      </trkpt>
      <trkpt lat="41.075359" lon="1.128975">
        <ele>1.8</ele>
      </trkpt>
      <trkpt lat="41.075355" lon="1.128731">
        <ele>1.8</ele>
      </trkpt>
      <trkpt lat="41.075353" lon="1.128554">
        <ele>1.8</ele>
      </trkpt>
      <trkpt lat="41.075351" lon="1.12825">
        <ele>1.9</ele>
      </trkpt>
      <trkpt lat="41.075348" lon="1.127947">
        <ele>1.9</ele>
      </trkpt>
      <trkpt lat="41.075347" lon="1.127889">
        <ele>1.9</ele>
      </trkpt>
      <trkpt lat="41.07532" lon="1.127398">
        <ele>2.0</ele>
      </trkpt>
      <trkpt lat="41.075292" lon="1.126908">
        <ele>2.1</ele>
      </trkpt>
      <trkpt lat="41.075241" lon="1.126379">
        <ele>2.1</ele>
      </trkpt>
      <trkpt lat="41.075212" lon="1.125899">
        <ele>2.1</ele>
      </trkpt>
      <trkpt lat="41.075183" lon="1.12542">
        <ele>2.1</ele>
      </trkpt>
      <trkpt lat="41.075133" lon="1.124834">
        <ele>2.1</ele>
      </trkpt>
      <trkpt lat="41.075082" lon="1.124249">
        <ele>2.1</ele>
      </trkpt>
      <trkpt lat="41.075054" lon="1.123951">
        <ele>1.9</ele>
      </trkpt>
      <trkpt lat="41.075027" lon="1.123652">
        <ele>2.0</ele>
      </trkpt>
      <trkpt lat="41.074999" lon="1.123443">
        <ele>2.0</ele>
      </trkpt>
      <trkpt lat="41.074943" lon="1.12305">
        <ele>2.0</ele>
      </trkpt>
      <trkpt lat="41.074888" lon="1.122657">
        <ele>2.0</ele>
      </trkpt>
      <trkpt lat="41.07487" lon="1.122529">
        <ele>2.0</ele>
      </trkpt>
      <trkpt lat="41.074803" lon="1.122054">
        <ele>1.9</ele>
      </trkpt>
      <trkpt lat="41.074741" lon="1.121622">
        <ele>1.9</ele>
      </trkpt>
      <trkpt lat="41.074708" lon="1.121383">
        <ele>1.9</ele>
      </trkpt>
      <trkpt lat="41.074694" lon="1.121275">
        <ele>1.8</ele>
      </trkpt>
      <trkpt lat="41.074642" lon="1.120907">
        <ele>1.8</ele>
      </trkpt>
      <trkpt lat="41.07459" lon="1.12054">
        <ele>1.8</ele>
      </trkpt>
      <trkpt lat="41.074524" lon="1.120028">
        <ele>2.0</ele>
      </trkpt>
      <trkpt lat="41.07448" lon="1.119686">
        <ele>1.8</ele>
      </trkpt>
      <trkpt lat="41.074435" lon="1.119345">
        <ele>1.9</ele>
      </trkpt>
      <trkpt lat="41.074409" lon="1.119153">
        <ele>2.0</ele>
      </trkpt>
      <trkpt lat="41.074352" lon="1.118725">
        <ele>1.9</ele>
      </trkpt>
      <trkpt lat="41.074275" lon="1.118364">
        <ele>1.9</ele>
      </trkpt>
      <trkpt lat="41.074198" lon="1.118004">
        <ele>2.0</ele>
      </trkpt>
      <trkpt lat="41.074031" lon="1.117554">
        <ele>1.6</ele>
      </trkpt>
      <trkpt lat="41.074027" lon="1.117539">
        <ele>1.6</ele>
      </trkpt>
      <trkpt lat="41.074019" lon="1.117516">
        <ele>1.5</ele>
      </trkpt>
      <trkpt lat="41.074011" lon="1.117483">
        <ele>1.6</ele>
      </trkpt>
      <trkpt lat="41.073977" lon="1.1175">
        <ele>1.6</ele>
      </trkpt>
      <trkpt lat="41.07395" lon="1.117501">
        <ele>1.6</ele>
      </trkpt>
      <trkpt lat="41.073919" lon="1.11749">
        <ele>1.6</ele>
      </trkpt>
      <trkpt lat="41.073894" lon="1.117443">
        <ele>1.6</ele>
      </trkpt>
      <trkpt lat="41.07389" lon="1.117399">
        <ele>1.6</ele>
      </trkpt>
      <trkpt lat="41.073905" lon="1.117352">
        <ele>1.7</ele>
      </trkpt>
      <trkpt lat="41.073935" lon="1.117322">
        <ele>1.7</ele>
      </trkpt>
      <trkpt lat="41.073827" lon="1.117027">
        <ele>1.8</ele>
      </trkpt>
      <trkpt lat="41.073718" lon="1.116733">
        <ele>1.7</ele>
      </trkpt>
      <trkpt lat="41.073552" lon="1.116288">
        <ele>1.8</ele>
      </trkpt>
      <trkpt lat="41.073477" lon="1.116089">
        <ele>1.8</ele>
      </trkpt>
      <trkpt lat="41.073357" lon="1.115838">
        <ele>1.9</ele>
      </trkpt>
      <trkpt lat="41.073345" lon="1.115812">
        <ele>1.9</ele>
      </trkpt>
      <trkpt lat="41.073239" lon="1.11551">
        <ele>2.1</ele>
      </trkpt>
      <trkpt lat="41.073139" lon="1.115228">
        <ele>2.0</ele>
      </trkpt>
      <trkpt lat="41.073085" lon="1.115046">
        <ele>1.7</ele>
      </trkpt>
      <trkpt lat="41.072975" lon="1.11462">
        <ele>1.7</ele>
      </trkpt>
      <trkpt lat="41.072971" lon="1.114607">
        <ele>1.7</ele>
      </trkpt>
      <trkpt lat="41.072921" lon="1.114457">
        <ele>1.8</ele>
      </trkpt>
      <trkpt lat="41.072801" lon="1.114148">
        <ele>2.0</ele>
      </trkpt>
      <trkpt lat="41.072681" lon="1.11384">
        <ele>2.1</ele>
      </trkpt>
      <trkpt lat="41.072474" lon="1.113324">
        <ele>2.0</ele>
      </trkpt>
      <trkpt lat="41.072415" lon="1.113145">
        <ele>2.1</ele>
      </trkpt>
      <trkpt lat="41.072349" lon="1.112925">
        <ele>2.0</ele>
      </trkpt>
      <trkpt lat="41.072326" lon="1.112726">
        <ele>2.2</ele>
      </trkpt>
      <trkpt lat="41.072294" lon="1.112446">
        <ele>2.1</ele>
      </trkpt>
      <trkpt lat="41.072266" lon="1.112118">
        <ele>2.2</ele>
      </trkpt>
      <trkpt lat="41.072239" lon="1.11179">
        <ele>2.2</ele>
      </trkpt>
      <trkpt lat="41.072208" lon="1.11137">
        <ele>2.1</ele>
      </trkpt>
      <trkpt lat="41.072167" lon="1.111075">
        <ele>2.1</ele>
      </trkpt>
      <trkpt lat="41.072142" lon="1.110972">
        <ele>2.2</ele>
      </trkpt>
      <trkpt lat="41.072094" lon="1.110734">
        <ele>2.3</ele>
      </trkpt>
      <trkpt lat="41.072021" lon="1.110387">
        <ele>2.2</ele>
      </trkpt>
      <trkpt lat="41.072004" lon="1.110286">
        <ele>2.3</ele>
      </trkpt>
      <trkpt lat="41.071978" lon="1.110129">
        <ele>2.2</ele>
      </trkpt>
      <trkpt lat="41.071938" lon="1.10987">
        <ele>2.1</ele>
      </trkpt>
      <trkpt lat="41.071934" lon="1.109811">
        <ele>2.1</ele>
      </trkpt>
      <trkpt lat="41.07193" lon="1.109755">
        <ele>2.1</ele>
      </trkpt>
      <trkpt lat="41.071907" lon="1.109668">
        <ele>1.9</ele>
      </trkpt>
      <trkpt lat="41.071868" lon="1.109583">
        <ele>2.0</ele>
      </trkpt>
      <trkpt lat="41.071819" lon="1.109496">
        <ele>1.8</ele>
      </trkpt>
      <trkpt lat="41.071805" lon="1.109462">
        <ele>1.7</ele>
      </trkpt>
      <trkpt lat="41.071799" lon="1.109423">
        <ele>1.7</ele>
      </trkpt>
      <trkpt lat="41.071798" lon="1.10938">
        <ele>1.7</ele>
      </trkpt>
      <trkpt lat="41.071819" lon="1.109056">
        <ele>1.5</ele>
      </trkpt>
      <trkpt lat="41.071829" lon="1.108861">
        <ele>1.7</ele>
      </trkpt>
      <trkpt lat="41.071829" lon="1.108786">
        <ele>1.8</ele>
      </trkpt>
      <trkpt lat="41.071825" lon="1.108732">
        <ele>1.8</ele>
      </trkpt>
      <trkpt lat="41.071818" lon="1.108671">
        <ele>1.8</ele>
      </trkpt>
      <trkpt lat="41.071737" lon="1.10823">
        <ele>1.7</ele>
      </trkpt>
      <trkpt lat="41.071657" lon="1.107789">
        <ele>1.9</ele>
      </trkpt>
      <trkpt lat="41.071576" lon="1.107349">
        <ele>1.9</ele>
      </trkpt>
      <trkpt lat="41.071556" lon="1.107195">
        <ele>1.8</ele>
        <name>Cambrils, Baix Camp</name>
        <extensions>
          <oa:locType>routingNode</oa:locType>
          <oa:Extension>
            <oa:mapZoom>14</oa:mapZoom>
          </oa:Extension>
        </extensions>
      </trkpt>
      <trkpt lat="41.071539" lon="1.107079">
        <ele>1.8</ele>
      </trkpt>
      <trkpt lat="41.071521" lon="1.106936">
        <ele>1.7</ele>
      </trkpt>
      <trkpt lat="41.071506" lon="1.106797">
        <ele>1.8</ele>
      </trkpt>
      <trkpt lat="41.07148" lon="1.106339">
        <ele>1.8</ele>
      </trkpt>
      <trkpt lat="41.071433" lon="1.10602">
        <ele>1.7</ele>
      </trkpt>
      <trkpt lat="41.071415" lon="1.105952">
        <ele>1.8</ele>
      </trkpt>
      <trkpt lat="41.071395" lon="1.105895">
        <ele>1.8</ele>
      </trkpt>
      <trkpt lat="41.071367" lon="1.105767">
        <ele>1.7</ele>
      </trkpt>
      <trkpt lat="41.071349" lon="1.105661">
        <ele>1.7</ele>
      </trkpt>
      <trkpt lat="41.071343" lon="1.105562">
        <ele>1.8</ele>
      </trkpt>
      <trkpt lat="41.071348" lon="1.105488">
        <ele>1.8</ele>
      </trkpt>
      <trkpt lat="41.071359" lon="1.105333">
        <ele>1.9</ele>
      </trkpt>
      <trkpt lat="41.071356" lon="1.105218">
        <ele>1.9</ele>
      </trkpt>
      <trkpt lat="41.071349" lon="1.105097">
        <ele>1.7</ele>
      </trkpt>
      <trkpt lat="41.071334" lon="1.105047">
        <ele>1.8</ele>
      </trkpt>
      <trkpt lat="41.07124" lon="1.10486">
        <ele>2.1</ele>
      </trkpt>
      <trkpt lat="41.071156" lon="1.104602">
        <ele>2.3</ele>
      </trkpt>
      <trkpt lat="41.07113" lon="1.104463">
        <ele>2.3</ele>
      </trkpt>
      <trkpt lat="41.07109" lon="1.104263">
        <ele>2.4</ele>
      </trkpt>
      <trkpt lat="41.071045" lon="1.103902">
        <ele>2.2</ele>
      </trkpt>
      <trkpt lat="41.070986" lon="1.10363">
        <ele>1.3</ele>
      </trkpt>
      <trkpt lat="41.070905" lon="1.103337">
        <ele>2.1</ele>
      </trkpt>
      <trkpt lat="41.070826" lon="1.103185">
        <ele>2.1</ele>
      </trkpt>
      <trkpt lat="41.070657" lon="1.10286">
        <ele>2.1</ele>
      </trkpt>
      <trkpt lat="41.07061" lon="1.102749">
        <ele>2.2</ele>
      </trkpt>
      <trkpt lat="41.070492" lon="1.102179">
        <ele>2.1</ele>
      </trkpt>
      <trkpt lat="41.070416" lon="1.10196">
        <ele>2.1</ele>
      </trkpt>
      <trkpt lat="41.070294" lon="1.101739">
        <ele>2.0</ele>
      </trkpt>
      <trkpt lat="41.070201" lon="1.101462">
        <ele>1.9</ele>
      </trkpt>
      <trkpt lat="41.070117" lon="1.101207">
        <ele>1.9</ele>
      </trkpt>
      <trkpt lat="41.070036" lon="1.100914">
        <ele>2.0</ele>
      </trkpt>
      <trkpt lat="41.06994" lon="1.100627">
        <ele>2.1</ele>
      </trkpt>
      <trkpt lat="41.069852" lon="1.100434">
        <ele>2.3</ele>
      </trkpt>
      <trkpt lat="41.069749" lon="1.100245">
        <ele>2.2</ele>
      </trkpt>
      <trkpt lat="41.069603" lon="1.099971">
        <ele>2.3</ele>
      </trkpt>
      <trkpt lat="41.069457" lon="1.099697">
        <ele>2.3</ele>
      </trkpt>
      <trkpt lat="41.069302" lon="1.099347">
        <ele>2.2</ele>
      </trkpt>
      <trkpt lat="41.069147" lon="1.098997">
        <ele>2.2</ele>
      </trkpt>
      <trkpt lat="41.069039" lon="1.098576">
        <ele>2.0</ele>
      </trkpt>
      <trkpt lat="41.068931" lon="1.098155">
        <ele>1.9</ele>
      </trkpt>
      <trkpt lat="41.068876" lon="1.097776">
        <ele>2.0</ele>
      </trkpt>
      <trkpt lat="41.068671" lon="1.097348">
        <ele>2.0</ele>
      </trkpt>
      <trkpt lat="41.068583" lon="1.097053">
        <ele>2.1</ele>
      </trkpt>
      <trkpt lat="41.068496" lon="1.096758">
        <ele>1.9</ele>
      </trkpt>
      <trkpt lat="41.068423" lon="1.096349">
        <ele>1.9</ele>
      </trkpt>
      <trkpt lat="41.068349" lon="1.09594">
        <ele>1.9</ele>
      </trkpt>
      <trkpt lat="41.068305" lon="1.095632">
        <ele>2.1</ele>
      </trkpt>
      <trkpt lat="41.068261" lon="1.095323">
        <ele>2.3</ele>
      </trkpt>
      <trkpt lat="41.068233" lon="1.095189">
        <ele>2.4</ele>
      </trkpt>
      <trkpt lat="41.068218" lon="1.095074">
        <ele>2.6</ele>
      </trkpt>
      <trkpt lat="41.068143" lon="1.094788">
        <ele>2.6</ele>
      </trkpt>
      <trkpt lat="41.067984" lon="1.094389">
        <ele>2.6</ele>
      </trkpt>
      <trkpt lat="41.067826" lon="1.09399">
        <ele>2.5</ele>
      </trkpt>
      <trkpt lat="41.067668" lon="1.093591">
        <ele>2.4</ele>
      </trkpt>
      <trkpt lat="41.067481" lon="1.093152">
        <ele>2.1</ele>
      </trkpt>
      <trkpt lat="41.067294" lon="1.092714">
        <ele>2.0</ele>
      </trkpt>
      <trkpt lat="41.067107" lon="1.092275">
        <ele>1.9</ele>
      </trkpt>
      <trkpt lat="41.066983" lon="1.091937">
        <ele>2.0</ele>
      </trkpt>
      <trkpt lat="41.066859" lon="1.091599">
        <ele>1.8</ele>
      </trkpt>
      <trkpt lat="41.066851" lon="1.091578">
        <ele>1.9</ele>
      </trkpt>
      <trkpt lat="41.066668" lon="1.091058">
        <ele>1.8</ele>
      </trkpt>
      <trkpt lat="41.06662" lon="1.090752">
        <ele>2.0</ele>
      </trkpt>
      <trkpt lat="41.066505" lon="1.090511">
        <ele>1.7</ele>
      </trkpt>
      <trkpt lat="41.066333" lon="1.090223">
        <ele>1.7</ele>
      </trkpt>
      <trkpt lat="41.066178" lon="1.089885">
        <ele>1.7</ele>
      </trkpt>
      <trkpt lat="41.066024" lon="1.089547">
        <ele>1.6</ele>
      </trkpt>
      <trkpt lat="41.066004" lon="1.089492">
        <ele>1.5</ele>
      </trkpt>
      <trkpt lat="41.065926" lon="1.089272">
        <ele>1.4</ele>
      </trkpt>
      <trkpt lat="41.065808" lon="1.088916">
        <ele>1.2</ele>
      </trkpt>
      <trkpt lat="41.065691" lon="1.088559">
        <ele>1.6</ele>
      </trkpt>
      <trkpt lat="41.065576" lon="1.088091">
        <ele>1.5</ele>
      </trkpt>
      <trkpt lat="41.065461" lon="1.087624">
        <ele>1.8</ele>
      </trkpt>
      <trkpt lat="41.065337" lon="1.087262">
        <ele>1.8</ele>
      </trkpt>
      <trkpt lat="41.065144" lon="1.086846">
        <ele>1.8</ele>
      </trkpt>
      <trkpt lat="41.064951" lon="1.08643">
        <ele>1.7</ele>
      </trkpt>
      <trkpt lat="41.064791" lon="1.08613">
        <ele>1.7</ele>
      </trkpt>
      <trkpt lat="41.064749" lon="1.085758">
        <ele>1.6</ele>
      </trkpt>
      <trkpt lat="41.064631" lon="1.085342">
        <ele>1.9</ele>
      </trkpt>
      <trkpt lat="41.06447" lon="1.084969">
        <ele>2.3</ele>
      </trkpt>
      <trkpt lat="41.064309" lon="1.084596">
        <ele>2.4</ele>
      </trkpt>
      <trkpt lat="41.064251" lon="1.084315">
        <ele>2.1</ele>
      </trkpt>
      <trkpt lat="41.064186" lon="1.083996">
        <ele>2.0</ele>
      </trkpt>
      <trkpt lat="41.064072" lon="1.083486">
        <ele>2.6</ele>
      </trkpt>
      <trkpt lat="41.064051" lon="1.083396">
        <ele>2.6</ele>
      </trkpt>
      <trkpt lat="41.06403" lon="1.08331">
        <ele>2.8</ele>
      </trkpt>
      <trkpt lat="41.064033" lon="1.083165">
        <ele>2.9</ele>
      </trkpt>
      <trkpt lat="41.064039" lon="1.083134">
        <ele>2.9</ele>
      </trkpt>
      <trkpt lat="41.064043" lon="1.083094">
        <ele>3.0</ele>
      </trkpt>
      <trkpt lat="41.064048" lon="1.083094">
        <ele>3.0</ele>
      </trkpt>
      <trkpt lat="41.064053" lon="1.083094">
        <ele>3.0</ele>
      </trkpt>
      <trkpt lat="41.064058" lon="1.083093">
        <ele>3.0</ele>
      </trkpt>
      <trkpt lat="41.064063" lon="1.083091">
        <ele>3.1</ele>
      </trkpt>
      <trkpt lat="41.064068" lon="1.083088">
        <ele>3.1</ele>
      </trkpt>
      <trkpt lat="41.064072" lon="1.083084">
        <ele>3.1</ele>
      </trkpt>
      <trkpt lat="41.064076" lon="1.08308">
        <ele>3.1</ele>
      </trkpt>
      <trkpt lat="41.064079" lon="1.083075">
        <ele>3.1</ele>
      </trkpt>
      <trkpt lat="41.064082" lon="1.08307">
        <ele>3.1</ele>
      </trkpt>
      <trkpt lat="41.064085" lon="1.083064">
        <ele>3.1</ele>
      </trkpt>
      <trkpt lat="41.064087" lon="1.083057">
        <ele>3.1</ele>
      </trkpt>
      <trkpt lat="41.064088" lon="1.083051">
        <ele>3.1</ele>
      </trkpt>
      <trkpt lat="41.064089" lon="1.083044">
        <ele>3.1</ele>
      </trkpt>
      <trkpt lat="41.064089" lon="1.083037">
        <ele>3.1</ele>
      </trkpt>
      <trkpt lat="41.064088" lon="1.083031">
        <ele>3.1</ele>
      </trkpt>
      <trkpt lat="41.064087" lon="1.083024">
        <ele>3.1</ele>
      </trkpt>
      <trkpt lat="41.064085" lon="1.083018">
        <ele>3.1</ele>
      </trkpt>
      <trkpt lat="41.064083" lon="1.083012">
        <ele>3.1</ele>
      </trkpt>
      <trkpt lat="41.06408" lon="1.083006">
        <ele>3.2</ele>
      </trkpt>
      <trkpt lat="41.064076" lon="1.083002">
        <ele>3.2</ele>
      </trkpt>
      <trkpt lat="41.064073" lon="1.082997">
        <ele>3.2</ele>
      </trkpt>
      <trkpt lat="41.064068" lon="1.082993">
        <ele>3.2</ele>
      </trkpt>
      <trkpt lat="41.064064" lon="1.082991">
        <ele>3.2</ele>
      </trkpt>
      <trkpt lat="41.064059" lon="1.082988">
        <ele>3.2</ele>
      </trkpt>
      <trkpt lat="41.064054" lon="1.082987">
        <ele>3.2</ele>
      </trkpt>
      <trkpt lat="41.064058" lon="1.082945">
        <ele>3.3</ele>
      </trkpt>
      <trkpt lat="41.064068" lon="1.082598">
        <ele>1.5</ele>
      </trkpt>
      <trkpt lat="41.064078" lon="1.082251">
        <ele>1.3</ele>
      </trkpt>
      <trkpt lat="41.064104" lon="1.081753">
        <ele>3.4</ele>
      </trkpt>
      <trkpt lat="41.064108" lon="1.08168">
        <ele>3.1</ele>
      </trkpt>
      <trkpt lat="41.064142" lon="1.081418">
        <ele>2.6</ele>
      </trkpt>
      <trkpt lat="41.064208" lon="1.081104">
        <ele>3.0</ele>
      </trkpt>
      <trkpt lat="41.064297" lon="1.080822">
        <ele>2.9</ele>
      </trkpt>
      <trkpt lat="41.064506" lon="1.080335">
        <ele>2.6</ele>
      </trkpt>
      <trkpt lat="41.064534" lon="1.080231">
        <ele>2.6</ele>
      </trkpt>
      <trkpt lat="41.064551" lon="1.079787">
        <ele>3.0</ele>
      </trkpt>
      <trkpt lat="41.064568" lon="1.079344">
        <ele>3.3</ele>
      </trkpt>
      <trkpt lat="41.064585" lon="1.0789">
        <ele>2.4</ele>
      </trkpt>
      <trkpt lat="41.064588" lon="1.07862">
        <ele>2.5</ele>
      </trkpt>
      <trkpt lat="41.064592" lon="1.078383">
        <ele>2.6</ele>
      </trkpt>
      <trkpt lat="41.064565" lon="1.078108">
        <ele>2.4</ele>
      </trkpt>
      <trkpt lat="41.064559" lon="1.077959">
        <ele>2.4</ele>
      </trkpt>
      <trkpt lat="41.064571" lon="1.077722">
        <ele>2.6</ele>
      </trkpt>
      <trkpt lat="41.06462" lon="1.0772">
        <ele>2.8</ele>
      </trkpt>
      <trkpt lat="41.064721" lon="1.076773">
        <ele>2.8</ele>
      </trkpt>
      <trkpt lat="41.064826" lon="1.076452">
        <ele>2.7</ele>
      </trkpt>
      <trkpt lat="41.064993" lon="1.076031">
        <ele>2.4</ele>
      </trkpt>
      <trkpt lat="41.06513" lon="1.075791">
        <ele>2.3</ele>
      </trkpt>
      <trkpt lat="41.065268" lon="1.075551">
        <ele>2.4</ele>
      </trkpt>
      <trkpt lat="41.06543" lon="1.075295">
        <ele>2.3</ele>
      </trkpt>
      <trkpt lat="41.065691" lon="1.074915">
        <ele>2.4</ele>
      </trkpt>
      <trkpt lat="41.065932" lon="1.074478">
        <ele>2.3</ele>
      </trkpt>
      <trkpt lat="41.066165" lon="1.074068">
        <ele>2.3</ele>
      </trkpt>
      <trkpt lat="41.066323" lon="1.073784">
        <ele>2.2</ele>
      </trkpt>
      <trkpt lat="41.066482" lon="1.073499">
        <ele>2.2</ele>
      </trkpt>
      <trkpt lat="41.066554" lon="1.073382">
        <ele>2.2</ele>
      </trkpt>
      <trkpt lat="41.066664" lon="1.073161">
        <ele>2.2</ele>
      </trkpt>
      <trkpt lat="41.066699" lon="1.073052">
        <ele>2.2</ele>
      </trkpt>
      <trkpt lat="41.066696" lon="1.073024">
        <ele>2.2</ele>
      </trkpt>
      <trkpt lat="41.066659" lon="1.072946">
        <ele>2.2</ele>
      </trkpt>
      <trkpt lat="41.066644" lon="1.072863">
        <ele>2.0</ele>
      </trkpt>
      <trkpt lat="41.066652" lon="1.072793">
        <ele>2.1</ele>
      </trkpt>
      <trkpt lat="41.066687" lon="1.072731">
        <ele>2.3</ele>
      </trkpt>
      <trkpt lat="41.066726" lon="1.072695">
        <ele>2.3</ele>
      </trkpt>
      <trkpt lat="41.06676" lon="1.072681">
        <ele>2.3</ele>
      </trkpt>
      <trkpt lat="41.066825" lon="1.072659">
        <ele>2.3</ele>
      </trkpt>
      <trkpt lat="41.066849" lon="1.072603">
        <ele>2.3</ele>
      </trkpt>
      <trkpt lat="41.06686" lon="1.072063">
        <ele>2.3</ele>
      </trkpt>
      <trkpt lat="41.066871" lon="1.071524">
        <ele>2.4</ele>
      </trkpt>
      <trkpt lat="41.06687" lon="1.071044">
        <ele>2.5</ele>
      </trkpt>
      <trkpt lat="41.066869" lon="1.070565">
        <ele>2.5</ele>
      </trkpt>
      <trkpt lat="41.066853" lon="1.070027">
        <ele>2.6</ele>
      </trkpt>
      <trkpt lat="41.066815" lon="1.069657">
        <ele>2.6</ele>
      </trkpt>
      <trkpt lat="41.066748" lon="1.069289">
        <ele>2.6</ele>
      </trkpt>
      <trkpt lat="41.066682" lon="1.068921">
        <ele>2.6</ele>
      </trkpt>
      <trkpt lat="41.066607" lon="1.068528">
        <ele>2.6</ele>
      </trkpt>
      <trkpt lat="41.066533" lon="1.068135">
        <ele>2.6</ele>
      </trkpt>
      <trkpt lat="41.066459" lon="1.067743">
        <ele>2.6</ele>
      </trkpt>
      <trkpt lat="41.066385" lon="1.06733">
        <ele>2.6</ele>
      </trkpt>
      <trkpt lat="41.066332" lon="1.067031">
        <ele>2.7</ele>
        <name>Cambrils, Cambrils, Baix Camp</name>
        <extensions>
          <oa:locType>routingNode</oa:locType>
          <oa:Extension>
            <oa:mapZoom>15</oa:mapZoom>
          </oa:Extension>
        </extensions>
      </trkpt>
      <trkpt lat="41.066312" lon="1.066918">
        <ele>2.7</ele>
      </trkpt>
      <trkpt lat="41.066231" lon="1.066469">
        <ele>2.6</ele>
      </trkpt>
      <trkpt lat="41.06615" lon="1.066019">
        <ele>2.5</ele>
      </trkpt>
      <trkpt lat="41.066103" lon="1.065712">
        <ele>2.5</ele>
      </trkpt>
      <trkpt lat="41.066056" lon="1.065405">
        <ele>2.5</ele>
      </trkpt>
      <trkpt lat="41.06603" lon="1.065282">
        <ele>2.3</ele>
      </trkpt>
      <trkpt lat="41.065982" lon="1.065198">
        <ele>2.4</ele>
      </trkpt>
      <trkpt lat="41.065929" lon="1.065066">
        <ele>2.3</ele>
      </trkpt>
      <trkpt lat="41.065887" lon="1.064911">
        <ele>2.4</ele>
      </trkpt>
      <trkpt lat="41.065859" lon="1.064743">
        <ele>2.7</ele>
      </trkpt>
      <trkpt lat="41.065853" lon="1.064673">
        <ele>2.7</ele>
      </trkpt>
      <trkpt lat="41.065846" lon="1.064619">
        <ele>2.7</ele>
      </trkpt>
      <trkpt lat="41.065819" lon="1.064427">
        <ele>2.4</ele>
      </trkpt>
      <trkpt lat="41.065809" lon="1.064367">
        <ele>2.4</ele>
      </trkpt>
      <trkpt lat="41.065808" lon="1.064341">
        <ele>2.4</ele>
      </trkpt>
      <trkpt lat="41.065725" lon="1.063864">
        <ele>1.8</ele>
      </trkpt>
      <trkpt lat="41.065705" lon="1.063731">
        <ele>1.9</ele>
      </trkpt>
      <trkpt lat="41.065628" lon="1.063272">
        <ele>1.9</ele>
      </trkpt>
      <trkpt lat="41.065551" lon="1.062812">
        <ele>1.9</ele>
      </trkpt>
      <trkpt lat="41.065473" lon="1.062352">
        <ele>1.9</ele>
      </trkpt>
      <trkpt lat="41.065417" lon="1.061985">
        <ele>1.4</ele>
      </trkpt>
      <trkpt lat="41.06536" lon="1.061617">
        <ele>2.3</ele>
      </trkpt>
      <trkpt lat="41.065301" lon="1.061346">
        <ele>2.1</ele>
      </trkpt>
      <trkpt lat="41.06522" lon="1.060813">
        <ele>2.2</ele>
      </trkpt>
      <trkpt lat="41.065184" lon="1.060668">
        <ele>2.1</ele>
      </trkpt>
      <trkpt lat="41.065083" lon="1.060345">
        <ele>2.2</ele>
      </trkpt>
      <trkpt lat="41.064982" lon="1.060022">
        <ele>2.1</ele>
      </trkpt>
      <trkpt lat="41.064849" lon="1.059575">
        <ele>2.1</ele>
      </trkpt>
      <trkpt lat="41.064715" lon="1.059128">
        <ele>2.0</ele>
      </trkpt>
      <trkpt lat="41.064559" lon="1.058657">
        <ele>2.4</ele>
      </trkpt>
      <trkpt lat="41.064397" lon="1.058226">
        <ele>2.3</ele>
      </trkpt>
      <trkpt lat="41.064338" lon="1.058181">
        <ele>2.3</ele>
      </trkpt>
      <trkpt lat="41.064249" lon="1.058124">
        <ele>2.1</ele>
      </trkpt>
      <trkpt lat="41.064175" lon="1.05804">
        <ele>2.1</ele>
      </trkpt>
      <trkpt lat="41.064096" lon="1.057994">
        <ele>1.9</ele>
      </trkpt>
      <trkpt lat="41.064103" lon="1.057869">
        <ele>1.8</ele>
      </trkpt>
      <trkpt lat="41.064096" lon="1.057719">
        <ele>2.3</ele>
      </trkpt>
      <trkpt lat="41.064085" lon="1.057645">
        <ele>2.1</ele>
      </trkpt>
      <trkpt lat="41.064065" lon="1.057517">
        <ele>2.1</ele>
      </trkpt>
      <trkpt lat="41.063948" lon="1.057048">
        <ele>2.1</ele>
      </trkpt>
      <trkpt lat="41.063901" lon="1.056545">
        <ele>2.1</ele>
      </trkpt>
      <trkpt lat="41.063918" lon="1.056012">
        <ele>2.1</ele>
      </trkpt>
      <trkpt lat="41.063937" lon="1.05581">
        <ele>2.0</ele>
      </trkpt>
      <trkpt lat="41.064011" lon="1.055669">
        <ele>2.2</ele>
      </trkpt>
      <trkpt lat="41.064085" lon="1.05566">
        <ele>3.0</ele>
      </trkpt>
      <trkpt lat="41.064238" lon="1.05565">
        <ele>4.2</ele>
      </trkpt>
      <trkpt lat="41.064292" lon="1.055661">
        <ele>4.1</ele>
      </trkpt>
      <trkpt lat="41.064402" lon="1.055683">
        <ele>4.0</ele>
      </trkpt>
      <trkpt lat="41.064752" lon="1.055735">
        <ele>3.7</ele>
      </trkpt>
      <trkpt lat="41.065103" lon="1.055788">
        <ele>3.9</ele>
      </trkpt>
      <trkpt lat="41.06533" lon="1.055824">
        <ele>4.2</ele>
      </trkpt>
      <trkpt lat="41.065556" lon="1.055861">
        <ele>4.3</ele>
      </trkpt>
      <trkpt lat="41.065726" lon="1.055888">
        <ele>4.5</ele>
      </trkpt>
      <trkpt lat="41.066035" lon="1.055935">
        <ele>5.0</ele>
      </trkpt>
      <trkpt lat="41.066344" lon="1.055982">
        <ele>5.6</ele>
      </trkpt>
      <trkpt lat="41.066643" lon="1.056029">
        <ele>6.4</ele>
      </trkpt>
      <trkpt lat="41.066942" lon="1.056076">
        <ele>7.3</ele>
      </trkpt>
      <trkpt lat="41.067007" lon="1.056091">
        <ele>7.4</ele>
      </trkpt>
      <trkpt lat="41.06706" lon="1.056103">
        <ele>7.4</ele>
      </trkpt>
      <trkpt lat="41.067098" lon="1.056111">
        <ele>7.4</ele>
      </trkpt>
      <trkpt lat="41.067306" lon="1.056182">
        <ele>7.4</ele>
      </trkpt>
      <trkpt lat="41.067449" lon="1.056193">
        <ele>7.6</ele>
      </trkpt>
      <trkpt lat="41.067602" lon="1.056159">
        <ele>8.0</ele>
      </trkpt>
      <trkpt lat="41.067745" lon="1.056152">
        <ele>8.0</ele>
      </trkpt>
      <trkpt lat="41.067977" lon="1.056178">
        <ele>8.2</ele>
      </trkpt>
      <trkpt lat="41.068245" lon="1.056214">
        <ele>8.8</ele>
      </trkpt>
      <trkpt lat="41.068512" lon="1.056251">
        <ele>8.8</ele>
      </trkpt>
      <trkpt lat="41.068736" lon="1.056238">
        <ele>8.5</ele>
      </trkpt>
      <trkpt lat="41.069043" lon="1.056223">
        <ele>8.9</ele>
      </trkpt>
      <trkpt lat="41.06918" lon="1.056213">
        <ele>8.6</ele>
      </trkpt>
      <trkpt lat="41.069469" lon="1.056189">
        <ele>8.7</ele>
      </trkpt>
      <trkpt lat="41.069521" lon="1.056186">
        <ele>8.9</ele>
        <name>Cambrils, Baix Camp</name>
        <extensions>
          <oa:locType>routingNode</oa:locType>
          <oa:Extension>
            <oa:mapZoom>15</oa:mapZoom>
          </oa:Extension>
        </extensions>
      </trkpt>
      <trkpt lat="41.069825" lon="1.056167">
        <ele>10.5</ele>
      </trkpt>
      <trkpt lat="41.070076" lon="1.056149">
        <ele>10.7</ele>
      </trkpt>
      <trkpt lat="41.070327" lon="1.056132">
        <ele>11.3</ele>
      </trkpt>
      <trkpt lat="41.070649" lon="1.056111">
        <ele>11.9</ele>
      </trkpt>
      <trkpt lat="41.070972" lon="1.05609">
        <ele>12.3</ele>
      </trkpt>
      <trkpt lat="41.071294" lon="1.05607">
        <ele>13.3</ele>
      </trkpt>
      <trkpt lat="41.071355" lon="1.056062">
        <ele>13.8</ele>
      </trkpt>
      <trkpt lat="41.071415" lon="1.05606">
        <ele>13.4</ele>
      </trkpt>
      <trkpt lat="41.071705" lon="1.056083">
        <ele>13.8</ele>
      </trkpt>
      <trkpt lat="41.072044" lon="1.056046">
        <ele>14.8</ele>
      </trkpt>
      <trkpt lat="41.072331" lon="1.055888">
        <ele>14.6</ele>
      </trkpt>
      <trkpt lat="41.072619" lon="1.055729">
        <ele>15.2</ele>
      </trkpt>
      <trkpt lat="41.0726" lon="1.055681">
        <ele>14.4</ele>
      </trkpt>
      <trkpt lat="41.072623" lon="1.055663">
        <ele>14.7</ele>
      </trkpt>
      <trkpt lat="41.072682" lon="1.055618">
        <ele>14.6</ele>
      </trkpt>
      <trkpt lat="41.072704" lon="1.055597">
        <ele>14.5</ele>
      </trkpt>
      <trkpt lat="41.072731" lon="1.055617">
        <ele>14.8</ele>
      </trkpt>
      <trkpt lat="41.072739" lon="1.055616">
        <ele>14.9</ele>
      </trkpt>
      <trkpt lat="41.072752" lon="1.055613">
        <ele>15.0</ele>
      </trkpt>
      <trkpt lat="41.073021" lon="1.055413">
        <ele>16.2</ele>
      </trkpt>
      <trkpt lat="41.073409" lon="1.055164">
        <ele>17.1</ele>
      </trkpt>
      <trkpt lat="41.073797" lon="1.054938">
        <ele>17.3</ele>
      </trkpt>
      <trkpt lat="41.074186" lon="1.054712">
        <ele>18.9</ele>
      </trkpt>
      <trkpt lat="41.07437" lon="1.054591">
        <ele>19.5</ele>
      </trkpt>
      <trkpt lat="41.074387" lon="1.054639">
        <ele>19.8</ele>
      </trkpt>
      <trkpt lat="41.074427" lon="1.054614">
        <ele>19.9</ele>
      </trkpt>
      <trkpt lat="41.074501" lon="1.054572">
        <ele>20.2</ele>
      </trkpt>
      <trkpt lat="41.074524" lon="1.054588">
        <ele>20.2</ele>
      </trkpt>
      <trkpt lat="41.074551" lon="1.054604">
        <ele>20.2</ele>
      </trkpt>
      <trkpt lat="41.074582" lon="1.054613">
        <ele>20.2</ele>
      </trkpt>
      <trkpt lat="41.074622" lon="1.054606">
        <ele>20.2</ele>
      </trkpt>
      <trkpt lat="41.074664" lon="1.054583">
        <ele>20.5</ele>
      </trkpt>
      <trkpt lat="41.074693" lon="1.054555">
        <ele>20.6</ele>
      </trkpt>
      <trkpt lat="41.074712" lon="1.054522">
        <ele>20.6</ele>
      </trkpt>
      <trkpt lat="41.074723" lon="1.054489">
        <ele>20.6</ele>
      </trkpt>
      <trkpt lat="41.074732" lon="1.054434">
        <ele>20.7</ele>
      </trkpt>
      <trkpt lat="41.074733" lon="1.054383">
        <ele>20.9</ele>
      </trkpt>
      <trkpt lat="41.07473" lon="1.054357">
        <ele>21.0</ele>
      </trkpt>
      <trkpt lat="41.074762" lon="1.054352">
        <ele>20.9</ele>
      </trkpt>
      <trkpt lat="41.074802" lon="1.054335">
        <ele>20.7</ele>
      </trkpt>
      <trkpt lat="41.07485" lon="1.054312">
        <ele>20.5</ele>
      </trkpt>
      <trkpt lat="41.075178" lon="1.054044">
        <ele>20.6</ele>
      </trkpt>
      <trkpt lat="41.075229" lon="1.053986">
        <ele>20.8</ele>
      </trkpt>
      <trkpt lat="41.075469" lon="1.053711">
        <ele>21.4</ele>
      </trkpt>
      <trkpt lat="41.075517" lon="1.053649">
        <ele>21.5</ele>
      </trkpt>
      <trkpt lat="41.075767" lon="1.053257">
        <ele>22.0</ele>
      </trkpt>
      <trkpt lat="41.076015" lon="1.05292">
        <ele>22.7</ele>
      </trkpt>
      <trkpt lat="41.076264" lon="1.052583">
        <ele>23.2</ele>
      </trkpt>
      <trkpt lat="41.076512" lon="1.052246">
        <ele>23.9</ele>
      </trkpt>
      <trkpt lat="41.076615" lon="1.052095">
        <ele>24.1</ele>
      </trkpt>
      <trkpt lat="41.076616" lon="1.05208">
        <ele>24.1</ele>
      </trkpt>
      <trkpt lat="41.076619" lon="1.052064">
        <ele>24.1</ele>
      </trkpt>
      <trkpt lat="41.076623" lon="1.05205">
        <ele>24.2</ele>
      </trkpt>
      <trkpt lat="41.076629" lon="1.052036">
        <ele>24.3</ele>
      </trkpt>
      <trkpt lat="41.076636" lon="1.052024">
        <ele>24.4</ele>
      </trkpt>
      <trkpt lat="41.076626" lon="1.051939">
        <ele>23.2</ele>
      </trkpt>
      <trkpt lat="41.076509" lon="1.051664">
        <ele>23.6</ele>
      </trkpt>
      <trkpt lat="41.076491" lon="1.051507">
        <ele>24.7</ele>
      </trkpt>
      <trkpt lat="41.076498" lon="1.051488">
        <ele>24.7</ele>
      </trkpt>
      <trkpt lat="41.076503" lon="1.051467">
        <ele>24.7</ele>
      </trkpt>
      <trkpt lat="41.076616" lon="1.051345">
        <ele>24.9</ele>
      </trkpt>
      <trkpt lat="41.076733" lon="1.0512">
        <ele>24.9</ele>
      </trkpt>
      <trkpt lat="41.076998" lon="1.050844">
        <ele>25.8</ele>
      </trkpt>
      <trkpt lat="41.077262" lon="1.050487">
        <ele>26.3</ele>
      </trkpt>
      <trkpt lat="41.077526" lon="1.05013">
        <ele>27.1</ele>
      </trkpt>
      <trkpt lat="41.077793" lon="1.049769">
        <ele>27.6</ele>
      </trkpt>
      <trkpt lat="41.07806" lon="1.049407">
        <ele>28.3</ele>
      </trkpt>
      <trkpt lat="41.078326" lon="1.049045">
        <ele>29.0</ele>
      </trkpt>
      <trkpt lat="41.078593" lon="1.048684">
        <ele>29.5</ele>
      </trkpt>
      <trkpt lat="41.078659" lon="1.048601">
        <ele>29.6</ele>
      </trkpt>
      <trkpt lat="41.078834" lon="1.048363">
        <ele>30.1</ele>
      </trkpt>
      <trkpt lat="41.079008" lon="1.048125">
        <ele>30.5</ele>
      </trkpt>
      <trkpt lat="41.079052" lon="1.048064">
        <ele>30.6</ele>
      </trkpt>
      <trkpt lat="41.079109" lon="1.047987">
        <ele>30.7</ele>
      </trkpt>
      <trkpt lat="41.079346" lon="1.047731">
        <ele>31.3</ele>
      </trkpt>
      <trkpt lat="41.079479" lon="1.047628">
        <ele>31.4</ele>
      </trkpt>
      <trkpt lat="41.079806" lon="1.047429">
        <ele>32.2</ele>
      </trkpt>
      <trkpt lat="41.079908" lon="1.047353">
        <ele>32.3</ele>
      </trkpt>
      <trkpt lat="41.079944" lon="1.047356">
        <ele>32.2</ele>
      </trkpt>
      <trkpt lat="41.07998" lon="1.047345">
        <ele>32.2</ele>
      </trkpt>
      <trkpt lat="41.080012" lon="1.047321">
        <ele>32.3</ele>
      </trkpt>
      <trkpt lat="41.080038" lon="1.047286">
        <ele>32.5</ele>
      </trkpt>
      <trkpt lat="41.08017" lon="1.047227">
        <ele>32.7</ele>
      </trkpt>
      <trkpt lat="41.080562" lon="1.046997">
        <ele>33.5</ele>
      </trkpt>
      <trkpt lat="41.080955" lon="1.046767">
        <ele>34.1</ele>
      </trkpt>
      <trkpt lat="41.081134" lon="1.046624">
        <ele>34.5</ele>
      </trkpt>
      <trkpt lat="41.08121" lon="1.046574">
        <ele>34.8</ele>
      </trkpt>
      <trkpt lat="41.081333" lon="1.046517">
        <ele>35.2</ele>
      </trkpt>
      <trkpt lat="41.081566" lon="1.046404">
        <ele>36.2</ele>
      </trkpt>
      <trkpt lat="41.0816" lon="1.046376">
        <ele>36.4</ele>
      </trkpt>
      <trkpt lat="41.081639" lon="1.046329">
        <ele>36.7</ele>
      </trkpt>
      <trkpt lat="41.081671" lon="1.046279">
        <ele>36.8</ele>
      </trkpt>
      <trkpt lat="41.081596" lon="1.046025">
        <ele>36.3</ele>
      </trkpt>
      <trkpt lat="41.081587" lon="1.045993">
        <ele>36.4</ele>
      </trkpt>
      <trkpt lat="41.081502" lon="1.045688">
        <ele>37.2</ele>
      </trkpt>
      <trkpt lat="41.081438" lon="1.045457">
        <ele>37.1</ele>
      </trkpt>
      <trkpt lat="41.081378" lon="1.045239">
        <ele>37.1</ele>
        <name>Cambrils, Cambrils, Baix Camp</name>
        <extensions>
          <oa:locType>routingNode</oa:locType>
          <oa:Extension>
            <oa:mapZoom>15</oa:mapZoom>
          </oa:Extension>
        </extensions>
      </trkpt>
    </trkseg>
  </trk>
</gpx>