<?xml version="1.0" encoding="UTF-8"?>
<gpx creator="Garmin Connect" version="1.1"
  xsi:schemaLocation="http://www.topografix.com/GPX/1/1 http://www.topografix.com/GPX/11.xsd"
  xmlns:ns3="http://www.garmin.com/xmlschemas/TrackPointExtension/v1"
  xmlns="http://www.topografix.com/GPX/1/1"
  xmlns:xsi="http://www.w3.org/2001/XMLSchema-instance" xmlns:ns2="http://www.garmin.com/xmlschemas/GpxExtensions/v3">
  <metadata>
    <name>GR92 Etappi 17: Restaurant Catalena -&gt; Montcada i Reixac</name>
    <link href="connect.garmin.com">
      <text>Garmin Connect</text>
    </link>
    <time>2026-04-15T07:57:59.000Z</time>
  </metadata>
  <trk>
    <name>GR92 Etappi 17: Restaurant Catalena -&gt; Montcada i Reixac</name>
    <trkseg>
      <trkpt lat="41.51796866208315" lon="2.3365860152989626">
        <ele>421.78</ele>
      </trkpt>
      <trkpt lat="41.51793018914759" lon="2.336201034486294">
        <ele>423.18</ele>
      </trkpt>
      <trkpt lat="41.51789196766913" lon="2.335817813873291">
        <ele>424.86</ele>
      </trkpt>
      <trkpt lat="41.51787050999701" lon="2.335667610168457">
        <ele>426.49</ele>
      </trkpt>
      <trkpt lat="41.51782742701471" lon="2.3354418016970158">
        <ele>428.15</ele>
      </trkpt>
      <trkpt lat="41.5177845954895" lon="2.335216999053955">
        <ele>429.89</ele>
      </trkpt>
      <trkpt lat="41.5177845954895" lon="2.3349588364362717">
        <ele>431.46</ele>
      </trkpt>
      <trkpt lat="41.5177845954895" lon="2.3347020149230957">
        <ele>432.95</ele>
      </trkpt>
      <trkpt lat="41.51766632683575" lon="2.3343581054359674">
        <ele>434.6</ele>
      </trkpt>
      <trkpt lat="41.51754814200103" lon="2.334014195948839">
        <ele>436.36</ele>
      </trkpt>
      <trkpt lat="41.517429957166314" lon="2.333670286461711">
        <ele>437.86</ele>
      </trkpt>
      <trkpt lat="41.51731252670288" lon="2.3333287239074707">
        <ele>439.05</ele>
      </trkpt>
      <trkpt lat="41.51736625470221" lon="2.333027645945549">
        <ele>440.11</ele>
      </trkpt>
      <trkpt lat="41.51741981506348" lon="2.3327279090881348">
        <ele>441.03</ele>
      </trkpt>
      <trkpt lat="41.517441272735596" lon="2.332577705383301">
        <ele>442.13</ele>
      </trkpt>
      <trkpt lat="41.51753791607916" lon="2.332373606041074">
        <ele>443.41</ele>
      </trkpt>
      <trkpt lat="41.5176344756037" lon="2.332170009613037">
        <ele>444.86</ele>
      </trkpt>
      <trkpt lat="41.51767739094794" lon="2.3320841789245605">
        <ele>446.3</ele>
      </trkpt>
      <trkpt lat="41.51791342534125" lon="2.33184814453125">
        <ele>447.98</ele>
      </trkpt>
      <trkpt lat="41.51817091740668" lon="2.331697940826416">
        <ele>449.59</ele>
      </trkpt>
      <trkpt lat="41.518471240997314" lon="2.3316550254821777">
        <ele>451.08</ele>
      </trkpt>
      <trkpt lat="41.518707275390625" lon="2.331676483154297">
        <ele>452.33</ele>
      </trkpt>
      <trkpt lat="41.5189003944397" lon="2.3316121101379395">
        <ele>453.65</ele>
      </trkpt>
      <trkpt lat="41.518943309783936" lon="2.3313117027282715">
        <ele>454.98</ele>
      </trkpt>
      <trkpt lat="41.518986308947206" lon="2.33109662309289">
        <ele>456.17</ele>
      </trkpt>
      <trkpt lat="41.51902914047241" lon="2.3308825492858887">
        <ele>457.04</ele>
      </trkpt>
      <trkpt lat="41.51905059814453" lon="2.3305392265319824">
        <ele>457.58</ele>
      </trkpt>
      <trkpt lat="41.51902914047241" lon="2.330474853515625">
        <ele>458.13</ele>
      </trkpt>
      <trkpt lat="41.51885756291449" lon="2.330195903778076">
        <ele>458.62</ele>
      </trkpt>
      <trkpt lat="41.51885747909546" lon="2.330195903778076">
        <ele>459.03</ele>
      </trkpt>
      <trkpt lat="41.518728733062744" lon="2.3299813270568848">
        <ele>459.39</ele>
      </trkpt>
      <trkpt lat="41.5186429861933" lon="2.329723834991455">
        <ele>459.79</ele>
      </trkpt>
      <trkpt lat="41.5186429861933" lon="2.329411944374442">
        <ele>460.14</ele>
      </trkpt>
      <trkpt lat="41.5186429861933" lon="2.3291015625">
        <ele>460.62</ele>
      </trkpt>
      <trkpt lat="41.51864290237427" lon="2.3287582397460938">
        <ele>461.24</ele>
      </trkpt>
      <trkpt lat="41.51865363121033" lon="2.328435620293021">
        <ele>461.95</ele>
      </trkpt>
      <trkpt lat="41.51866436004639" lon="2.3281145095825195">
        <ele>462.49</ele>
      </trkpt>
      <trkpt lat="41.51860820129514" lon="2.3282128293067217">
        <ele>463.37</ele>
      </trkpt>
      <trkpt lat="41.51866436004639" lon="2.3281145095825195">
        <ele>462.49</ele>
      </trkpt>
      <trkpt lat="41.51866436004639" lon="2.328007221221924">
        <ele>464.85</ele>
      </trkpt>
      <trkpt lat="41.51855707168579" lon="2.3279428482055664">
        <ele>465.91</ele>
      </trkpt>
      <trkpt lat="41.51827845722437" lon="2.3278785590082407">
        <ele>467.23</ele>
      </trkpt>
      <trkpt lat="41.51799917221069" lon="2.3278141021728516">
        <ele>468.67</ele>
      </trkpt>
      <trkpt lat="41.517741680145264" lon="2.3276853561401367">
        <ele>470.01</ele>
      </trkpt>
      <trkpt lat="41.51751637458801" lon="2.3274922370910645">
        <ele>471.2</ele>
      </trkpt>
      <trkpt lat="41.51729106903076" lon="2.327299118041992">
        <ele>472.74</ele>
      </trkpt>
      <trkpt lat="41.51716232299805" lon="2.326998710632324">
        <ele>474.37</ele>
      </trkpt>
      <trkpt lat="41.516926288604736" lon="2.326955795288086">
        <ele>476.37</ele>
      </trkpt>
      <trkpt lat="41.51686191558838" lon="2.326805591583252">
        <ele>478.09</ele>
      </trkpt>
      <trkpt lat="41.5168833732605" lon="2.3265695571899414">
        <ele>479.75</ele>
      </trkpt>
      <trkpt lat="41.51705511845648" lon="2.3262688145041466">
        <ele>481.39</ele>
      </trkpt>
      <trkpt lat="41.517226696014404" lon="2.3259687423706055">
        <ele>483.23</ele>
      </trkpt>
      <trkpt lat="41.51726961135864" lon="2.325904369354248">
        <ele>484.95</ele>
      </trkpt>
      <trkpt lat="41.517441272735596" lon="2.3258185386657715">
        <ele>486.65</ele>
      </trkpt>
      <trkpt lat="41.51757001876831" lon="2.3258614540100098">
        <ele>488.22</ele>
      </trkpt>
      <trkpt lat="41.517698764801025" lon="2.3261189460754395">
        <ele>489.61</ele>
      </trkpt>
      <trkpt lat="41.51784896850586" lon="2.3262691497802734">
        <ele>490.87</ele>
      </trkpt>
      <trkpt lat="41.517934799194336" lon="2.3263120651245117">
        <ele>492.0</ele>
      </trkpt>
      <trkpt lat="41.51799917221069" lon="2.3263120651245117">
        <ele>492.98</ele>
      </trkpt>
      <trkpt lat="41.51811718940735" lon="2.326140236109495">
        <ele>493.86</ele>
      </trkpt>
      <trkpt lat="41.518235206604004" lon="2.3259687423706055">
        <ele>494.51</ele>
      </trkpt>
      <trkpt lat="41.518471240997314" lon="2.325775623321533">
        <ele>494.99</ele>
      </trkpt>
      <trkpt lat="41.51862144470215" lon="2.325754165649414">
        <ele>494.99</ele>
      </trkpt>
      <trkpt lat="41.518718088045716" lon="2.3255607951432467">
        <ele>494.89</ele>
      </trkpt>
      <trkpt lat="41.51881456375122" lon="2.3253679275512695">
        <ele>494.34</ele>
      </trkpt>
      <trkpt lat="41.51883602142334" lon="2.325131893157959">
        <ele>493.4</ele>
      </trkpt>
      <trkpt lat="41.51882906444371" lon="2.3250864632427692">
        <ele>492.02</ele>
      </trkpt>
      <trkpt lat="41.5187931060791" lon="2.32485294342041">
        <ele>490.18</ele>
      </trkpt>
      <trkpt lat="41.51870710775256" lon="2.3246272187680006">
        <ele>487.9</ele>
      </trkpt>
      <trkpt lat="41.51862144470215" lon="2.324402332305908">
        <ele>485.08</ele>
      </trkpt>
      <trkpt lat="41.51840686798096" lon="2.3241448402404785">
        <ele>482.08</ele>
      </trkpt>
      <trkpt lat="41.51836395263672" lon="2.3239517211914062">
        <ele>478.22</ele>
      </trkpt>
      <trkpt lat="41.51825658045709" lon="2.3237798921763897">
        <ele>473.97</ele>
      </trkpt>
      <trkpt lat="41.51814937591553" lon="2.3236083984375">
        <ele>469.25</ele>
      </trkpt>
      <trkpt lat="41.51806354522705" lon="2.3233509063720703">
        <ele>464.11</ele>
      </trkpt>
      <trkpt lat="41.517934799194336" lon="2.3232007026672363">
        <ele>459.0</ele>
      </trkpt>
      <trkpt lat="41.517903953790665" lon="2.32278261333704">
        <ele>452.93</ele>
      </trkpt>
      <trkpt lat="41.51787931099534" lon="2.3223646078258753">
        <ele>446.55</ele>
      </trkpt>
      <trkpt lat="41.51785475201905" lon="2.3219466023147106">
        <ele>439.95</ele>
      </trkpt>
      <trkpt lat="41.51783010922372" lon="2.321528596803546">
        <ele>433.08</ele>
      </trkpt>
      <trkpt lat="41.51780555024743" lon="2.3211105912923813">
        <ele>425.95</ele>
      </trkpt>
      <trkpt lat="41.51778090745211" lon="2.3206925857812166">
        <ele>418.97</ele>
      </trkpt>
      <trkpt lat="41.517756348475814" lon="2.320274580270052">
        <ele>412.21</ele>
      </trkpt>
      <trkpt lat="41.51773170568049" lon="2.3198565747588873">
        <ele>405.94</ele>
      </trkpt>
      <trkpt lat="41.517727766186" lon="2.319788932800293">
        <ele>400.11</ele>
      </trkpt>
      <trkpt lat="41.51772474870086" lon="2.319369586184621">
        <ele>394.32</ele>
      </trkpt>
      <trkpt lat="41.517721731215715" lon="2.3189503233879805">
        <ele>388.76</ele>
      </trkpt>
      <trkpt lat="41.517719719558954" lon="2.318662405014038">
        <ele>383.61</ele>
      </trkpt>
      <trkpt lat="41.51762039400637" lon="2.3182644322514534">
        <ele>378.75</ele>
      </trkpt>
      <trkpt lat="41.51752106845379" lon="2.3178665433079004">
        <ele>374.12</ele>
      </trkpt>
      <trkpt lat="41.51745459996164" lon="2.3176002502441406">
        <ele>369.92</ele>
      </trkpt>
      <trkpt lat="41.51742484420538" lon="2.317182831466198">
        <ele>365.95</ele>
      </trkpt>
      <trkpt lat="41.51739508844912" lon="2.3167654126882553">
        <ele>362.4</ele>
      </trkpt>
      <trkpt lat="41.51739031076431" lon="2.3166990280151367">
        <ele>359.58</ele>
      </trkpt>
      <trkpt lat="41.51743079535663" lon="2.316283117979765">
        <ele>356.97</ele>
      </trkpt>
      <trkpt lat="41.51747069321573" lon="2.31587290763855">
        <ele>354.97</ele>
      </trkpt>
      <trkpt lat="41.51737748645246" lon="2.315472336485982">
        <ele>353.4</ele>
      </trkpt>
      <trkpt lat="41.51728427968919" lon="2.315071765333414">
        <ele>352.17</ele>
      </trkpt>
      <trkpt lat="41.517191072925925" lon="2.314671277999878">
        <ele>351.15</ele>
      </trkpt>
      <trkpt lat="41.51714941486716" lon="2.314491905272007">
        <ele>350.38</ele>
      </trkpt>
      <trkpt lat="41.51707649230957" lon="2.314145565032959">
        <ele>349.88</ele>
      </trkpt>
      <trkpt lat="41.51707649230957" lon="2.31386661529541">
        <ele>349.52</ele>
      </trkpt>
      <trkpt lat="41.516969203948975" lon="2.3136520385742188">
        <ele>349.28</ele>
      </trkpt>
      <trkpt lat="41.51679754257202" lon="2.3136091232299805">
        <ele>348.98</ele>
      </trkpt>
      <trkpt lat="41.5166793577373" lon="2.3133620247244835">
        <ele>348.76</ele>
      </trkpt>
      <trkpt lat="41.51656150817871" lon="2.3131155967712402">
        <ele>348.47</ele>
      </trkpt>
      <trkpt lat="41.51654005050659" lon="2.3129653930664062">
        <ele>348.18</ele>
      </trkpt>
      <trkpt lat="41.516432762145996" lon="2.3128151893615723">
        <ele>347.73</ele>
      </trkpt>
      <trkpt lat="41.51628255844116" lon="2.3127293586730957">
        <ele>347.04</ele>
      </trkpt>
      <trkpt lat="41.516196727752686" lon="2.3125576972961426">
        <ele>346.34</ele>
      </trkpt>
      <trkpt lat="41.516175270080566" lon="2.3124289512634277">
        <ele>345.67</ele>
      </trkpt>
      <trkpt lat="41.516218185424805" lon="2.3122143745422363">
        <ele>345.0</ele>
      </trkpt>
      <trkpt lat="41.51626110076904" lon="2.312021255493164">
        <ele>344.14</ele>
      </trkpt>
      <trkpt lat="41.516443490982056" lon="2.3117958661168814">
        <ele>343.22</ele>
      </trkpt>
      <trkpt lat="41.51662588119507" lon="2.311570644378662">
        <ele>342.11</ele>
      </trkpt>
      <trkpt lat="41.51675462722778" lon="2.311270236968994">
        <ele>340.92</ele>
      </trkpt>
      <trkpt lat="41.51649713516235" lon="2.3110556602478027">
        <ele>339.44</ele>
      </trkpt>
      <trkpt lat="41.51630401611328" lon="2.3109912872314453">
        <ele>337.86</ele>
      </trkpt>
      <trkpt lat="41.516196727752686" lon="2.3108839988708496">
        <ele>336.3</ele>
      </trkpt>
      <trkpt lat="41.51602506637573" lon="2.3108410835266113">
        <ele>334.64</ele>
      </trkpt>
      <trkpt lat="41.51600360870361" lon="2.3106908798217773">
        <ele>333.07</ele>
      </trkpt>
      <trkpt lat="41.51604652404785" lon="2.3105621337890625">
        <ele>331.69</ele>
      </trkpt>
      <trkpt lat="41.515939235687256" lon="2.3104119300842285">
        <ele>330.03</ele>
      </trkpt>
      <trkpt lat="41.515960693359375" lon="2.310197353363037">
        <ele>328.66</ele>
      </trkpt>
      <trkpt lat="41.51600360870361" lon="2.3100900650024414">
        <ele>327.57</ele>
      </trkpt>
      <trkpt lat="41.51613235473633" lon="2.310004234313965">
        <ele>326.76</ele>
      </trkpt>
      <trkpt lat="41.51615381240845" lon="2.3097896575927734">
        <ele>325.74</ele>
      </trkpt>
      <trkpt lat="41.51608943939209" lon="2.3096394538879395">
        <ele>324.85</ele>
      </trkpt>
      <trkpt lat="41.51600360870361" lon="2.3095321655273438">
        <ele>324.2</ele>
      </trkpt>
      <trkpt lat="41.51602506637573" lon="2.3093819618225098">
        <ele>323.71</ele>
      </trkpt>
      <trkpt lat="41.515982151031494" lon="2.3092103004455566">
        <ele>323.48</ele>
      </trkpt>
      <trkpt lat="41.5158748626709" lon="2.309081554412842">
        <ele>323.42</ele>
      </trkpt>
      <trkpt lat="41.515703201293945" lon="2.308952808380127">
        <ele>323.66</ele>
      </trkpt>
      <trkpt lat="41.515474459156394" lon="2.3088312707841396">
        <ele>324.0</ele>
      </trkpt>
      <trkpt lat="41.515245800837874" lon="2.308709817007184">
        <ele>324.44</ele>
      </trkpt>
      <trkpt lat="41.51501655578613" lon="2.3085880279541016">
        <ele>324.84</ele>
      </trkpt>
      <trkpt lat="41.51485553942621" lon="2.308384096249938">
        <ele>325.43</ele>
      </trkpt>
      <trkpt lat="41.514694690704346" lon="2.308180332183838">
        <ele>326.09</ele>
      </trkpt>
      <trkpt lat="41.514501655474305" lon="2.3080516699701548">
        <ele>326.65</ele>
      </trkpt>
      <trkpt lat="41.5143084526062" lon="2.307922840118408">
        <ele>327.34</ele>
      </trkpt>
      <trkpt lat="41.51413695886731" lon="2.307847738265991">
        <ele>327.99</ele>
      </trkpt>
      <trkpt lat="41.513965129852295" lon="2.307772636413574">
        <ele>328.65</ele>
      </trkpt>
      <trkpt lat="41.5137077216059" lon="2.3075473308563232">
        <ele>329.45</ele>
      </trkpt>
      <trkpt lat="41.513450145721436" lon="2.3073220252990723">
        <ele>330.07</ele>
      </trkpt>
      <trkpt lat="41.51325702667236" lon="2.30712890625">
        <ele>330.52</ele>
      </trkpt>
      <trkpt lat="41.51319273747504" lon="2.3069357872009277">
        <ele>330.88</ele>
      </trkpt>
      <trkpt lat="41.513235652819276" lon="2.3066884372383356">
        <ele>331.1</ele>
      </trkpt>
      <trkpt lat="41.51327848434448" lon="2.3064422607421875">
        <ele>331.16</ele>
      </trkpt>
      <trkpt lat="41.513378731906414" lon="2.3061341419816017">
        <ele>331.15</ele>
      </trkpt>
      <trkpt lat="41.51347906328738" lon="2.305826023221016">
        <ele>331.06</ele>
      </trkpt>
      <trkpt lat="41.51357889175415" lon="2.3055195808410645">
        <ele>330.91</ele>
      </trkpt>
      <trkpt lat="41.51375491172075" lon="2.3052274715155363">
        <ele>330.67</ele>
      </trkpt>
      <trkpt lat="41.51393101550639" lon="2.30493544600904">
        <ele>330.2</ele>
      </trkpt>
      <trkpt lat="41.51410711929202" lon="2.3046433366835117">
        <ele>329.6</ele>
      </trkpt>
      <trkpt lat="41.514283223077655" lon="2.3043513111770153">
        <ele>329.1</ele>
      </trkpt>
      <trkpt lat="41.514458656311035" lon="2.304060459136963">
        <ele>328.58</ele>
      </trkpt>
      <trkpt lat="41.514480113983154" lon="2.3039960861206055">
        <ele>327.85</ele>
      </trkpt>
      <trkpt lat="41.51451230049133" lon="2.303770277649164">
        <ele>326.95</ele>
      </trkpt>
      <trkpt lat="41.51454448699951" lon="2.3035454750061035">
        <ele>325.97</ele>
      </trkpt>
      <trkpt lat="41.51457130908966" lon="2.303222855553031">
        <ele>324.87</ele>
      </trkpt>
      <trkpt lat="41.51459821499884" lon="2.3029002360999584">
        <ele>323.8</ele>
      </trkpt>
      <trkpt lat="41.51462512090802" lon="2.302577616646886">
        <ele>322.67</ele>
      </trkpt>
      <trkpt lat="41.51465177536011" lon="2.302258014678955">
        <ele>321.47</ele>
      </trkpt>
      <trkpt lat="41.51448707096279" lon="2.3019070643931627">
        <ele>319.86</ele>
      </trkpt>
      <trkpt lat="41.514322366565466" lon="2.3015561141073704">
        <ele>318.12</ele>
      </trkpt>
      <trkpt lat="41.5141583327204" lon="2.301206588745117">
        <ele>316.31</ele>
      </trkpt>
      <trkpt lat="41.51402933523059" lon="2.3008734080940485">
        <ele>314.34</ele>
      </trkpt>
      <trkpt lat="41.51390075683594" lon="2.300541400909424">
        <ele>312.3</ele>
      </trkpt>
      <trkpt lat="41.51383621618152" lon="2.3001757822930813">
        <ele>310.28</ele>
      </trkpt>
      <trkpt lat="41.513771675527096" lon="2.2998102474957705">
        <ele>308.19</ele>
      </trkpt>
      <trkpt lat="41.513707637786865" lon="2.2994470596313477">
        <ele>306.15</ele>
      </trkpt>
      <trkpt lat="41.513600097969174" lon="2.299092337489128">
        <ele>303.89</ele>
      </trkpt>
      <trkpt lat="41.513493061065674" lon="2.298738956451416">
        <ele>301.63</ele>
      </trkpt>
      <trkpt lat="41.51337839663029" lon="2.2984380461275578">
        <ele>299.31</ele>
      </trkpt>
      <trkpt lat="41.51326381601393" lon="2.2981371358036995">
        <ele>297.1</ele>
      </trkpt>
      <trkpt lat="41.51314973831177" lon="2.297837734222412">
        <ele>295.05</ele>
      </trkpt>
      <trkpt lat="41.51304756291211" lon="2.2974453773349524">
        <ele>293.14</ele>
      </trkpt>
      <trkpt lat="41.51294547133148" lon="2.2970530204474926">
        <ele>291.17</ele>
      </trkpt>
      <trkpt lat="41.51284337975085" lon="2.296660663560033">
        <ele>289.14</ele>
      </trkpt>
      <trkpt lat="41.512742042541504" lon="2.296271324157715">
        <ele>287.25</ele>
      </trkpt>
      <trkpt lat="41.512699127197266" lon="2.2959494590759277">
        <ele>285.72</ele>
      </trkpt>
      <trkpt lat="41.51267766952515" lon="2.2959065437316895">
        <ele>284.26</ele>
      </trkpt>
      <trkpt lat="41.51261329650879" lon="2.2956490516662598">
        <ele>282.87</ele>
      </trkpt>
      <trkpt lat="41.51261329650879" lon="2.2954773902893066">
        <ele>281.6</ele>
      </trkpt>
      <trkpt lat="41.51278495788574" lon="2.295241355895996">
        <ele>280.59</ele>
      </trkpt>
      <trkpt lat="41.51298511773348" lon="2.2950553614646196">
        <ele>279.65</ele>
      </trkpt>
      <trkpt lat="41.51318536140025" lon="2.294869450852275">
        <ele>278.91</ele>
      </trkpt>
      <trkpt lat="41.51338577270508" lon="2.2946834564208984">
        <ele>278.22</ele>
      </trkpt>
      <trkpt lat="41.51357880793512" lon="2.2945440653711557">
        <ele>277.7</ele>
      </trkpt>
      <trkpt lat="41.513772094622254" lon="2.2944045066833496">
        <ele>277.14</ele>
      </trkpt>
      <trkpt lat="41.5138578414917" lon="2.294340133666992">
        <ele>276.79</ele>
      </trkpt>
      <trkpt lat="41.51390075683594" lon="2.2942113876342773">
        <ele>276.45</ele>
      </trkpt>
      <trkpt lat="41.51412606239319" lon="2.293953811749816">
        <ele>276.4</ele>
      </trkpt>
      <trkpt lat="41.51435136795044" lon="2.293696403503418">
        <ele>276.68</ele>
      </trkpt>
      <trkpt lat="41.51435136795044" lon="2.2936105728149414">
        <ele>276.98</ele>
      </trkpt>
      <trkpt lat="41.514480197802186" lon="2.2935032844543457">
        <ele>277.66</ele>
      </trkpt>
      <trkpt lat="41.51460886001587" lon="2.293374538421631">
        <ele>278.41</ele>
      </trkpt>
      <trkpt lat="41.51465177536011" lon="2.2932887077331543">
        <ele>279.26</ele>
      </trkpt>
      <trkpt lat="41.51465185917914" lon="2.2932887077331543">
        <ele>280.25</ele>
      </trkpt>
      <trkpt lat="41.51467323303223" lon="2.2931814193725586">
        <ele>281.42</ele>
      </trkpt>
      <trkpt lat="41.51465177536011" lon="2.2930097579956055">
        <ele>282.74</ele>
      </trkpt>
      <trkpt lat="41.51450157165527" lon="2.292795181274414">
        <ele>284.18</ele>
      </trkpt>
      <trkpt lat="41.514480113983154" lon="2.2925376892089844">
        <ele>285.88</ele>
      </trkpt>
      <trkpt lat="41.51450157165527" lon="2.2923874855041504">
        <ele>287.63</ele>
      </trkpt>
      <trkpt lat="41.51457675732672" lon="2.2921724896878004">
        <ele>289.54</ele>
      </trkpt>
      <trkpt lat="41.51465177536011" lon="2.2919583320617676">
        <ele>291.46</ele>
      </trkpt>
      <trkpt lat="41.51465177536011" lon="2.291593551635742">
        <ele>293.4</ele>
      </trkpt>
      <trkpt lat="41.51470550335944" lon="2.2913570143282413">
        <ele>295.41</ele>
      </trkpt>
      <trkpt lat="41.5147590637207" lon="2.291121482849121">
        <ele>297.52</ele>
      </trkpt>
      <trkpt lat="41.5147590637207" lon="2.2907567024230957">
        <ele>299.44</ele>
      </trkpt>
      <trkpt lat="41.514597879722714" lon="2.2904021479189396">
        <ele>301.11</ele>
      </trkpt>
      <trkpt lat="41.514437198638916" lon="2.290048599243164">
        <ele>302.76</ele>
      </trkpt>
      <trkpt lat="41.51435136795044" lon="2.2897911071777344">
        <ele>304.25</ele>
      </trkpt>
      <trkpt lat="41.51428548619151" lon="2.2894397377967834">
        <ele>305.81</ele>
      </trkpt>
      <trkpt lat="41.514222621917725" lon="2.289104461669922">
        <ele>307.48</ele>
      </trkpt>
      <trkpt lat="41.51413679122925" lon="2.288975715637207">
        <ele>309.17</ele>
      </trkpt>
      <trkpt lat="41.514222705736756" lon="2.2887105960398912">
        <ele>311.02</ele>
      </trkpt>
      <trkpt lat="41.514308704063296" lon="2.2884454764425755">
        <ele>312.9</ele>
      </trkpt>
      <trkpt lat="41.51439428329468" lon="2.288181781768799">
        <ele>315.05</ele>
      </trkpt>
      <trkpt lat="41.51439428329468" lon="2.288053035736084">
        <ele>317.17</ele>
      </trkpt>
      <trkpt lat="41.514351200312376" lon="2.2877519577741623">
        <ele>319.43</ele>
      </trkpt>
      <trkpt lat="41.5143084526062" lon="2.287452220916748">
        <ele>321.7</ele>
      </trkpt>
      <trkpt lat="41.51434072293341" lon="2.287097331136465">
        <ele>324.09</ele>
      </trkpt>
      <trkpt lat="41.51437290944159" lon="2.2867441177368164">
        <ele>326.71</ele>
      </trkpt>
      <trkpt lat="41.514437198638916" lon="2.2865939140319824">
        <ele>329.44</ele>
      </trkpt>
      <trkpt lat="41.51455521583557" lon="2.2864543553441763">
        <ele>332.18</ele>
      </trkpt>
      <trkpt lat="41.51467323303223" lon="2.2863149642944336">
        <ele>334.95</ele>
      </trkpt>
      <trkpt lat="41.514737606048584" lon="2.2861218452453613">
        <ele>337.72</ele>
      </trkpt>
      <trkpt lat="41.514565693214536" lon="2.285788832232356">
        <ele>340.11</ele>
      </trkpt>
      <trkpt lat="41.51439428329468" lon="2.285456657409668">
        <ele>342.34</ele>
      </trkpt>
      <trkpt lat="41.5143190138042" lon="2.285155663266778">
        <ele>344.74</ele>
      </trkpt>
      <trkpt lat="41.514244079589844" lon="2.284855842590332">
        <ele>346.99</ele>
      </trkpt>
      <trkpt lat="41.514158081263304" lon="2.284561973065138">
        <ele>349.12</ele>
      </trkpt>
      <trkpt lat="41.514072082936764" lon="2.2842681873589754">
        <ele>351.28</ele>
      </trkpt>
      <trkpt lat="41.513986671343446" lon="2.2839760780334473">
        <ele>353.49</ele>
      </trkpt>
      <trkpt lat="41.513986587524414" lon="2.2839760780334473">
        <ele>355.06</ele>
      </trkpt>
      <trkpt lat="41.51394962333143" lon="2.283840626478195">
        <ele>356.71</ele>
      </trkpt>
      <trkpt lat="41.51394970715046" lon="2.2838408779352903">
        <ele>357.93</ele>
      </trkpt>
      <trkpt lat="41.51392221450806" lon="2.2837400436401367">
        <ele>359.21</ele>
      </trkpt>
      <trkpt lat="41.5138578414917" lon="2.2837185859680176">
        <ele>360.04</ele>
      </trkpt>
      <trkpt lat="41.51365424506366" lon="2.2836971282958984">
        <ele>360.44</ele>
      </trkpt>
      <trkpt lat="41.513450145721436" lon="2.2836756706237793">
        <ele>360.74</ele>
      </trkpt>
      <trkpt lat="41.513267923146486" lon="2.283600652590394">
        <ele>361.24</ele>
      </trkpt>
      <trkpt lat="41.51308536529541" lon="2.2835254669189453">
        <ele>361.74</ele>
      </trkpt>
      <trkpt lat="41.512978076934814" lon="2.2835683822631836">
        <ele>361.84</ele>
      </trkpt>
      <trkpt lat="41.51282795704901" lon="2.2837400436401367">
        <ele>361.68</ele>
      </trkpt>
      <trkpt lat="41.512699127197266" lon="2.28391170501709">
        <ele>361.4</ele>
      </trkpt>
      <trkpt lat="41.51263483799994" lon="2.28391170501709">
        <ele>361.42</ele>
      </trkpt>
      <trkpt lat="41.5125919226557" lon="2.2838902473449707">
        <ele>361.5</ele>
      </trkpt>
      <trkpt lat="41.51252746582031" lon="2.283804416656494">
        <ele>361.68</ele>
      </trkpt>
      <trkpt lat="41.51254892349243" lon="2.2834181785583496">
        <ele>362.17</ele>
      </trkpt>
      <trkpt lat="41.51254900731146" lon="2.2832465171813965">
        <ele>362.39</ele>
      </trkpt>
      <trkpt lat="41.51246300898492" lon="2.283031605184078">
        <ele>362.41</ele>
      </trkpt>
      <trkpt lat="41.51237734593451" lon="2.2828173637390137">
        <ele>362.39</ele>
      </trkpt>
      <trkpt lat="41.51237726211548" lon="2.282710075378418">
        <ele>362.49</ele>
      </trkpt>
      <trkpt lat="41.51244171895087" lon="2.282430538907647">
        <ele>362.7</ele>
      </trkpt>
      <trkpt lat="41.51250600814819" lon="2.2821521759033203">
        <ele>362.92</ele>
      </trkpt>
      <trkpt lat="41.512484550476074" lon="2.2818517684936523">
        <ele>363.05</ele>
      </trkpt>
      <trkpt lat="41.51242017745972" lon="2.2815942764282227">
        <ele>362.99</ele>
      </trkpt>
      <trkpt lat="41.51231288909912" lon="2.2814011573791504">
        <ele>362.61</ele>
      </trkpt>
      <trkpt lat="41.51217316277325" lon="2.2810249775648117">
        <ele>362.3</ele>
      </trkpt>
      <trkpt lat="41.51203393936157" lon="2.2806501388549805">
        <ele>362.07</ele>
      </trkpt>
      <trkpt lat="41.511948108673096" lon="2.2805428504943848">
        <ele>361.59</ele>
      </trkpt>
      <trkpt lat="41.51181936264038" lon="2.280564308166504">
        <ele>360.94</ele>
      </trkpt>
      <trkpt lat="41.51179790496826" lon="2.2805213928222656">
        <ele>360.38</ele>
      </trkpt>
      <trkpt lat="41.51175498962402" lon="2.2801780700683594">
        <ele>360.14</ele>
      </trkpt>
      <trkpt lat="41.511712074279785" lon="2.2800707817077637">
        <ele>359.52</ele>
      </trkpt>
      <trkpt lat="41.511497497558594" lon="2.280113697052002">
        <ele>358.45</ele>
      </trkpt>
      <trkpt lat="41.51134746149182" lon="2.2801779862493277">
        <ele>357.41</ele>
      </trkpt>
      <trkpt lat="41.51119717396796" lon="2.280242443084717">
        <ele>356.33</ele>
      </trkpt>
      <trkpt lat="41.51095066219568" lon="2.280242359265685">
        <ele>355.23</ele>
      </trkpt>
      <trkpt lat="41.510703563690186" lon="2.280242443084717">
        <ele>354.18</ele>
      </trkpt>
      <trkpt lat="41.51064380072057" lon="2.2801229171454906">
        <ele>353.44</ele>
      </trkpt>
      <trkpt lat="41.510643884539604" lon="2.2801230009645224">
        <ele>352.88</ele>
      </trkpt>
      <trkpt lat="41.510643884539604" lon="2.280123084783554">
        <ele>352.43</ele>
      </trkpt>
      <trkpt lat="41.51061773300171" lon="2.2800707817077637">
        <ele>352.06</ele>
      </trkpt>
      <trkpt lat="41.51059627532959" lon="2.2799205780029297">
        <ele>351.82</ele>
      </trkpt>
      <trkpt lat="41.51063927449286" lon="2.2797060012817383">
        <ele>351.77</ele>
      </trkpt>
      <trkpt lat="41.51075737550855" lon="2.279426632449031">
        <ele>352.09</ele>
      </trkpt>
      <trkpt lat="41.51087522506714" lon="2.2791481018066406">
        <ele>352.69</ele>
      </trkpt>
      <trkpt lat="41.51091814041138" lon="2.2787833213806152">
        <ele>353.49</ele>
      </trkpt>
      <trkpt lat="41.51087522506714" lon="2.2786760330200195">
        <ele>353.97</ele>
      </trkpt>
      <trkpt lat="41.51066064834595" lon="2.278461456298828">
        <ele>354.38</ele>
      </trkpt>
      <trkpt lat="41.51055335998535" lon="2.2780752182006836">
        <ele>355.64</ele>
      </trkpt>
      <trkpt lat="41.510488986968994" lon="2.277967929840088">
        <ele>356.55</ele>
      </trkpt>
      <trkpt lat="41.51040315628052" lon="2.2779250144958496">
        <ele>357.34</ele>
      </trkpt>
      <trkpt lat="41.51012420654297" lon="2.2779035568237305">
        <ele>357.7</ele>
      </trkpt>
      <trkpt lat="41.509834779426455" lon="2.2777748946100473">
        <ele>358.68</ele>
      </trkpt>
      <trkpt lat="41.50954484939575" lon="2.277646064758301">
        <ele>359.83</ele>
      </trkpt>
      <trkpt lat="41.509459018707275" lon="2.277560234069824">
        <ele>361.23</ele>
      </trkpt>
      <trkpt lat="41.509448206052184" lon="2.2772806137800217">
        <ele>362.95</ele>
      </trkpt>
      <trkpt lat="41.509437561035156" lon="2.2770023345947266">
        <ele>364.74</ele>
      </trkpt>
      <trkpt lat="41.509480476379395" lon="2.2767233848571777">
        <ele>366.84</ele>
      </trkpt>
      <trkpt lat="41.509362207725644" lon="2.276390204206109">
        <ele>368.58</ele>
      </trkpt>
      <trkpt lat="41.509244441986084" lon="2.2760581970214844">
        <ele>370.34</ele>
      </trkpt>
      <trkpt lat="41.50928735733032" lon="2.275843620300293">
        <ele>372.3</ele>
      </trkpt>
      <trkpt lat="41.50941610336304" lon="2.2755861282348633">
        <ele>374.28</ele>
      </trkpt>
      <trkpt lat="41.50954484939575" lon="2.2754573822021484">
        <ele>376.34</ele>
      </trkpt>
      <trkpt lat="41.50978088378906" lon="2.2753500938415527">
        <ele>378.66</ele>
      </trkpt>
      <trkpt lat="41.50990962982178" lon="2.2751784324645996">
        <ele>380.56</ele>
      </trkpt>
      <trkpt lat="41.509995460510254" lon="2.2748565673828125">
        <ele>382.39</ele>
      </trkpt>
      <trkpt lat="41.510188579559326" lon="2.2745561599731445">
        <ele>384.26</ele>
      </trkpt>
      <trkpt lat="41.510210037231445" lon="2.274448871612549">
        <ele>385.69</ele>
      </trkpt>
      <trkpt lat="41.51012412272394" lon="2.2742555011063814">
        <ele>386.67</ele>
      </trkpt>
      <trkpt lat="41.51012420654297" lon="2.2742557525634766">
        <ele>387.77</ele>
      </trkpt>
      <trkpt lat="41.51005983352661" lon="2.2740626335144043">
        <ele>388.64</ele>
      </trkpt>
      <trkpt lat="41.50986671447754" lon="2.2738051414489746">
        <ele>389.31</ele>
      </trkpt>
      <trkpt lat="41.50980217382312" lon="2.273579416796565">
        <ele>390.22</ele>
      </trkpt>
      <trkpt lat="41.509737968444824" lon="2.2733545303344727">
        <ele>390.88</ele>
      </trkpt>
      <trkpt lat="41.50967359542847" lon="2.2732901573181152">
        <ele>391.2</ele>
      </trkpt>
      <trkpt lat="41.50940562598407" lon="2.2731829527765512">
        <ele>391.24</ele>
      </trkpt>
      <trkpt lat="41.50913715362549" lon="2.273075580596924">
        <ele>391.13</ele>
      </trkpt>
      <trkpt lat="41.50905132293701" lon="2.272968292236328">
        <ele>390.9</ele>
      </trkpt>
      <trkpt lat="41.508986949920654" lon="2.2727537155151367">
        <ele>390.59</ele>
      </trkpt>
      <trkpt lat="41.50909423828125" lon="2.272517681121826">
        <ele>390.68</ele>
      </trkpt>
      <trkpt lat="41.50909423828125" lon="2.2724103927612305">
        <ele>390.39</ele>
      </trkpt>
      <trkpt lat="41.508944034576416" lon="2.2722387313842773">
        <ele>389.79</ele>
      </trkpt>
      <trkpt lat="41.50885820388794" lon="2.272024154663086">
        <ele>389.46</ele>
      </trkpt>
      <trkpt lat="41.50866508483887" lon="2.2719812393188477">
        <ele>388.61</ele>
      </trkpt>
      <trkpt lat="41.50860071182251" lon="2.271895408630371">
        <ele>388.11</ele>
      </trkpt>
      <trkpt lat="41.50853633880615" lon="2.271745204925537">
        <ele>387.83</ele>
      </trkpt>
      <trkpt lat="41.508471965789795" lon="2.271702289581299">
        <ele>387.3</ele>
      </trkpt>
      <trkpt lat="41.508171977475286" lon="2.271755849942565">
        <ele>386.24</ele>
      </trkpt>
      <trkpt lat="41.50787123478949" lon="2.2718095779418945">
        <ele>385.4</ele>
      </trkpt>
      <trkpt lat="41.50787115097046" lon="2.2718095779418945">
        <ele>384.95</ele>
      </trkpt>
      <trkpt lat="41.50776386260986" lon="2.271723747253418">
        <ele>384.61</ele>
      </trkpt>
      <trkpt lat="41.50761365890503" lon="2.2714662551879883">
        <ele>384.4</ele>
      </trkpt>
      <trkpt lat="41.507484912872314" lon="2.2713160514831543">
        <ele>384.11</ele>
      </trkpt>
      <trkpt lat="41.507441997528076" lon="2.2712302207946777">
        <ele>383.91</ele>
      </trkpt>
      <trkpt lat="41.507506370544434" lon="2.2709298133850098">
        <ele>384.18</ele>
      </trkpt>
      <trkpt lat="41.50759228505194" lon="2.270747171714902">
        <ele>384.4</ele>
      </trkpt>
      <trkpt lat="41.50767803192139" lon="2.2705650329589844">
        <ele>384.71</ele>
      </trkpt>
      <trkpt lat="41.507699489593506" lon="2.270479202270508">
        <ele>384.82</ele>
      </trkpt>
      <trkpt lat="41.50765657424927" lon="2.2703933715820312">
        <ele>384.92</ele>
      </trkpt>
      <trkpt lat="41.50759220123291" lon="2.270371913909912">
        <ele>384.88</ele>
      </trkpt>
      <trkpt lat="41.50729179382324" lon="2.2704148292541504">
        <ele>384.51</ele>
      </trkpt>
      <trkpt lat="41.50706481188536" lon="2.270335368812084">
        <ele>384.5</ele>
      </trkpt>
      <trkpt lat="41.50706447660923" lon="2.2703352849930525">
        <ele>384.6</ele>
      </trkpt>
      <trkpt lat="41.50686264038086" lon="2.2702646255493164">
        <ele>384.76</ele>
      </trkpt>
      <trkpt lat="41.50665535591543" lon="2.270378954708576">
        <ele>384.77</ele>
      </trkpt>
      <trkpt lat="41.50644815526903" lon="2.270493283867836">
        <ele>385.0</ele>
      </trkpt>
      <trkpt lat="41.506240451708436" lon="2.2706079483032227">
        <ele>385.06</ele>
      </trkpt>
      <trkpt lat="41.50611162185669" lon="2.270629405975342">
        <ele>385.51</ele>
      </trkpt>
      <trkpt lat="41.50596150197089" lon="2.270500659942627">
        <ele>386.06</ele>
      </trkpt>
      <trkpt lat="41.50587558746338" lon="2.2703933715820312">
        <ele>386.71</ele>
      </trkpt>
      <trkpt lat="41.50568942539394" lon="2.270056838169694">
        <ele>387.59</ele>
      </trkpt>
      <trkpt lat="41.5055032633245" lon="2.2697203047573566">
        <ele>388.69</ele>
      </trkpt>
      <trkpt lat="41.50531768798828" lon="2.2693848609924316">
        <ele>390.12</ele>
      </trkpt>
      <trkpt lat="41.505253314971924" lon="2.269299030303955">
        <ele>391.34</ele>
      </trkpt>
      <trkpt lat="41.50510311126709" lon="2.269427692517638">
        <ele>392.54</ele>
      </trkpt>
      <trkpt lat="41.504952907562256" lon="2.2695565223693848">
        <ele>393.81</ele>
      </trkpt>
      <trkpt lat="41.50480270385742" lon="2.26992130279541">
        <ele>394.64</ele>
      </trkpt>
      <trkpt lat="41.50456675328314" lon="2.2701358795166016">
        <ele>395.69</ele>
      </trkpt>
      <trkpt lat="41.50428771972656" lon="2.27017879486084">
        <ele>396.94</ele>
      </trkpt>
      <trkpt lat="41.50418043136597" lon="2.2701573371887207">
        <ele>398.35</ele>
      </trkpt>
      <trkpt lat="41.50407314300537" lon="2.2701358795166016">
        <ele>399.74</ele>
      </trkpt>
      <trkpt lat="41.50392293930054" lon="2.2700071334838867">
        <ele>401.4</ele>
      </trkpt>
      <trkpt lat="41.503729820251465" lon="2.269749641418457">
        <ele>403.02</ele>
      </trkpt>
      <trkpt lat="41.50357039645314" lon="2.2694382537156343">
        <ele>404.67</ele>
      </trkpt>
      <trkpt lat="41.50341139174998" lon="2.2691275365650654">
        <ele>406.27</ele>
      </trkpt>
      <trkpt lat="41.50341147556901" lon="2.269127704203129">
        <ele>407.55</ele>
      </trkpt>
      <trkpt lat="41.50326018221676" lon="2.268832242116332">
        <ele>408.99</ele>
      </trkpt>
      <trkpt lat="41.50310897268355" lon="2.2685367800295353">
        <ele>410.34</ele>
      </trkpt>
      <trkpt lat="41.502957763150334" lon="2.2682413179427385">
        <ele>411.41</ele>
      </trkpt>
      <trkpt lat="41.50280722416937" lon="2.267947196960449">
        <ele>412.18</ele>
      </trkpt>
      <trkpt lat="41.50280714035034" lon="2.267947196960449">
        <ele>412.75</ele>
      </trkpt>
      <trkpt lat="41.50285013951361" lon="2.2675923071801662">
        <ele>413.22</ele>
      </trkpt>
      <trkpt lat="41.50289297103882" lon="2.2672390937805176">
        <ele>413.36</ele>
      </trkpt>
      <trkpt lat="41.5028715133667" lon="2.266874313354492">
        <ele>413.27</ele>
      </trkpt>
      <trkpt lat="41.50279624387622" lon="2.2666055895388126">
        <ele>412.78</ele>
      </trkpt>
      <trkpt lat="41.502721309661865" lon="2.2663378715515137">
        <ele>412.12</ele>
      </trkpt>
      <trkpt lat="41.502624582499266" lon="2.2661229595541954">
        <ele>411.38</ele>
      </trkpt>
      <trkpt lat="41.50252819061279" lon="2.265908718109131">
        <ele>410.5</ele>
      </trkpt>
      <trkpt lat="41.502506732940674" lon="2.265758514404297">
        <ele>409.69</ele>
      </trkpt>
      <trkpt lat="41.50252819061279" lon="2.265458106994629">
        <ele>408.82</ele>
      </trkpt>
      <trkpt lat="41.50267847813666" lon="2.265221821144223">
        <ele>408.07</ele>
      </trkpt>
      <trkpt lat="41.50282859802246" lon="2.264986038208008">
        <ele>407.1</ele>
      </trkpt>
      <trkpt lat="41.50285005569458" lon="2.2647064179182053">
        <ele>405.53</ele>
      </trkpt>
      <trkpt lat="41.5028715133667" lon="2.26442813873291">
        <ele>404.2</ele>
      </trkpt>
      <trkpt lat="41.50273195467889" lon="2.264224123209715">
        <ele>402.47</ele>
      </trkpt>
      <trkpt lat="41.50259256362915" lon="2.2640204429626465">
        <ele>400.7</ele>
      </trkpt>
      <trkpt lat="41.50247571989894" lon="2.263888008892536">
        <ele>398.91</ele>
      </trkpt>
      <trkpt lat="41.50247563607991" lon="2.2638879250735044">
        <ele>397.17</ele>
      </trkpt>
      <trkpt lat="41.50227069854736" lon="2.263655662536621">
        <ele>395.41</ele>
      </trkpt>
      <trkpt lat="41.50216341018677" lon="2.263612747192383">
        <ele>393.5</ele>
      </trkpt>
      <trkpt lat="41.5018630027771" lon="2.2635912895202637">
        <ele>391.47</ele>
      </trkpt>
      <trkpt lat="41.50165940634906" lon="2.26364484988153">
        <ele>389.32</ele>
      </trkpt>
      <trkpt lat="41.50145539082587" lon="2.2636985778808594">
        <ele>386.77</ele>
      </trkpt>
      <trkpt lat="41.501455307006836" lon="2.2636985778808594">
        <ele>384.77</ele>
      </trkpt>
      <trkpt lat="41.50132656097412" lon="2.263634204864502">
        <ele>382.66</ele>
      </trkpt>
      <trkpt lat="41.501176273450255" lon="2.2634731885045767">
        <ele>380.71</ele>
      </trkpt>
      <trkpt lat="41.50102615356445" lon="2.263312339782715">
        <ele>378.74</ele>
      </trkpt>
      <trkpt lat="41.50091886520386" lon="2.2632479667663574">
        <ele>376.69</ele>
      </trkpt>
      <trkpt lat="41.50073672644794" lon="2.2632157802581787">
        <ele>374.53</ele>
      </trkpt>
      <trkpt lat="41.50055408477783" lon="2.26318359375">
        <ele>372.45</ele>
      </trkpt>
      <trkpt lat="41.50050027295947" lon="2.2629577852785587">
        <ele>370.8</ele>
      </trkpt>
      <trkpt lat="41.500446796417236" lon="2.262732982635498">
        <ele>369.04</ele>
      </trkpt>
      <trkpt lat="41.50031805038452" lon="2.2624754905700684">
        <ele>367.13</ele>
      </trkpt>
      <trkpt lat="41.50012493133545" lon="2.2621750831604004">
        <ele>364.84</ele>
      </trkpt>
      <trkpt lat="41.49991035461426" lon="2.261960506439209">
        <ele>362.65</ele>
      </trkpt>
      <trkpt lat="41.499695777893066" lon="2.2617459297180176">
        <ele>360.58</ele>
      </trkpt>
      <trkpt lat="41.49959905073047" lon="2.261574100703001">
        <ele>358.92</ele>
      </trkpt>
      <trkpt lat="41.499502658843994" lon="2.2614026069641113">
        <ele>357.28</ele>
      </trkpt>
      <trkpt lat="41.49943811818957" lon="2.2611768823117018">
        <ele>354.34</ele>
      </trkpt>
      <trkpt lat="41.49937391281128" lon="2.2609519958496094">
        <ele>352.96</ele>
      </trkpt>
      <trkpt lat="41.49926645681262" lon="2.2607694379985332">
        <ele>351.56</ele>
      </trkpt>
      <trkpt lat="41.49915933609009" lon="2.260587215423584">
        <ele>350.28</ele>
      </trkpt>
      <trkpt lat="41.49911642074585" lon="2.2603511810302734">
        <ele>349.15</ele>
      </trkpt>
      <trkpt lat="41.49915933609009" lon="2.260136604309082">
        <ele>348.1</ele>
      </trkpt>
      <trkpt lat="41.49894484318793" lon="2.2599434852600098">
        <ele>347.05</ele>
      </trkpt>
      <trkpt lat="41.498730182647705" lon="2.2597289085388184">
        <ele>346.11</ele>
      </trkpt>
      <trkpt lat="41.49853706359863" lon="2.259664535522461">
        <ele>345.2</ele>
      </trkpt>
      <trkpt lat="41.49832257069647" lon="2.259492874145508">
        <ele>344.45</ele>
      </trkpt>
      <trkpt lat="41.49815082550049" lon="2.2594285011291504">
        <ele>343.7</ele>
      </trkpt>
      <trkpt lat="41.49785083718598" lon="2.2593963146209717">
        <ele>342.97</ele>
      </trkpt>
      <trkpt lat="41.49755001068115" lon="2.259364128112793">
        <ele>342.34</ele>
      </trkpt>
      <trkpt lat="41.49731397628784" lon="2.2592568397521973">
        <ele>341.75</ele>
      </trkpt>
      <trkpt lat="41.49712085723877" lon="2.259042263031006">
        <ele>341.35</ele>
      </trkpt>
      <trkpt lat="41.49697073735297" lon="2.2586774826049805">
        <ele>341.07</ele>
      </trkpt>
      <trkpt lat="41.49682053364813" lon="2.2583770751953125">
        <ele>340.76</ele>
      </trkpt>
      <trkpt lat="41.49662733078003" lon="2.2581839561462402">
        <ele>340.49</ele>
      </trkpt>
      <trkpt lat="41.496498584747314" lon="2.258012294769287">
        <ele>340.12</ele>
      </trkpt>
      <trkpt lat="41.49632692337036" lon="2.2576904296875">
        <ele>339.9</ele>
      </trkpt>
      <trkpt lat="41.496262550354004" lon="2.2574329376220703">
        <ele>339.88</ele>
      </trkpt>
      <trkpt lat="41.49604797363281" lon="2.2571754455566406">
        <ele>339.78</ele>
      </trkpt>
      <trkpt lat="41.4958119392395" lon="2.256960868835449">
        <ele>339.68</ele>
      </trkpt>
      <trkpt lat="41.495650839060545" lon="2.2567031253129244">
        <ele>339.68</ele>
      </trkpt>
      <trkpt lat="41.495490074157715" lon="2.25644588470459">
        <ele>339.65</ele>
      </trkpt>
      <trkpt lat="41.4954028185457" lon="2.256358629092574">
        <ele>339.41</ele>
      </trkpt>
      <trkpt lat="41.495402650907636" lon="2.2563584614545107">
        <ele>339.15</ele>
      </trkpt>
      <trkpt lat="41.49529695510864" lon="2.2562527656555176">
        <ele>338.79</ele>
      </trkpt>
      <trkpt lat="41.49508237838745" lon="2.256166934967041">
        <ele>338.33</ele>
      </trkpt>
      <trkpt lat="41.49491088464856" lon="2.256199037656188">
        <ele>337.67</ele>
      </trkpt>
      <trkpt lat="41.494739055633545" lon="2.2562313079833984">
        <ele>337.0</ele>
      </trkpt>
      <trkpt lat="41.49458885192871" lon="2.2562098503112793">
        <ele>336.35</ele>
      </trkpt>
      <trkpt lat="41.49435315281153" lon="2.256134832277894">
        <ele>335.67</ele>
      </trkpt>
      <trkpt lat="41.49411686696112" lon="2.2560596466064453">
        <ele>334.91</ele>
      </trkpt>
      <trkpt lat="41.49393456056714" lon="2.2559738997370005">
        <ele>334.05</ele>
      </trkpt>
      <trkpt lat="41.493752002716064" lon="2.255887985229492">
        <ele>333.21</ele>
      </trkpt>
      <trkpt lat="41.493515968322754" lon="2.2558236122131348">
        <ele>332.2</ele>
      </trkpt>
      <trkpt lat="41.49332284927368" lon="2.255716323852539">
        <ele>331.12</ele>
      </trkpt>
      <trkpt lat="41.49319410324097" lon="2.255523204803467">
        <ele>330.15</ele>
      </trkpt>
      <trkpt lat="41.49312973022461" lon="2.255544662475586">
        <ele>329.03</ele>
      </trkpt>
      <trkpt lat="41.49306535720825" lon="2.2554588317871094">
        <ele>327.93</ele>
      </trkpt>
      <trkpt lat="41.49287223815918" lon="2.2553300857543945">
        <ele>326.69</ele>
      </trkpt>
      <trkpt lat="41.492764949798584" lon="2.2552013397216797">
        <ele>325.49</ele>
      </trkpt>
      <trkpt lat="41.492722034454346" lon="2.255094051361084">
        <ele>324.27</ele>
      </trkpt>
      <trkpt lat="41.492507541552186" lon="2.254793643951416">
        <ele>322.87</ele>
      </trkpt>
      <trkpt lat="41.492550456896424" lon="2.2546863555908203">
        <ele>321.75</ele>
      </trkpt>
      <trkpt lat="41.49235725402832" lon="2.254471778869629">
        <ele>320.45</ele>
      </trkpt>
      <trkpt lat="41.492292964830995" lon="2.2543859481811523">
        <ele>319.36</ele>
      </trkpt>
      <trkpt lat="41.49213194847107" lon="2.2541927453130484">
        <ele>318.29</ele>
      </trkpt>
      <trkpt lat="41.491971015930176" lon="2.253999710083008">
        <ele>317.37</ele>
      </trkpt>
      <trkpt lat="41.49192810058594" lon="2.253892421722412">
        <ele>316.63</ele>
      </trkpt>
      <trkpt lat="41.49209976196289" lon="2.253870964050293">
        <ele>316.04</ele>
      </trkpt>
      <trkpt lat="41.49212130345404" lon="2.2538065910339355">
        <ele>315.52</ele>
      </trkpt>
      <trkpt lat="41.49212121963501" lon="2.2538065910339355">
        <ele>315.15</ele>
      </trkpt>
      <trkpt lat="41.49222859181464" lon="2.2535379510372877">
        <ele>314.84</ele>
      </trkpt>
      <trkpt lat="41.4923357963562" lon="2.253270149230957">
        <ele>314.7</ele>
      </trkpt>
      <trkpt lat="41.49237871170044" lon="2.252926826477051">
        <ele>314.8</ele>
      </trkpt>
      <trkpt lat="41.49235725402832" lon="2.2527122497558594">
        <ele>315.05</ele>
      </trkpt>
      <trkpt lat="41.49223915301263" lon="2.2525726910680532">
        <ele>315.5</ele>
      </trkpt>
      <trkpt lat="41.49212121963501" lon="2.2524333000183105">
        <ele>316.04</ele>
      </trkpt>
      <trkpt lat="41.491992473602295" lon="2.252175807952881">
        <ele>316.76</ele>
      </trkpt>
      <trkpt lat="41.491971015930176" lon="2.252068519592285">
        <ele>317.5</ele>
      </trkpt>
      <trkpt lat="41.4918851852417" lon="2.2520041465759277">
        <ele>318.43</ele>
      </trkpt>
      <trkpt lat="41.49186372756958" lon="2.2517895698547363">
        <ele>319.37</ele>
      </trkpt>
      <trkpt lat="41.4918851852417" lon="2.2516822814941406">
        <ele>320.42</ele>
      </trkpt>
      <trkpt lat="41.49186372756958" lon="2.251574993133545">
        <ele>321.62</ele>
      </trkpt>
      <trkpt lat="41.49175635538995" lon="2.251413892954588">
        <ele>322.98</ele>
      </trkpt>
      <trkpt lat="41.49164915084839" lon="2.251253128051758">
        <ele>324.44</ele>
      </trkpt>
      <trkpt lat="41.49153096601367" lon="2.2510167583823204">
        <ele>326.01</ele>
      </trkpt>
      <trkpt lat="41.49141320027411" lon="2.2507810592651367">
        <ele>327.74</ele>
      </trkpt>
      <trkpt lat="41.49134882725775" lon="2.2505879402160645">
        <ele>329.48</ele>
      </trkpt>
      <trkpt lat="41.4913272857666" lon="2.2505664825439453">
        <ele>331.18</ele>
      </trkpt>
      <trkpt lat="41.491262912750244" lon="2.2503089904785156">
        <ele>332.92</ele>
      </trkpt>
      <trkpt lat="41.49119853973389" lon="2.250244617462158">
        <ele>334.71</ele>
      </trkpt>
      <trkpt lat="41.490983963012695" lon="2.2502875328063965">
        <ele>336.71</ele>
      </trkpt>
      <trkpt lat="41.49081230163574" lon="2.250244617462158">
        <ele>338.57</ele>
      </trkpt>
      <trkpt lat="41.490726470947266" lon="2.2502875328063965">
        <ele>340.29</ele>
      </trkpt>
      <trkpt lat="41.49057635106146" lon="2.2504806518554688">
        <ele>341.87</ele>
      </trkpt>
      <trkpt lat="41.49053335189819" lon="2.2504806518554688">
        <ele>343.46</ele>
      </trkpt>
      <trkpt lat="41.490404438227415" lon="2.250265823677182">
        <ele>345.14</ele>
      </trkpt>
      <trkpt lat="41.490275859832764" lon="2.250051498413086">
        <ele>346.78</ele>
      </trkpt>
      <trkpt lat="41.49015759117901" lon="2.2497613169252872">
        <ele>348.23</ele>
      </trkpt>
      <trkpt lat="41.49003982543945" lon="2.249472141265869">
        <ele>349.49</ele>
      </trkpt>
      <trkpt lat="41.4898681640625" lon="2.2492361068725586">
        <ele>350.65</ele>
      </trkpt>
      <trkpt lat="41.48980379104614" lon="2.2492575645446777">
        <ele>351.58</ele>
      </trkpt>
      <trkpt lat="41.48961067199707" lon="2.2492146492004395">
        <ele>352.44</ele>
      </trkpt>
      <trkpt lat="41.48937480524182" lon="2.249093111604452">
        <ele>353.28</ele>
      </trkpt>
      <trkpt lat="41.48913902230561" lon="2.2489716578274965">
        <ele>353.94</ele>
      </trkpt>
      <trkpt lat="41.48890256881714" lon="2.248849868774414">
        <ele>354.23</ele>
      </trkpt>
      <trkpt lat="41.48869344033301" lon="2.2486835718154907">
        <ele>354.58</ele>
      </trkpt>
      <trkpt lat="41.48848431184888" lon="2.248517358675599">
        <ele>354.76</ele>
      </trkpt>
      <trkpt lat="41.48827518336475" lon="2.2483511455357075">
        <ele>354.72</ele>
      </trkpt>
      <trkpt lat="41.48806571960449" lon="2.2481846809387207">
        <ele>354.53</ele>
      </trkpt>
      <trkpt lat="41.48790487088263" lon="2.248098850250244">
        <ele>354.28</ele>
      </trkpt>
      <trkpt lat="41.487743854522705" lon="2.2480130195617676">
        <ele>353.93</ele>
      </trkpt>
      <trkpt lat="41.48761510848999" lon="2.2479701042175293">
        <ele>353.38</ele>
      </trkpt>
      <trkpt lat="41.487486362457275" lon="2.2480130195617676">
        <ele>352.58</ele>
      </trkpt>
      <trkpt lat="41.48744353093207" lon="2.248077392578125">
        <ele>351.59</ele>
      </trkpt>
      <trkpt lat="41.48737907409668" lon="2.2481417655944824">
        <ele>350.46</ele>
      </trkpt>
      <trkpt lat="41.487271869555116" lon="2.2481203079223633">
        <ele>349.27</ele>
      </trkpt>
      <trkpt lat="41.48714303970337" lon="2.2480344772338867">
        <ele>348.05</ele>
      </trkpt>
      <trkpt lat="41.486982107162476" lon="2.247873544692993">
        <ele>346.71</ele>
      </trkpt>
      <trkpt lat="41.48682117462158" lon="2.2477126121520996">
        <ele>345.29</ele>
      </trkpt>
      <trkpt lat="41.486542308703065" lon="2.2475624084472656">
        <ele>343.55</ele>
      </trkpt>
      <trkpt lat="41.48637056350708" lon="2.2475838661193848">
        <ele>341.9</ele>
      </trkpt>
      <trkpt lat="41.486263358965516" lon="2.2476696968078613">
        <ele>340.48</ele>
      </trkpt>
      <trkpt lat="41.486241817474365" lon="2.247498035430908">
        <ele>338.94</ele>
      </trkpt>
      <trkpt lat="41.48615607060492" lon="2.247326374053955">
        <ele>337.32</ele>
      </trkpt>
      <trkpt lat="41.48617744445801" lon="2.2472405433654785">
        <ele>335.59</ele>
      </trkpt>
      <trkpt lat="41.48630619049072" lon="2.247025966644287">
        <ele>333.56</ele>
      </trkpt>
      <trkpt lat="41.486520851030946" lon="2.2467470169067383">
        <ele>331.84</ele>
      </trkpt>
      <trkpt lat="41.486499309539795" lon="2.2466182708740234">
        <ele>330.01</ele>
      </trkpt>
      <trkpt lat="41.4863920211792" lon="2.2463178634643555">
        <ele>327.84</ele>
      </trkpt>
      <trkpt lat="41.4863920211792" lon="2.2462105751037598">
        <ele>325.97</ele>
      </trkpt>
      <trkpt lat="41.486552702263" lon="2.2459393367171288">
        <ele>324.27</ele>
      </trkpt>
      <trkpt lat="41.4867131318897" lon="2.245668601244688">
        <ele>322.37</ele>
      </trkpt>
      <trkpt lat="41.48671321570873" lon="2.245668601244688">
        <ele>320.4</ele>
      </trkpt>
      <trkpt lat="41.486735343933105" lon="2.245631217956543">
        <ele>318.36</ele>
      </trkpt>
      <trkpt lat="41.486767530441284" lon="2.2454161383211613">
        <ele>315.97</ele>
      </trkpt>
      <trkpt lat="41.48679971694946" lon="2.24520206451416">
        <ele>313.51</ele>
      </trkpt>
      <trkpt lat="41.48686408996582" lon="2.2449660301208496">
        <ele>311.08</ele>
      </trkpt>
      <trkpt lat="41.487014377489686" lon="2.244729744270444">
        <ele>308.69</ele>
      </trkpt>
      <trkpt lat="41.48716449737549" lon="2.2444939613342285">
        <ele>306.21</ele>
      </trkpt>
      <trkpt lat="41.487347055226564" lon="2.2441717609763145">
        <ele>303.54</ele>
      </trkpt>
      <trkpt lat="41.487529277801514" lon="2.2438502311706543">
        <ele>300.68</ele>
      </trkpt>
      <trkpt lat="41.48755073547363" lon="2.2437429428100586">
        <ele>298.01</ele>
      </trkpt>
      <trkpt lat="41.487507903948426" lon="2.243678569793701">
        <ele>295.25</ele>
      </trkpt>
      <trkpt lat="41.48731470108032" lon="2.243785858154297">
        <ele>292.52</ele>
      </trkpt>
      <trkpt lat="41.48718595504761" lon="2.2437644004821777">
        <ele>289.64</ele>
      </trkpt>
      <trkpt lat="41.4869499206543" lon="2.243635654449463">
        <ele>286.5</ele>
      </trkpt>
      <trkpt lat="41.48686408996582" lon="2.243657112121582">
        <ele>283.62</ele>
      </trkpt>
      <trkpt lat="41.486713886260986" lon="2.243807315826416">
        <ele>280.72</ele>
      </trkpt>
      <trkpt lat="41.48660651408136" lon="2.243979061022401">
        <ele>277.85</ele>
      </trkpt>
      <trkpt lat="41.486499309539795" lon="2.2441506385803223">
        <ele>274.88</ele>
      </trkpt>
      <trkpt lat="41.48634918965399" lon="2.244236469268799">
        <ele>271.71</ele>
      </trkpt>
      <trkpt lat="41.48634910583496" lon="2.2441935539245605">
        <ele>268.66</ele>
      </trkpt>
      <trkpt lat="41.4863920211792" lon="2.244129180908203">
        <ele>265.64</ele>
      </trkpt>
      <trkpt lat="41.48643493652344" lon="2.243936061859131">
        <ele>262.49</ele>
      </trkpt>
      <trkpt lat="41.48645639419556" lon="2.2437000274658203">
        <ele>259.23</ele>
      </trkpt>
      <trkpt lat="41.486424123868346" lon="2.2434419486671686">
        <ele>255.86</ele>
      </trkpt>
      <trkpt lat="41.4863920211792" lon="2.243185043334961">
        <ele>252.53</ele>
      </trkpt>
      <trkpt lat="41.48616302758455" lon="2.2429203428328037">
        <ele>248.98</ele>
      </trkpt>
      <trkpt lat="41.48593411780894" lon="2.2426556423306465">
        <ele>245.7</ele>
      </trkpt>
      <trkpt lat="41.48570537567139" lon="2.2423911094665527">
        <ele>242.64</ele>
      </trkpt>
      <trkpt lat="41.48561954498291" lon="2.2422409057617188">
        <ele>239.87</ele>
      </trkpt>
      <trkpt lat="41.48562038317323" lon="2.2422295063734055">
        <ele>237.26</ele>
      </trkpt>
      <trkpt lat="41.48562046699226" lon="2.2422291710972786">
        <ele>234.79</ele>
      </trkpt>
      <trkpt lat="41.48564100265503" lon="2.24196195602417">
        <ele>232.31</ele>
      </trkpt>
      <trkpt lat="41.48561954498291" lon="2.2418761253356934">
        <ele>230.08</ele>
      </trkpt>
      <trkpt lat="41.48555517196655" lon="2.241833209991455">
        <ele>228.01</ele>
      </trkpt>
      <trkpt lat="41.4853835105896" lon="2.241811752319336">
        <ele>226.03</ele>
      </trkpt>
      <trkpt lat="41.48521184921265" lon="2.241854667663574">
        <ele>224.23</ele>
      </trkpt>
      <trkpt lat="41.48504035547376" lon="2.241833209991455">
        <ele>222.51</ele>
      </trkpt>
      <trkpt lat="41.48486852645874" lon="2.241811752319336">
        <ele>220.98</ele>
      </trkpt>
      <trkpt lat="41.484739780426025" lon="2.2417259216308594">
        <ele>219.72</ele>
      </trkpt>
      <trkpt lat="41.48469686508179" lon="2.241640090942383">
        <ele>218.84</ele>
      </trkpt>
      <trkpt lat="41.48465394973755" lon="2.241532802581787">
        <ele>218.18</ele>
      </trkpt>
      <trkpt lat="41.48465394973755" lon="2.2412538528442383">
        <ele>217.75</ele>
      </trkpt>
      <trkpt lat="41.484761238098145" lon="2.241060733795166">
        <ele>217.53</ele>
      </trkpt>
      <trkpt lat="41.48495435714722" lon="2.2409749031066895">
        <ele>217.71</ele>
      </trkpt>
      <trkpt lat="41.484997272491455" lon="2.2408676147460938">
        <ele>217.85</ele>
      </trkpt>
      <trkpt lat="41.485297763720155" lon="2.240889072418213">
        <ele>218.42</ele>
      </trkpt>
      <trkpt lat="41.485533714294434" lon="2.240889072418213">
        <ele>218.98</ele>
      </trkpt>
      <trkpt lat="41.485769832506776" lon="2.240760326385498">
        <ele>219.63</ele>
      </trkpt>
      <trkpt lat="41.48589849472046" lon="2.240610122680664">
        <ele>220.37</ele>
      </trkpt>
      <trkpt lat="41.48599513806403" lon="2.240427481010556">
        <ele>221.2</ele>
      </trkpt>
      <trkpt lat="41.48609161376953" lon="2.2402453422546387">
        <ele>222.06</ele>
      </trkpt>
      <trkpt lat="41.48617752827704" lon="2.24004115909338">
        <ele>222.92</ele>
      </trkpt>
      <trkpt lat="41.486263275146484" lon="2.239837646484375">
        <ele>223.62</ele>
      </trkpt>
      <trkpt lat="41.48632773198187" lon="2.2396016120910645">
        <ele>224.19</ele>
      </trkpt>
      <trkpt lat="41.486241817474365" lon="2.2393441200256348">
        <ele>224.56</ele>
      </trkpt>
      <trkpt lat="41.48615598678589" lon="2.239236831665039">
        <ele>224.66</ele>
      </trkpt>
      <trkpt lat="41.48594149388373" lon="2.2390759829431772">
        <ele>224.46</ele>
      </trkpt>
      <trkpt lat="41.485726833343506" lon="2.238914966583252">
        <ele>224.14</ele>
      </trkpt>
      <trkpt lat="41.48543095216155" lon="2.2387734800577164">
        <ele>223.61</ele>
      </trkpt>
      <trkpt lat="41.48513515479863" lon="2.238631993532181">
        <ele>223.1</ele>
      </trkpt>
      <trkpt lat="41.4848393574357" lon="2.238490507006645">
        <ele>222.45</ele>
      </trkpt>
      <trkpt lat="41.48454356007278" lon="2.2383490204811096">
        <ele>221.52</ele>
      </trkpt>
      <trkpt lat="41.484246253967285" lon="2.2382068634033203">
        <ele>220.33</ele>
      </trkpt>
      <trkpt lat="41.48397283628583" lon="2.238029921427369">
        <ele>219.11</ele>
      </trkpt>
      <trkpt lat="41.483699418604374" lon="2.2378530632704496">
        <ele>217.73</ele>
      </trkpt>
      <trkpt lat="41.48342608474195" lon="2.2376761212944984">
        <ele>216.17</ele>
      </trkpt>
      <trkpt lat="41.48315191268921" lon="2.2374987602233887">
        <ele>214.5</ele>
      </trkpt>
      <trkpt lat="41.483109081164" lon="2.2374558448791504">
        <ele>212.96</ele>
      </trkpt>
      <trkpt lat="41.48310899734497" lon="2.237412929534912">
        <ele>211.38</ele>
      </trkpt>
      <trkpt lat="41.483066165819764" lon="2.2372841835021973">
        <ele>209.66</ele>
      </trkpt>
      <trkpt lat="41.48313053883612" lon="2.2371983528137207">
        <ele>208.0</ele>
      </trkpt>
      <trkpt lat="41.483259284868836" lon="2.2370052337646484">
        <ele>206.26</ele>
      </trkpt>
      <trkpt lat="41.48338794708252" lon="2.236661911010742">
        <ele>204.33</ele>
      </trkpt>
      <trkpt lat="41.48353815078735" lon="2.236447334289551">
        <ele>202.61</ele>
      </trkpt>
      <trkpt lat="41.48353815078735" lon="2.2361040115356445">
        <ele>200.71</ele>
      </trkpt>
      <trkpt lat="41.48349531926215" lon="2.2359108924865723">
        <ele>198.82</ele>
      </trkpt>
      <trkpt lat="41.48334503173828" lon="2.2357821464538574">
        <ele>196.85</ele>
      </trkpt>
      <trkpt lat="41.483216285705566" lon="2.2357606887817383">
        <ele>195.01</ele>
      </trkpt>
      <trkpt lat="41.483001708984375" lon="2.236018180847168">
        <ele>192.97</ele>
      </trkpt>
      <trkpt lat="41.4829158782959" lon="2.236039638519287">
        <ele>191.11</ele>
      </trkpt>
      <trkpt lat="41.482744216918945" lon="2.2359538078308105">
        <ele>189.28</ele>
      </trkpt>
      <trkpt lat="41.48247633129358" lon="2.2359859105199575">
        <ele>187.43</ele>
      </trkpt>
      <trkpt lat="41.48220777511597" lon="2.236018180847168">
        <ele>185.68</ele>
      </trkpt>
      <trkpt lat="41.48210048675537" lon="2.2359108924865723">
        <ele>183.99</ele>
      </trkpt>
      <trkpt lat="41.48195036686957" lon="2.2358036041259766">
        <ele>182.31</ele>
      </trkpt>
      <trkpt lat="41.481735706329346" lon="2.2356104850769043">
        <ele>180.59</ele>
      </trkpt>
      <trkpt lat="41.48162825033069" lon="2.235374115407467">
        <ele>179.04</ele>
      </trkpt>
      <trkpt lat="41.481521129608154" lon="2.235138416290283">
        <ele>177.55</ele>
      </trkpt>
      <trkpt lat="41.48140302859247" lon="2.234955858439207">
        <ele>176.11</ele>
      </trkpt>
      <trkpt lat="41.481285095214844" lon="2.234773635864258">
        <ele>174.76</ele>
      </trkpt>
      <trkpt lat="41.48117789067328" lon="2.234516143798828">
        <ele>173.57</ele>
      </trkpt>
      <trkpt lat="41.48117780685425" lon="2.234516143798828">
        <ele>172.35</ele>
      </trkpt>
      <trkpt lat="41.48090966977179" lon="2.234312379732728">
        <ele>171.15</ele>
      </trkpt>
      <trkpt lat="41.48064136505127" lon="2.2341084480285645">
        <ele>169.91</ele>
      </trkpt>
      <trkpt lat="41.4803409576416" lon="2.2340011596679688">
        <ele>168.55</ele>
      </trkpt>
      <trkpt lat="41.48012646473944" lon="2.2338294982910156">
        <ele>167.41</ele>
      </trkpt>
      <trkpt lat="41.48012638092041" lon="2.2338294982910156">
        <ele>166.35</ele>
      </trkpt>
      <trkpt lat="41.479986822232604" lon="2.23367921076715">
        <ele>165.31</ele>
      </trkpt>
      <trkpt lat="41.47984743118286" lon="2.2335290908813477">
        <ele>164.29</ele>
      </trkpt>
      <trkpt lat="41.47965431213379" lon="2.233421802520752">
        <ele>163.3</ele>
      </trkpt>
      <trkpt lat="41.47946144454181" lon="2.2334646340459585">
        <ele>162.22</ele>
      </trkpt>
      <trkpt lat="41.479268074035645" lon="2.2335076332092285">
        <ele>161.14</ele>
      </trkpt>
      <trkpt lat="41.47907495498657" lon="2.2334861755371094">
        <ele>160.16</ele>
      </trkpt>
      <trkpt lat="41.47881771437824" lon="2.233411157503724">
        <ele>159.19</ele>
      </trkpt>
      <trkpt lat="41.47855997085571" lon="2.2333359718322754">
        <ele>158.3</ele>
      </trkpt>
      <trkpt lat="41.47838830947876" lon="2.233175039291382">
        <ele>157.59</ele>
      </trkpt>
      <trkpt lat="41.47821664810181" lon="2.2330141067504883">
        <ele>156.88</ele>
      </trkpt>
      <trkpt lat="41.47813090123236" lon="2.2330141067504883">
        <ele>156.17</ele>
      </trkpt>
      <trkpt lat="41.478066528216004" lon="2.232992649078369">
        <ele>155.57</ele>
      </trkpt>
      <trkpt lat="41.478023529052734" lon="2.23297119140625">
        <ele>155.04</ele>
      </trkpt>
      <trkpt lat="41.47798044607043" lon="2.2327669244259596">
        <ele>154.64</ele>
      </trkpt>
      <trkpt lat="41.47793769836426" lon="2.2325634956359863">
        <ele>154.29</ele>
      </trkpt>
      <trkpt lat="41.47789478302002" lon="2.232499122619629">
        <ele>153.93</ele>
      </trkpt>
      <trkpt lat="41.47778724320233" lon="2.2321228589862585">
        <ele>153.82</ele>
      </trkpt>
      <trkpt lat="41.47768020629883" lon="2.231748104095459">
        <ele>153.96</ele>
      </trkpt>
      <trkpt lat="41.477508544921875" lon="2.231748104095459">
        <ele>153.48</ele>
      </trkpt>
      <trkpt lat="41.477279886603355" lon="2.23166948184371">
        <ele>153.07</ele>
      </trkpt>
      <trkpt lat="41.47705131210387" lon="2.231590859591961">
        <ele>152.71</ele>
      </trkpt>
      <trkpt lat="41.47682189941406" lon="2.2315120697021484">
        <ele>152.36</ele>
      </trkpt>
      <trkpt lat="41.47678351029754" lon="2.2314887680113316">
        <ele>152.2</ele>
      </trkpt>
      <trkpt lat="41.47678325884044" lon="2.231488600373268">
        <ele>152.08</ele>
      </trkpt>
      <trkpt lat="41.47650238126516" lon="2.2313180286437273">
        <ele>151.87</ele>
      </trkpt>
      <trkpt lat="41.47622108459473" lon="2.231147289276123">
        <ele>151.66</ele>
      </trkpt>
      <trkpt lat="41.47600659169257" lon="2.23097562789917">
        <ele>151.61</ele>
      </trkpt>
      <trkpt lat="41.475791931152344" lon="2.230803966522217">
        <ele>151.69</ele>
      </trkpt>
      <trkpt lat="41.475792014971375" lon="2.230803966522217">
        <ele>151.8</ele>
      </trkpt>
      <trkpt lat="41.47566318511963" lon="2.230675220489502">
        <ele>152.07</ele>
      </trkpt>
      <trkpt lat="41.47566326893866" lon="2.230675220489502">
        <ele>152.25</ele>
      </trkpt>
      <trkpt lat="41.475534522905946" lon="2.2305679321289062">
        <ele>152.58</ele>
      </trkpt>
      <trkpt lat="41.4754056930542" lon="2.2303104400634766">
        <ele>152.99</ele>
      </trkpt>
      <trkpt lat="41.47538431920111" lon="2.2301173210144043">
        <ele>153.3</ele>
      </trkpt>
      <trkpt lat="41.4752984046936" lon="2.2300100326538086">
        <ele>153.63</ele>
      </trkpt>
      <trkpt lat="41.47521257400513" lon="2.229945659637451">
        <ele>153.84</ele>
      </trkpt>
      <trkpt lat="41.47506237030029" lon="2.229945659637451">
        <ele>153.94</ele>
      </trkpt>
      <trkpt lat="41.47497662343085" lon="2.230052947998047">
        <ele>153.98</ele>
      </trkpt>
      <trkpt lat="41.47491216659546" lon="2.2301387786865234">
        <ele>153.96</ele>
      </trkpt>
      <trkpt lat="41.47486925125122" lon="2.230052947998047">
        <ele>153.94</ele>
      </trkpt>
      <trkpt lat="41.474761962890625" lon="2.230052947998047">
        <ele>153.84</ele>
      </trkpt>
      <trkpt lat="41.47471904754639" lon="2.2300100326538086">
        <ele>153.75</ele>
      </trkpt>
      <trkpt lat="41.47465467453003" lon="2.229924201965332">
        <ele>153.59</ele>
      </trkpt>
      <trkpt lat="41.47463313303888" lon="2.2296875808387995">
        <ele>153.53</ele>
      </trkpt>
      <trkpt lat="41.47461175918579" lon="2.229452133178711">
        <ele>153.45</ele>
      </trkpt>
      <trkpt lat="41.474547386169434" lon="2.2293663024902344">
        <ele>153.24</ele>
      </trkpt>
      <trkpt lat="41.47437572479248" lon="2.229301929473877">
        <ele>152.95</ele>
      </trkpt>
      <trkpt lat="41.47433280944824" lon="2.2292160987854004">
        <ele>152.81</ele>
      </trkpt>
      <trkpt lat="41.47431135177612" lon="2.229001522064209">
        <ele>152.73</ele>
      </trkpt>
      <trkpt lat="41.47407556883991" lon="2.228947877883911">
        <ele>152.56</ele>
      </trkpt>
      <trkpt lat="41.4738392829895" lon="2.2288942337036133">
        <ele>152.47</ele>
      </trkpt>
      <trkpt lat="41.4736891631037" lon="2.2289907094091177">
        <ele>152.29</ele>
      </trkpt>
      <trkpt lat="41.473538875579834" lon="2.2290873527526855">
        <ele>152.14</ele>
      </trkpt>
      <trkpt lat="41.473495960235596" lon="2.229151725769043">
        <ele>152.03</ele>
      </trkpt>
      <trkpt lat="41.47349604405463" lon="2.229151725769043">
        <ele>152.07</ele>
      </trkpt>
      <trkpt lat="41.47334575653076" lon="2.229130268096924">
        <ele>152.11</ele>
      </trkpt>
      <trkpt lat="41.473259925842285" lon="2.22898006439209">
        <ele>152.25</ele>
      </trkpt>
      <trkpt lat="41.473259925842285" lon="2.2286581993103027">
        <ele>152.54</ele>
      </trkpt>
      <trkpt lat="41.473184656351805" lon="2.2283679340034723">
        <ele>152.8</ele>
      </trkpt>
      <trkpt lat="41.47310972213745" lon="2.228078842163086">
        <ele>153.22</ele>
      </trkpt>
      <trkpt lat="41.47307745181024" lon="2.2278530336916447">
        <ele>153.79</ele>
      </trkpt>
      <trkpt lat="41.473045349121094" lon="2.227628231048584">
        <ele>154.47</ele>
      </trkpt>
      <trkpt lat="41.4728307723999" lon="2.227349281311035">
        <ele>154.98</ele>
      </trkpt>
      <trkpt lat="41.472809398546815" lon="2.2269845008850098">
        <ele>155.71</ele>
      </trkpt>
      <trkpt lat="41.47286304272711" lon="2.226747963577509">
        <ele>156.41</ele>
      </trkpt>
      <trkpt lat="41.47291660308838" lon="2.2265124320983887">
        <ele>157.07</ele>
      </trkpt>
      <trkpt lat="41.473088348284364" lon="2.2262120246887207">
        <ele>157.75</ele>
      </trkpt>
      <trkpt lat="41.47310972213745" lon="2.2261905670166016">
        <ele>158.5</ele>
      </trkpt>
      <trkpt lat="41.473302925005555" lon="2.2258687019348145">
        <ele>159.43</ele>
      </trkpt>
      <trkpt lat="41.473388671875" lon="2.2256970405578613">
        <ele>160.2</ele>
      </trkpt>
      <trkpt lat="41.47358179092407" lon="2.2256112098693848">
        <ele>161.04</ele>
      </trkpt>
      <trkpt lat="41.47376384586096" lon="2.2255897521972656">
        <ele>161.84</ele>
      </trkpt>
      <trkpt lat="41.4739465713501" lon="2.2255682945251465">
        <ele>162.52</ele>
      </trkpt>
      <trkpt lat="41.47405385971069" lon="2.225503921508789">
        <ele>163.03</ele>
      </trkpt>
      <trkpt lat="41.47409677505493" lon="2.225375175476074">
        <ele>163.38</ele>
      </trkpt>
      <trkpt lat="41.474053943529725" lon="2.225310802459717">
        <ele>163.59</ele>
      </trkpt>
      <trkpt lat="41.473882449790835" lon="2.2253000736236572">
        <ele>163.64</ele>
      </trkpt>
      <trkpt lat="41.47371053695679" lon="2.2252893447875977">
        <ele>163.57</ele>
      </trkpt>
      <trkpt lat="41.473528230562806" lon="2.2251821402460337">
        <ele>163.4</ele>
      </trkpt>
      <trkpt lat="41.47334575653076" lon="2.2250747680664062">
        <ele>163.2</ele>
      </trkpt>
      <trkpt lat="41.47317409515381" lon="2.225053310394287">
        <ele>162.99</ele>
      </trkpt>
      <trkpt lat="41.473023975268006" lon="2.2250962257385254">
        <ele>162.69</ele>
      </trkpt>
      <trkpt lat="41.47285248152912" lon="2.2251497860997915">
        <ele>162.36</ele>
      </trkpt>
      <trkpt lat="41.47268056869507" lon="2.225203514099121">
        <ele>161.91</ele>
      </trkpt>
      <trkpt lat="41.4725115057081" lon="2.2252134047448635">
        <ele>161.44</ele>
      </trkpt>
      <trkpt lat="41.472510918974876" lon="2.2252134885638952">
        <ele>160.81</ele>
      </trkpt>
      <trkpt lat="41.47231578826904" lon="2.2252249717712402">
        <ele>160.09</ele>
      </trkpt>
      <trkpt lat="41.47214412689209" lon="2.2252678871154785">
        <ele>159.26</ele>
      </trkpt>
      <trkpt lat="41.4719189889729" lon="2.225364279001951">
        <ele>158.37</ele>
      </trkpt>
      <trkpt lat="41.47169351577759" lon="2.225461006164551">
        <ele>157.36</ele>
      </trkpt>
      <trkpt lat="41.471543395891786" lon="2.225461006164551">
        <ele>156.31</ele>
      </trkpt>
      <trkpt lat="41.47145748138428" lon="2.225461006164551">
        <ele>155.2</ele>
      </trkpt>
      <trkpt lat="41.47145756520331" lon="2.2254395484924316">
        <ele>154.01</ele>
      </trkpt>
      <trkpt lat="41.47139319218695" lon="2.225310802459717">
        <ele>152.74</ele>
      </trkpt>
      <trkpt lat="41.47135019302368" lon="2.225160598754883">
        <ele>151.36</ele>
      </trkpt>
      <trkpt lat="41.47135019302368" lon="2.2250962257385254">
        <ele>149.97</ele>
      </trkpt>
      <trkpt lat="41.47131792269647" lon="2.224816605448723">
        <ele>148.36</ele>
      </trkpt>
      <trkpt lat="41.471285820007324" lon="2.2245383262634277">
        <ele>146.85</ele>
      </trkpt>
      <trkpt lat="41.471167551353574" lon="2.224205145612359">
        <ele>145.28</ele>
      </trkpt>
      <trkpt lat="41.471049785614014" lon="2.2238731384277344">
        <ele>143.8</ele>
      </trkpt>
      <trkpt lat="41.47100670263171" lon="2.2235720604658127">
        <ele>142.46</ele>
      </trkpt>
      <trkpt lat="41.47096395492554" lon="2.2232723236083984">
        <ele>141.04</ele>
      </trkpt>
      <trkpt lat="41.47096395492554" lon="2.223186492919922">
        <ele>139.81</ele>
      </trkpt>
      <trkpt lat="41.471006870269775" lon="2.2231650352478027">
        <ele>138.73</ele>
      </trkpt>
      <trkpt lat="41.47117853164673" lon="2.2231650352478027">
        <ele>137.85</ele>
      </trkpt>
      <trkpt lat="41.471264362335205" lon="2.2231006622314453">
        <ele>136.97</ele>
      </trkpt>
      <trkpt lat="41.47139319218695" lon="2.2228715009987354">
        <ele>136.03</ele>
      </trkpt>
      <trkpt lat="41.4715220220387" lon="2.2226424235850573">
        <ele>135.23</ele>
      </trkpt>
      <trkpt lat="41.47165060043335" lon="2.222414016723633">
        <ele>134.72</ele>
      </trkpt>
      <trkpt lat="41.471736431121826" lon="2.222135066986084">
        <ele>134.28</ele>
      </trkpt>
      <trkpt lat="41.47169359959662" lon="2.221963405609131">
        <ele>133.94</ele>
      </trkpt>
      <trkpt lat="41.47152193821967" lon="2.221856117248535">
        <ele>133.67</ele>
      </trkpt>
      <trkpt lat="41.47139310836792" lon="2.221813201904297">
        <ele>133.58</ele>
      </trkpt>
      <trkpt lat="41.47122161462903" lon="2.221759557723999">
        <ele>133.54</ele>
      </trkpt>
      <trkpt lat="41.471049785614014" lon="2.221705913543701">
        <ele>133.67</ele>
      </trkpt>
      <trkpt lat="41.47089958190918" lon="2.221662998199463">
        <ele>134.02</ele>
      </trkpt>
      <trkpt lat="41.47068500518799" lon="2.2214913368225098">
        <ele>134.68</ele>
      </trkpt>
      <trkpt lat="41.47055617533624" lon="2.221341049298644">
        <ele>135.48</ele>
      </trkpt>
      <trkpt lat="41.47042751312256" lon="2.221190929412842">
        <ele>136.31</ele>
      </trkpt>
      <trkpt lat="41.470284182578325" lon="2.220854228362441">
        <ele>137.35</ele>
      </trkpt>
      <trkpt lat="41.470140935853124" lon="2.220517611131072">
        <ele>138.28</ele>
      </trkpt>
      <trkpt lat="41.469998359680176" lon="2.220182418823242">
        <ele>139.13</ele>
      </trkpt>
      <trkpt lat="41.46995552815497" lon="2.21998929977417">
        <ele>140.19</ele>
      </trkpt>
      <trkpt lat="41.469998359680176" lon="2.2197318077087402">
        <ele>141.52</ele>
      </trkpt>
      <trkpt lat="41.469987547025084" lon="2.2194521874189377">
        <ele>142.91</ele>
      </trkpt>
      <trkpt lat="41.46997690200806" lon="2.2191739082336426">
        <ele>144.4</ele>
      </trkpt>
      <trkpt lat="41.46993398666382" lon="2.2190237045288086">
        <ele>145.99</ele>
      </trkpt>
      <trkpt lat="41.469783782958984" lon="2.2188305854797363">
        <ele>147.67</ele>
      </trkpt>
      <trkpt lat="41.46990188397467" lon="2.2185619454830885">
        <ele>149.89</ele>
      </trkpt>
      <trkpt lat="41.470019817352295" lon="2.218294143676758">
        <ele>152.21</ele>
      </trkpt>
      <trkpt lat="41.4701057318598" lon="2.2182083129882812">
        <ele>154.41</ele>
      </trkpt>
      <trkpt lat="41.470277309417725" lon="2.2180581092834473">
        <ele>156.62</ele>
      </trkpt>
      <trkpt lat="41.47032022476196" lon="2.2179722785949707">
        <ele>159.09</ele>
      </trkpt>
      <trkpt lat="41.47044897079468" lon="2.217843532562256">
        <ele>161.76</ele>
      </trkpt>
      <trkpt lat="41.47055625915527" lon="2.2178006172180176">
        <ele>164.53</ele>
      </trkpt>
      <trkpt lat="41.47062071599066" lon="2.2175210807472467">
        <ele>167.87</ele>
      </trkpt>
      <trkpt lat="41.47068525664508" lon="2.217241544276476">
        <ele>171.23</ele>
      </trkpt>
      <trkpt lat="41.470749378204346" lon="2.216963768005371">
        <ele>174.66</ele>
      </trkpt>
      <trkpt lat="41.47064217366278" lon="2.216813564300537">
        <ele>177.98</ele>
      </trkpt>
      <trkpt lat="41.47059917449951" lon="2.2167491912841797">
        <ele>181.32</ele>
      </trkpt>
      <trkpt lat="41.47057771682739" lon="2.2165989875793457">
        <ele>184.88</ele>
      </trkpt>
      <trkpt lat="41.47058106958866" lon="2.2165905218571424">
        <ele>188.32</ele>
      </trkpt>
      <trkpt lat="41.470581321045756" lon="2.216590018942952">
        <ele>191.79</ele>
      </trkpt>
      <trkpt lat="41.47062063217163" lon="2.21649169921875">
        <ele>195.52</ele>
      </trkpt>
      <trkpt lat="41.47057771682739" lon="2.216191291809082">
        <ele>199.5</ele>
      </trkpt>
      <trkpt lat="41.47062063217163" lon="2.2161483764648438">
        <ele>203.14</ele>
      </trkpt>
      <trkpt lat="41.47057771682739" lon="2.2160840034484863">
        <ele>206.77</ele>
      </trkpt>
      <trkpt lat="41.470534801483154" lon="2.216041088104248">
        <ele>210.35</ele>
      </trkpt>
      <trkpt lat="41.47044897079468" lon="2.21574068069458">
        <ele>214.19</ele>
      </trkpt>
      <trkpt lat="41.47042751312256" lon="2.215547561645508">
        <ele>217.88</ele>
      </trkpt>
      <trkpt lat="41.47038459777832" lon="2.2154831886291504">
        <ele>221.31</ele>
      </trkpt>
      <trkpt lat="41.47040605545044" lon="2.2153759002685547">
        <ele>224.73</ele>
      </trkpt>
      <trkpt lat="41.47034168243408" lon="2.215139865875244">
        <ele>228.21</ele>
      </trkpt>
      <trkpt lat="41.470320308580995" lon="2.21498966217041">
        <ele>231.38</ele>
      </trkpt>
      <trkpt lat="41.470234394073486" lon="2.214646339416504">
        <ele>234.63</ele>
      </trkpt>
      <trkpt lat="41.470084274187684" lon="2.2144532203674316">
        <ele>237.48</ele>
      </trkpt>
      <trkpt lat="41.47005192004144" lon="2.21423814073205">
        <ele>240.15</ele>
      </trkpt>
      <trkpt lat="41.470019817352295" lon="2.214024066925049">
        <ele>242.52</ele>
      </trkpt>
      <trkpt lat="41.470234394073486" lon="2.2138524055480957">
        <ele>244.66</ele>
      </trkpt>
      <trkpt lat="41.4702130202204" lon="2.213766574859619">
        <ele>246.2</ele>
      </trkpt>
      <trkpt lat="41.470234394073486" lon="2.2137022018432617">
        <ele>247.41</ele>
      </trkpt>
      <trkpt lat="41.4703631401062" lon="2.2133374214172363">
        <ele>248.14</ele>
      </trkpt>
      <trkpt lat="41.47036322392523" lon="2.2133374214172363">
        <ele>248.8</ele>
      </trkpt>
      <trkpt lat="41.47039541043341" lon="2.213036259636283">
        <ele>248.91</ele>
      </trkpt>
      <trkpt lat="41.47042759694159" lon="2.2127366065979004">
        <ele>248.95</ele>
      </trkpt>
      <trkpt lat="41.47051342763007" lon="2.212371826171875">
        <ele>249.0</ele>
      </trkpt>
      <trkpt lat="41.470534801483154" lon="2.2123074531555176">
        <ele>248.92</ele>
      </trkpt>
      <trkpt lat="41.4706636313349" lon="2.2120603546500206">
        <ele>248.77</ele>
      </trkpt>
      <trkpt lat="41.470792293548584" lon="2.2118139266967773">
        <ele>248.46</ele>
      </trkpt>
      <trkpt lat="41.47084602154791" lon="2.211609659716487">
        <ele>247.93</ele>
      </trkpt>
      <trkpt lat="41.47089958190918" lon="2.2114062309265137">
        <ele>247.16</ele>
      </trkpt>
      <trkpt lat="41.47096395492554" lon="2.2113418579101562">
        <ele>246.67</ele>
      </trkpt>
      <trkpt lat="41.47100695408881" lon="2.21099853515625">
        <ele>246.06</ele>
      </trkpt>
      <trkpt lat="41.471028411760926" lon="2.2109556198120117">
        <ele>245.72</ele>
      </trkpt>
      <trkpt lat="41.471028411760926" lon="2.2108912467956543">
        <ele>245.49</ele>
      </trkpt>
      <trkpt lat="41.47094249725342" lon="2.210569381713867">
        <ele>245.38</ele>
      </trkpt>
      <trkpt lat="41.47082422859967" lon="2.210263106971979">
        <ele>245.5</ele>
      </trkpt>
      <trkpt lat="41.47070604376495" lon="2.209956832230091">
        <ele>245.59</ele>
      </trkpt>
      <trkpt lat="41.47058785893023" lon="2.2096506413072348">
        <ele>245.78</ele>
      </trkpt>
      <trkpt lat="41.4704704284668" lon="2.209346294403076">
        <ele>246.13</ele>
      </trkpt>
      <trkpt lat="41.47042751312256" lon="2.209024429321289">
        <ele>246.82</ele>
      </trkpt>
      <trkpt lat="41.47047051228583" lon="2.2088093496859074">
        <ele>247.53</ele>
      </trkpt>
      <trkpt lat="41.470513343811035" lon="2.2085952758789062">
        <ele>248.26</ele>
      </trkpt>
      <trkpt lat="41.470556342974305" lon="2.208391008898616">
        <ele>249.01</ele>
      </trkpt>
      <trkpt lat="41.47059917449951" lon="2.2081875801086426">
        <ele>249.79</ele>
      </trkpt>
      <trkpt lat="41.4707172755152" lon="2.207951210439205">
        <ele>250.51</ele>
      </trkpt>
      <trkpt lat="41.47083520889282" lon="2.2077155113220215">
        <ele>251.11</ele>
      </trkpt>
      <trkpt lat="41.47095339372754" lon="2.2074038721621037">
        <ele>251.91</ele>
      </trkpt>
      <trkpt lat="41.47107124328613" lon="2.2070932388305664">
        <ele>252.48</ele>
      </trkpt>
      <trkpt lat="41.47111415863037" lon="2.2067713737487793">
        <ele>252.98</ele>
      </trkpt>
      <trkpt lat="41.47109270095825" lon="2.2064924240112305">
        <ele>253.8</ele>
      </trkpt>
      <trkpt lat="41.47101743146777" lon="2.2062559705227613">
        <ele>254.71</ele>
      </trkpt>
      <trkpt lat="41.47094249725342" lon="2.2060203552246094">
        <ele>255.57</ele>
      </trkpt>
      <trkpt lat="41.47094249725342" lon="2.205784320831299">
        <ele>256.03</ele>
      </trkpt>
      <trkpt lat="41.471006870269775" lon="2.2056126594543457">
        <ele>256.04</ele>
      </trkpt>
      <trkpt lat="41.47117853164673" lon="2.2053122520446777">
        <ele>255.65</ele>
      </trkpt>
      <trkpt lat="41.471242904663086" lon="2.2051191329956055">
        <ele>255.32</ele>
      </trkpt>
      <trkpt lat="41.471285903826356" lon="2.204774972051382">
        <ele>255.0</ele>
      </trkpt>
      <trkpt lat="41.47132873535156" lon="2.204432487487793">
        <ele>254.48</ele>
      </trkpt>
      <trkpt lat="41.47139319218695" lon="2.2042282205075026">
        <ele>253.45</ele>
      </trkpt>
      <trkpt lat="41.47145748138428" lon="2.2040247917175293">
        <ele>252.16</ele>
      </trkpt>
      <trkpt lat="41.47145748138428" lon="2.2039389610290527">
        <ele>250.75</ele>
      </trkpt>
      <trkpt lat="41.47158622741699" lon="2.203831672668457">
        <ele>249.06</ele>
      </trkpt>
      <trkpt lat="41.47169359959662" lon="2.2035953029990196">
        <ele>247.16</ele>
      </trkpt>
      <trkpt lat="41.471800804138184" lon="2.203359603881836">
        <ele>244.86</ele>
      </trkpt>
      <trkpt lat="41.4718222618103" lon="2.2032523155212402">
        <ele>242.55</ele>
      </trkpt>
      <trkpt lat="41.471842378377914" lon="2.2029295284301043">
        <ele>239.58</ele>
      </trkpt>
      <trkpt lat="41.471862494945526" lon="2.2026081662625074">
        <ele>236.58</ele>
      </trkpt>
      <trkpt lat="41.471862494945526" lon="2.202608333900571">
        <ele>233.57</ele>
      </trkpt>
      <trkpt lat="41.47186517715454" lon="2.2025656700134277">
        <ele>230.33</ele>
      </trkpt>
      <trkpt lat="41.47190809249878" lon="2.202458381652832">
        <ele>226.88</ele>
      </trkpt>
      <trkpt lat="41.47211194038391" lon="2.2021899931132793">
        <ele>223.05</ele>
      </trkpt>
      <trkpt lat="41.47231578826904" lon="2.2019219398498535">
        <ele>218.73</ele>
      </trkpt>
      <trkpt lat="41.47240161895752" lon="2.2017502784729004">
        <ele>214.35</ele>
      </trkpt>
      <trkpt lat="41.47246599197388" lon="2.201557159423828">
        <ele>210.04</ele>
      </trkpt>
      <trkpt lat="41.47246607579291" lon="2.201557159423828">
        <ele>205.79</ele>
      </trkpt>
      <trkpt lat="41.472584092989564" lon="2.201374601572752">
        <ele>201.05</ele>
      </trkpt>
      <trkpt lat="41.47270202636719" lon="2.2011923789978027">
        <ele>196.27</ele>
      </trkpt>
      <trkpt lat="41.472830856218934" lon="2.2009238228201866">
        <ele>191.29</ele>
      </trkpt>
      <trkpt lat="41.47295951843262" lon="2.200655937194824">
        <ele>186.25</ele>
      </trkpt>
      <trkpt lat="41.47306680679321" lon="2.2005271911621094">
        <ele>181.58</ele>
      </trkpt>
      <trkpt lat="41.473088348284364" lon="2.2003984451293945">
        <ele>176.96</ele>
      </trkpt>
      <trkpt lat="41.47315263748169" lon="2.2002482414245605">
        <ele>172.23</ele>
      </trkpt>
      <trkpt lat="41.473238468170166" lon="2.2000980377197266">
        <ele>167.62</ele>
      </trkpt>
      <trkpt lat="41.47330284118652" lon="2.2000765800476074">
        <ele>163.27</ele>
      </trkpt>
      <trkpt lat="41.47341012954712" lon="2.199840545654297">
        <ele>158.79</ele>
      </trkpt>
      <trkpt lat="41.47345312871039" lon="2.199690341949463">
        <ele>154.59</ele>
      </trkpt>
      <trkpt lat="41.47336721420288" lon="2.1996045112609863">
        <ele>150.57</ele>
      </trkpt>
      <trkpt lat="41.473388671875" lon="2.199389934539795">
        <ele>146.4</ele>
      </trkpt>
      <trkpt lat="41.473259925842285" lon="2.1991324424743652">
        <ele>142.27</ele>
      </trkpt>
      <trkpt lat="41.473152469843626" lon="2.1987992618232965">
        <ele>138.18</ele>
      </trkpt>
      <trkpt lat="41.473045432940125" lon="2.198467254638672">
        <ele>134.35</ele>
      </trkpt>
      <trkpt lat="41.472959434613585" lon="2.198284612968564">
        <ele>130.75</ele>
      </trkpt>
      <trkpt lat="41.47287368774414" lon="2.1981024742126465">
        <ele>127.38</ele>
      </trkpt>
      <trkpt lat="41.472830856218934" lon="2.1979737281799316">
        <ele>124.07</ele>
      </trkpt>
      <trkpt lat="41.47289514541626" lon="2.197909355163574">
        <ele>120.85</ele>
      </trkpt>
      <trkpt lat="41.47291660308838" lon="2.197909355163574">
        <ele>117.7</ele>
      </trkpt>
      <trkpt lat="41.47313084453344" lon="2.1979736443609">
        <ele>114.39</ele>
      </trkpt>
      <trkpt lat="41.47334575653076" lon="2.198038101196289">
        <ele>111.09</ele>
      </trkpt>
      <trkpt lat="41.47362470626831" lon="2.198059558868408">
        <ele>107.67</ele>
      </trkpt>
      <trkpt lat="41.47388219833374" lon="2.198038101196289">
        <ele>104.56</ele>
      </trkpt>
      <trkpt lat="41.47392511367798" lon="2.1981024742126465">
        <ele>101.87</ele>
      </trkpt>
      <trkpt lat="41.474010944366455" lon="2.1980810165405273">
        <ele>99.14</ele>
      </trkpt>
      <trkpt lat="41.47411823272705" lon="2.1981024742126465">
        <ele>96.48</ele>
      </trkpt>
      <trkpt lat="41.474311016499996" lon="2.198059558868408">
        <ele>93.65</ele>
      </trkpt>
      <trkpt lat="41.474504470825195" lon="2.19801664352417">
        <ele>90.96</ele>
      </trkpt>
      <trkpt lat="41.47459030151367" lon="2.1979737281799316">
        <ele>88.57</ele>
      </trkpt>
      <trkpt lat="41.47469758987427" lon="2.1978020668029785">
        <ele>86.16</ele>
      </trkpt>
      <trkpt lat="41.474783420562744" lon="2.197737693786621">
        <ele>84.04</ele>
      </trkpt>
      <trkpt lat="41.47482633590698" lon="2.1977591514587402">
        <ele>82.22</ele>
      </trkpt>
      <trkpt lat="41.47486925125122" lon="2.197909355163574">
        <ele>80.63</ele>
      </trkpt>
      <trkpt lat="41.475019454956055" lon="2.198209762573242">
        <ele>79.29</ele>
      </trkpt>
      <trkpt lat="41.47518030367792" lon="2.1983384247869253">
        <ele>77.72</ele>
      </trkpt>
      <trkpt lat="41.47534132003784" lon="2.198467254638672">
        <ele>76.23</ele>
      </trkpt>
      <trkpt lat="41.475352300331" lon="2.198489299044013">
        <ele>74.91</ele>
      </trkpt>
      <trkpt lat="41.47535263560712" lon="2.198489885777235">
        <ele>73.61</ele>
      </trkpt>
      <trkpt lat="41.47540577687323" lon="2.1985960006713867">
        <ele>72.38</ele>
      </trkpt>
      <trkpt lat="41.475555980578065" lon="2.198617458343506">
        <ele>70.96</ele>
      </trkpt>
      <trkpt lat="41.47559881210327" lon="2.198638916015625">
        <ele>69.71</ele>
      </trkpt>
      <trkpt lat="41.47575949318707" lon="2.1986067295074463">
        <ele>68.29</ele>
      </trkpt>
      <trkpt lat="41.47592067718506" lon="2.1985745429992676">
        <ele>66.89</ele>
      </trkpt>
      <trkpt lat="41.47611379623413" lon="2.19851016998291">
        <ele>65.56</ele>
      </trkpt>
      <trkpt lat="41.47613525390625" lon="2.1984457969665527">
        <ele>64.24</ele>
      </trkpt>
      <trkpt lat="41.47604942321777" lon="2.1982526779174805">
        <ele>62.82</ele>
      </trkpt>
      <trkpt lat="41.47587776184082" lon="2.1980810165405273">
        <ele>61.47</ele>
      </trkpt>
      <trkpt lat="41.475791931152344" lon="2.1978235244750977">
        <ele>60.08</ele>
      </trkpt>
      <trkpt lat="41.475727558135986" lon="2.197415828704834">
        <ele>58.75</ele>
      </trkpt>
      <trkpt lat="41.475770473480225" lon="2.197265625">
        <ele>57.44</ele>
      </trkpt>
      <trkpt lat="41.475749015808105" lon="2.1971583366394043">
        <ele>56.22</ele>
      </trkpt>
      <trkpt lat="41.475770557299256" lon="2.1969324443489313">
        <ele>54.9</ele>
      </trkpt>
      <trkpt lat="41.475792014971375" lon="2.1967077255249023">
        <ele>53.62</ele>
      </trkpt>
      <trkpt lat="41.475791931152344" lon="2.1965789794921875">
        <ele>52.43</ele>
      </trkpt>
      <trkpt lat="41.47585638798773" lon="2.1962994430214167">
        <ele>51.15</ele>
      </trkpt>
      <trkpt lat="41.47592067718506" lon="2.19602108001709">
        <ele>50.01</ele>
      </trkpt>
      <trkpt lat="41.47607088088989" lon="2.1959567070007324">
        <ele>48.87</ele>
      </trkpt>
      <trkpt lat="41.47617816925049" lon="2.1959352493286133">
        <ele>47.77</ele>
      </trkpt>
      <trkpt lat="41.4763069152832" lon="2.1958494186401367">
        <ele>46.64</ele>
      </trkpt>
      <trkpt lat="41.476500034332275" lon="2.1956348419189453">
        <ele>45.47</ele>
      </trkpt>
      <trkpt lat="41.47670740261674" lon="2.1954059321433306">
        <ele>44.4</ele>
      </trkpt>
      <trkpt lat="41.476914854720235" lon="2.195177022367716">
        <ele>43.39</ele>
      </trkpt>
      <trkpt lat="41.47712230682373" lon="2.194948196411133">
        <ele>42.4</ele>
      </trkpt>
      <trkpt lat="41.477079475298524" lon="2.194797992706299">
        <ele>41.5</ele>
      </trkpt>
      <trkpt lat="41.47712230682373" lon="2.194669246673584">
        <ele>40.62</ele>
      </trkpt>
      <trkpt lat="41.47710084915161" lon="2.19451904296875">
        <ele>39.74</ele>
      </trkpt>
      <trkpt lat="41.477058017626405" lon="2.1942615509033203">
        <ele>38.88</ele>
      </trkpt>
      <trkpt lat="41.47705793380737" lon="2.1940249297767878">
        <ele>38.07</ele>
      </trkpt>
      <trkpt lat="41.47705793380737" lon="2.193789482116699">
        <ele>37.33</ele>
      </trkpt>
      <trkpt lat="41.47710093297064" lon="2.1934884041547775">
        <ele>36.7</ele>
      </trkpt>
      <trkpt lat="41.47714393213391" lon="2.193187326192856">
        <ele>36.06</ele>
      </trkpt>
      <trkpt lat="41.47718667984009" lon="2.1928882598876953">
        <ele>35.45</ele>
      </trkpt>
      <trkpt lat="41.47720813751221" lon="2.192640909925103">
        <ele>34.84</ele>
      </trkpt>
      <trkpt lat="41.477229595184326" lon="2.192394733428955">
        <ele>34.26</ele>
      </trkpt>
      <trkpt lat="41.47716522216797" lon="2.1919870376586914">
        <ele>33.7</ele>
      </trkpt>
      <trkpt lat="41.47712188772857" lon="2.1919189766049385">
        <ele>33.25</ele>
      </trkpt>
      <trkpt lat="41.47712163627148" lon="2.191918473690748">
        <ele>32.85</ele>
      </trkpt>
      <trkpt lat="41.47716522216797" lon="2.1919870376586914">
        <ele>33.7</ele>
      </trkpt>
      <trkpt lat="41.47722967900336" lon="2.192394733428955">
        <ele>32.24</ele>
      </trkpt>
      <trkpt lat="41.477272510528564" lon="2.192094326019287">
        <ele>31.85</ele>
      </trkpt>
      <trkpt lat="41.477240240201354" lon="2.1918147057294846">
        <ele>31.53</ele>
      </trkpt>
      <trkpt lat="41.47720813751221" lon="2.1915364265441895">
        <ele>31.28</ele>
      </trkpt>
      <trkpt lat="41.477251052856445" lon="2.191171646118164">
        <ele>30.95</ele>
      </trkpt>
      <trkpt lat="41.47735834121704" lon="2.1910858154296875">
        <ele>30.76</ele>
      </trkpt>
      <trkpt lat="41.47764642722905" lon="2.1911453269422054">
        <ele>30.69</ele>
      </trkpt>
      <trkpt lat="41.47793451324105" lon="2.1912048384547234">
        <ele>30.63</ele>
      </trkpt>
      <trkpt lat="41.47822259925306" lon="2.1912643499672413">
        <ele>30.6</ele>
      </trkpt>
      <trkpt lat="41.478510685265064" lon="2.191323861479759">
        <ele>30.59</ele>
      </trkpt>
      <trkpt lat="41.47879877127707" lon="2.191383372992277">
        <ele>30.69</ele>
      </trkpt>
      <trkpt lat="41.479086857289076" lon="2.191442884504795">
        <ele>30.78</ele>
      </trkpt>
      <trkpt lat="41.47937494330108" lon="2.191502396017313">
        <ele>30.92</ele>
      </trkpt>
      <trkpt lat="41.47966302931309" lon="2.191561907529831">
        <ele>31.16</ele>
      </trkpt>
      <trkpt lat="41.47995471954346" lon="2.191622257232666">
        <ele>31.46</ele>
      </trkpt>
      <trkpt lat="41.47997626103461" lon="2.191643714904785">
        <ele>31.7</ele>
      </trkpt>
      <trkpt lat="41.4802376087755" lon="2.191699370741844">
        <ele>31.96</ele>
      </trkpt>
      <trkpt lat="41.48049904033542" lon="2.191755110397935">
        <ele>32.26</ele>
      </trkpt>
      <trkpt lat="41.48076047189534" lon="2.1918108500540257">
        <ele>32.56</ele>
      </trkpt>
      <trkpt lat="41.48102190345526" lon="2.1918665058910847">
        <ele>32.77</ele>
      </trkpt>
      <trkpt lat="41.481285179033875" lon="2.191922664642334">
        <ele>32.92</ele>
      </trkpt>
      <trkpt lat="41.481285095214844" lon="2.191922664642334">
        <ele>33.11</ele>
      </trkpt>
      <trkpt lat="41.481563625857234" lon="2.191978320479393">
        <ele>33.22</ele>
      </trkpt>
      <trkpt lat="41.481842156499624" lon="2.1920340601354837">
        <ele>33.32</ele>
      </trkpt>
      <trkpt lat="41.482120770961046" lon="2.1920897997915745">
        <ele>33.61</ele>
      </trkpt>
      <trkpt lat="41.48239930160344" lon="2.1921454556286335">
        <ele>33.89</ele>
      </trkpt>
      <trkpt lat="41.48267984390259" lon="2.192201614379883">
        <ele>34.03</ele>
      </trkpt>
      <trkpt lat="41.48270130157471" lon="2.192201614379883">
        <ele>34.12</ele>
      </trkpt>
      <trkpt lat="41.482744216918945" lon="2.192223072052002">
        <ele>34.22</ele>
      </trkpt>
      <trkpt lat="41.482792580500245" lon="2.1918090898543596">
        <ele>34.11</ele>
      </trkpt>
      <trkpt lat="41.48284102790058" lon="2.1913951076567173">
        <ele>34.23</ele>
      </trkpt>
      <trkpt lat="41.482889391481876" lon="2.190981125459075">
        <ele>34.41</ele>
      </trkpt>
      <trkpt lat="41.48293741978705" lon="2.190570831298828">
        <ele>34.73</ele>
      </trkpt>
      <trkpt lat="41.48293733596802" lon="2.190570831298828">
        <ele>34.9</ele>
      </trkpt>
      <trkpt lat="41.48293741978705" lon="2.190570831298828">
        <ele>34.73</ele>
      </trkpt>
      <trkpt lat="41.48295887745917" lon="2.1904635429382324">
        <ele>35.3</ele>
      </trkpt>
      <trkpt lat="41.482980251312256" lon="2.1904420852661133">
        <ele>35.5</ele>
      </trkpt>
      <trkpt lat="41.48304462432861" lon="2.190377712249756">
        <ele>35.73</ele>
      </trkpt>
      <trkpt lat="41.48304462432861" lon="2.1902918815612793">
        <ele>35.93</ele>
      </trkpt>
      <trkpt lat="41.482980251312256" lon="2.1901845932006836">
        <ele>36.12</ele>
      </trkpt>
      <trkpt lat="41.482830131426454" lon="2.189948558807373">
        <ele>36.27</ele>
      </trkpt>
      <trkpt lat="41.482787216082215" lon="2.1898627281188965">
        <ele>36.39</ele>
      </trkpt>
      <trkpt lat="41.482636760920286" lon="2.1895691100507975">
        <ele>36.48</ele>
      </trkpt>
      <trkpt lat="41.48248638957739" lon="2.1892754919826984">
        <ele>36.6</ele>
      </trkpt>
      <trkpt lat="41.48233652114868" lon="2.1889829635620117">
        <ele>36.77</ele>
      </trkpt>
      <trkpt lat="41.48237943649292" lon="2.1889185905456543">
        <ele>36.93</ele>
      </trkpt>
      <trkpt lat="41.48244380950928" lon="2.189004421234131">
        <ele>37.09</ele>
      </trkpt>
      <trkpt lat="41.482709515839815" lon="2.1890387032181025">
        <ele>37.32</ele>
      </trkpt>
      <trkpt lat="41.48297522217035" lon="2.189072985202074">
        <ele>37.54</ele>
      </trkpt>
      <trkpt lat="41.48324092850089" lon="2.1891072671860456">
        <ele>37.64</ele>
      </trkpt>
      <trkpt lat="41.48350663483143" lon="2.1891415491700172">
        <ele>37.58</ele>
      </trkpt>
      <trkpt lat="41.483774268999696" lon="2.189176082611084">
        <ele>37.48</ele>
      </trkpt>
      <trkpt lat="41.483795726671815" lon="2.188950190320611">
        <ele>37.47</ele>
      </trkpt>
      <trkpt lat="41.4838171005249" lon="2.188725471496582">
        <ele>37.52</ele>
      </trkpt>
      <trkpt lat="41.48386001586914" lon="2.188746929168701">
        <ele>37.6</ele>
      </trkpt>
      <trkpt lat="41.48390301503241" lon="2.188575267791748">
        <ele>37.77</ele>
      </trkpt>
      <trkpt lat="41.48390293121338" lon="2.1885323524475098">
        <ele>38.02</ele>
      </trkpt>
      <trkpt lat="41.483967304229736" lon="2.1885108947753906">
        <ele>38.35</ele>
      </trkpt>
      <trkpt lat="41.483967304229736" lon="2.188446521759033">
        <ele>38.79</ele>
      </trkpt>
      <trkpt lat="41.48405313491821" lon="2.188124656677246">
        <ele>39.38</ele>
      </trkpt>
      <trkpt lat="41.48405313491821" lon="2.188103199005127">
        <ele>39.67</ele>
      </trkpt>
      <trkpt lat="41.48407459259033" lon="2.187974452972412">
        <ele>40.02</ele>
      </trkpt>
      <trkpt lat="41.48428916931152" lon="2.1879959106445312">
        <ele>40.21</ele>
      </trkpt>
      <trkpt lat="41.48431062698364" lon="2.187931537628174">
        <ele>40.46</ele>
      </trkpt>
      <trkpt lat="41.48444876074791" lon="2.1879487205296755">
        <ele>40.6</ele>
      </trkpt>
    </trkseg>
  </trk>
</gpx>
