<?xml version="1.0" encoding="UTF-8" standalone="yes"?>
<gpx version="1.1" creator="outdooractive - http://www.outdooractive.com" xmlns="http://www.topografix.com/GPX/1/1" xmlns:oa="http://www.outdooractive.com/GPX/Extensions/1" xmlns:xsi="http://www.w3.org/2001/XMLSchema-instance" xsi:schemaLocation="http://www.topografix.com/GPX/1/1 http://www.topografix.com/GPX/1/1/gpx.xsd http://www.outdooractive.com/GPX/Extensions/1 https://www.outdooractive.com/schema/gpx_extensions.xsd">
  <metadata>
    <name>GR92 E25 Torredembarra–Tarragona</name>
    <author>
      <name>Jari Tossavainen - Community</name>
    </author>
    <link href="https://www.outdooractive.com/r/353455090"/>
    <time>2026-09-21T11:25:36.211Z</time>
    <extensions>
      <oa:oaCategory>longDistanceHikingTrail</oa:oaCategory>
    </extensions>
  </metadata>
  <trk>
    <name>GR92 E25 Torredembarra–Tarragona</name>
    <type>longDistanceHikingTrail</type>
    <trkseg>
      <trkpt lat="41.142833" lon="1.405689">
        <ele>3.7</ele>
        <name>Torredembarra, Torredembarra, Tarragonès</name>
        <extensions>
          <oa:Extension>
            <oa:mapZoom>17</oa:mapZoom>
          </oa:Extension>
        </extensions>
      </trkpt>
      <trkpt lat="41.142844" lon="1.405683">
        <ele>3.7</ele>
      </trkpt>
      <trkpt lat="41.142941" lon="1.406165">
        <ele>3.4</ele>
      </trkpt>
      <trkpt lat="41.143025" lon="1.406518">
        <ele>2.9</ele>
      </trkpt>
      <trkpt lat="41.143043" lon="1.40651">
        <ele>2.3</ele>
      </trkpt>
      <trkpt lat="41.142959" lon="1.406157">
        <ele>3.0</ele>
      </trkpt>
      <trkpt lat="41.142976" lon="1.406148">
        <ele>2.6</ele>
      </trkpt>
      <trkpt lat="41.143047" lon="1.406446">
        <ele>1.5</ele>
      </trkpt>
      <trkpt lat="41.142786" lon="1.406548">
        <ele>1.2</ele>
      </trkpt>
      <trkpt lat="41.14271" lon="1.406228">
        <ele>2.4</ele>
      </trkpt>
      <trkpt lat="41.142633" lon="1.405909">
        <ele>3.0</ele>
      </trkpt>
      <trkpt lat="41.142625" lon="1.405875">
        <ele>3.0</ele>
      </trkpt>
      <trkpt lat="41.142607" lon="1.405796">
        <ele>3.1</ele>
      </trkpt>
      <trkpt lat="41.142568" lon="1.405813">
        <ele>3.0</ele>
      </trkpt>
      <trkpt lat="41.14252" lon="1.405834">
        <ele>2.9</ele>
      </trkpt>
      <trkpt lat="41.142622" lon="1.406285">
        <ele>2.8</ele>
      </trkpt>
      <trkpt lat="41.142737" lon="1.406713">
        <ele>2.6</ele>
      </trkpt>
      <trkpt lat="41.142852" lon="1.407142">
        <ele>2.5</ele>
      </trkpt>
      <trkpt lat="41.142966" lon="1.40757">
        <ele>2.5</ele>
      </trkpt>
      <trkpt lat="41.142583" lon="1.407763">
        <ele>2.3</ele>
      </trkpt>
      <trkpt lat="41.142201" lon="1.407956">
        <ele>2.4</ele>
      </trkpt>
      <trkpt lat="41.14206" lon="1.408014">
        <ele>2.4</ele>
      </trkpt>
      <trkpt lat="41.14191" lon="1.407571">
        <ele>2.6</ele>
      </trkpt>
      <trkpt lat="41.141837" lon="1.407359">
        <ele>2.6</ele>
        <name>Torredembarra, Tarragonès</name>
        <extensions>
          <oa:Extension>
            <oa:mapZoom>17</oa:mapZoom>
          </oa:Extension>
        </extensions>
      </trkpt>
      <trkpt lat="41.141759" lon="1.407129">
        <ele>2.6</ele>
      </trkpt>
      <trkpt lat="41.141608" lon="1.406687">
        <ele>2.5</ele>
      </trkpt>
      <trkpt lat="41.141458" lon="1.406244">
        <ele>2.3</ele>
      </trkpt>
      <trkpt lat="41.141307" lon="1.405802">
        <ele>2.2</ele>
      </trkpt>
      <trkpt lat="41.141132" lon="1.405412">
        <ele>2.0</ele>
      </trkpt>
      <trkpt lat="41.140958" lon="1.405022">
        <ele>1.9</ele>
      </trkpt>
      <trkpt lat="41.140783" lon="1.404633">
        <ele>1.8</ele>
      </trkpt>
      <trkpt lat="41.140725" lon="1.404455">
        <ele>1.7</ele>
      </trkpt>
      <trkpt lat="41.140626" lon="1.40431">
        <ele>2.0</ele>
      </trkpt>
      <trkpt lat="41.140356" lon="1.403917">
        <ele>2.1</ele>
      </trkpt>
      <trkpt lat="41.140163" lon="1.403695">
        <ele>2.2</ele>
      </trkpt>
      <trkpt lat="41.139826" lon="1.403305">
        <ele>3.1</ele>
      </trkpt>
      <trkpt lat="41.139657" lon="1.403169">
        <ele>3.4</ele>
      </trkpt>
      <trkpt lat="41.139431" lon="1.403022">
        <ele>3.8</ele>
      </trkpt>
      <trkpt lat="41.139354" lon="1.402965">
        <ele>4.0</ele>
      </trkpt>
      <trkpt lat="41.139208" lon="1.402856">
        <ele>4.2</ele>
      </trkpt>
      <trkpt lat="41.139043" lon="1.402644">
        <ele>4.3</ele>
      </trkpt>
      <trkpt lat="41.138877" lon="1.402431">
        <ele>4.2</ele>
      </trkpt>
      <trkpt lat="41.138665" lon="1.402215">
        <ele>3.9</ele>
      </trkpt>
      <trkpt lat="41.138452" lon="1.401999">
        <ele>3.5</ele>
      </trkpt>
      <trkpt lat="41.138071" lon="1.401925">
        <ele>2.9</ele>
      </trkpt>
      <trkpt lat="41.137762" lon="1.401779">
        <ele>2.7</ele>
      </trkpt>
      <trkpt lat="41.137599" lon="1.401779">
        <ele>2.6</ele>
      </trkpt>
      <trkpt lat="41.137482" lon="1.401865">
        <ele>2.5</ele>
      </trkpt>
      <trkpt lat="41.137379" lon="1.402004">
        <ele>2.4</ele>
      </trkpt>
      <trkpt lat="41.137367" lon="1.401867">
        <ele>2.4</ele>
      </trkpt>
      <trkpt lat="41.137358" lon="1.40179">
        <ele>2.5</ele>
      </trkpt>
      <trkpt lat="41.137411" lon="1.401627">
        <ele>2.7</ele>
      </trkpt>
      <trkpt lat="41.137363" lon="1.401541">
        <ele>2.7</ele>
      </trkpt>
      <trkpt lat="41.137321" lon="1.401513">
        <ele>2.8</ele>
      </trkpt>
      <trkpt lat="41.137268" lon="1.401518">
        <ele>2.6</ele>
      </trkpt>
      <trkpt lat="41.137236" lon="1.401534">
        <ele>2.7</ele>
      </trkpt>
      <trkpt lat="41.137152" lon="1.401611">
        <ele>3.8</ele>
      </trkpt>
      <trkpt lat="41.137062" lon="1.401626">
        <ele>3.5</ele>
      </trkpt>
      <trkpt lat="41.136975" lon="1.401627">
        <ele>3.6</ele>
      </trkpt>
      <trkpt lat="41.13692" lon="1.401623">
        <ele>4.0</ele>
      </trkpt>
      <trkpt lat="41.13688" lon="1.40162">
        <ele>4.2</ele>
      </trkpt>
      <trkpt lat="41.136836" lon="1.401561">
        <ele>4.9</ele>
      </trkpt>
      <trkpt lat="41.136771" lon="1.40147">
        <ele>6.2</ele>
      </trkpt>
      <trkpt lat="41.136688" lon="1.401327">
        <ele>7.3</ele>
      </trkpt>
      <trkpt lat="41.136623" lon="1.401203">
        <ele>7.2</ele>
      </trkpt>
      <trkpt lat="41.136569" lon="1.4011">
        <ele>9.1</ele>
      </trkpt>
      <trkpt lat="41.136549" lon="1.401041">
        <ele>9.4</ele>
      </trkpt>
      <trkpt lat="41.136537" lon="1.400923">
        <ele>11.1</ele>
      </trkpt>
      <trkpt lat="41.136504" lon="1.400789">
        <ele>12.6</ele>
      </trkpt>
      <trkpt lat="41.136476" lon="1.400676">
        <ele>13.6</ele>
      </trkpt>
      <trkpt lat="41.136433" lon="1.400608">
        <ele>13.7</ele>
      </trkpt>
      <trkpt lat="41.136387" lon="1.40059">
        <ele>13.3</ele>
      </trkpt>
      <trkpt lat="41.136288" lon="1.400624">
        <ele>12.5</ele>
      </trkpt>
      <trkpt lat="41.136209" lon="1.400649">
        <ele>12.2</ele>
      </trkpt>
      <trkpt lat="41.136133" lon="1.40066">
        <ele>11.9</ele>
      </trkpt>
      <trkpt lat="41.136072" lon="1.400644">
        <ele>11.9</ele>
      </trkpt>
      <trkpt lat="41.135979" lon="1.400606">
        <ele>11.6</ele>
      </trkpt>
      <trkpt lat="41.135878" lon="1.400553">
        <ele>11.7</ele>
      </trkpt>
      <trkpt lat="41.135759" lon="1.400474">
        <ele>10.8</ele>
      </trkpt>
      <trkpt lat="41.135734" lon="1.400431">
        <ele>10.5</ele>
      </trkpt>
      <trkpt lat="41.135722" lon="1.400388">
        <ele>10.2</ele>
      </trkpt>
      <trkpt lat="41.135704" lon="1.40029">
        <ele>9.6</ele>
      </trkpt>
      <trkpt lat="41.13568" lon="1.400188">
        <ele>9.0</ele>
      </trkpt>
      <trkpt lat="41.135656" lon="1.40014">
        <ele>8.2</ele>
      </trkpt>
      <trkpt lat="41.135612" lon="1.400113">
        <ele>7.7</ele>
      </trkpt>
      <trkpt lat="41.135579" lon="1.400118">
        <ele>7.7</ele>
      </trkpt>
      <trkpt lat="41.135506" lon="1.40014">
        <ele>8.2</ele>
      </trkpt>
      <trkpt lat="41.135353" lon="1.400193">
        <ele>10.5</ele>
      </trkpt>
      <trkpt lat="41.135296" lon="1.400215">
        <ele>10.6</ele>
      </trkpt>
      <trkpt lat="41.135252" lon="1.400236">
        <ele>10.4</ele>
      </trkpt>
      <trkpt lat="41.135208" lon="1.400252">
        <ele>10.0</ele>
      </trkpt>
      <trkpt lat="41.135179" lon="1.400258">
        <ele>9.8</ele>
      </trkpt>
      <trkpt lat="41.135147" lon="1.400247">
        <ele>9.8</ele>
      </trkpt>
      <trkpt lat="41.135132" lon="1.400184">
        <ele>10.5</ele>
      </trkpt>
      <trkpt lat="41.1351" lon="1.400055">
        <ele>12.4</ele>
      </trkpt>
      <trkpt lat="41.13508" lon="1.399921">
        <ele>15.0</ele>
      </trkpt>
      <trkpt lat="41.135054" lon="1.399807">
        <ele>17.0</ele>
      </trkpt>
      <trkpt lat="41.135022" lon="1.399673">
        <ele>20.0</ele>
      </trkpt>
      <trkpt lat="41.134991" lon="1.399588">
        <ele>20.7</ele>
      </trkpt>
      <trkpt lat="41.134925" lon="1.399485">
        <ele>21.2</ele>
      </trkpt>
      <trkpt lat="41.134815" lon="1.399346">
        <ele>21.6</ele>
      </trkpt>
      <trkpt lat="41.134781" lon="1.399305">
        <ele>21.7</ele>
        <name>Torredembarra, Tarragonès</name>
        <extensions>
          <oa:Extension>
            <oa:mapZoom>17</oa:mapZoom>
          </oa:Extension>
        </extensions>
      </trkpt>
      <trkpt lat="41.134642" lon="1.399142">
        <ele>21.9</ele>
      </trkpt>
      <trkpt lat="41.134529" lon="1.399013">
        <ele>21.2</ele>
      </trkpt>
      <trkpt lat="41.13442" lon="1.398895">
        <ele>19.9</ele>
      </trkpt>
      <trkpt lat="41.134327" lon="1.398793">
        <ele>20.4</ele>
      </trkpt>
      <trkpt lat="41.134242" lon="1.398729">
        <ele>21.1</ele>
      </trkpt>
      <trkpt lat="41.13422" lon="1.398713">
        <ele>21.2</ele>
      </trkpt>
      <trkpt lat="41.134185" lon="1.398695">
        <ele>21.2</ele>
      </trkpt>
      <trkpt lat="41.134145" lon="1.398681">
        <ele>21.0</ele>
      </trkpt>
      <trkpt lat="41.134056" lon="1.398617">
        <ele>20.2</ele>
      </trkpt>
      <trkpt lat="41.13392" lon="1.398526">
        <ele>19.3</ele>
      </trkpt>
      <trkpt lat="41.133773" lon="1.398397">
        <ele>17.8</ele>
      </trkpt>
      <trkpt lat="41.133736" lon="1.398353">
        <ele>17.4</ele>
      </trkpt>
      <trkpt lat="41.133695" lon="1.398304">
        <ele>17.1</ele>
      </trkpt>
      <trkpt lat="41.133627" lon="1.398178">
        <ele>17.1</ele>
      </trkpt>
      <trkpt lat="41.13362" lon="1.398024">
        <ele>16.6</ele>
      </trkpt>
      <trkpt lat="41.133564" lon="1.397938">
        <ele>17.9</ele>
      </trkpt>
      <trkpt lat="41.133482" lon="1.397945">
        <ele>18.6</ele>
      </trkpt>
      <trkpt lat="41.133417" lon="1.397874">
        <ele>18.9</ele>
      </trkpt>
      <trkpt lat="41.133398" lon="1.39777">
        <ele>16.7</ele>
      </trkpt>
      <trkpt lat="41.133402" lon="1.397671">
        <ele>16.5</ele>
      </trkpt>
      <trkpt lat="41.133357" lon="1.397474">
        <ele>15.9</ele>
      </trkpt>
      <trkpt lat="41.133278" lon="1.397376">
        <ele>13.8</ele>
      </trkpt>
      <trkpt lat="41.133206" lon="1.397179">
        <ele>11.2</ele>
      </trkpt>
      <trkpt lat="41.133222" lon="1.39711">
        <ele>10.8</ele>
      </trkpt>
      <trkpt lat="41.133208" lon="1.397058">
        <ele>10.0</ele>
      </trkpt>
      <trkpt lat="41.133198" lon="1.396972">
        <ele>8.7</ele>
      </trkpt>
      <trkpt lat="41.133193" lon="1.396816">
        <ele>10.2</ele>
      </trkpt>
      <trkpt lat="41.133184" lon="1.396665">
        <ele>12.7</ele>
      </trkpt>
      <trkpt lat="41.133152" lon="1.396596">
        <ele>13.1</ele>
      </trkpt>
      <trkpt lat="41.133105" lon="1.396598">
        <ele>12.4</ele>
      </trkpt>
      <trkpt lat="41.133078" lon="1.396605">
        <ele>11.7</ele>
      </trkpt>
      <trkpt lat="41.133046" lon="1.396572">
        <ele>11.6</ele>
      </trkpt>
      <trkpt lat="41.133001" lon="1.396486">
        <ele>12.0</ele>
      </trkpt>
      <trkpt lat="41.132967" lon="1.396402">
        <ele>11.9</ele>
      </trkpt>
      <trkpt lat="41.132892" lon="1.396304">
        <ele>11.0</ele>
      </trkpt>
      <trkpt lat="41.132872" lon="1.396267">
        <ele>11.0</ele>
      </trkpt>
      <trkpt lat="41.132862" lon="1.39622">
        <ele>10.3</ele>
      </trkpt>
      <trkpt lat="41.13288" lon="1.396165">
        <ele>10.0</ele>
      </trkpt>
      <trkpt lat="41.132894" lon="1.396118">
        <ele>9.8</ele>
      </trkpt>
      <trkpt lat="41.132898" lon="1.396032">
        <ele>9.1</ele>
      </trkpt>
      <trkpt lat="41.132892" lon="1.395907">
        <ele>9.2</ele>
      </trkpt>
      <trkpt lat="41.132888" lon="1.395676">
        <ele>11.1</ele>
      </trkpt>
      <trkpt lat="41.132791" lon="1.395569">
        <ele>11.5</ele>
      </trkpt>
      <trkpt lat="41.132698" lon="1.395451">
        <ele>13.5</ele>
      </trkpt>
      <trkpt lat="41.13266" lon="1.395395">
        <ele>14.2</ele>
      </trkpt>
      <trkpt lat="41.132557" lon="1.395285">
        <ele>15.7</ele>
      </trkpt>
      <trkpt lat="41.132413" lon="1.395072">
        <ele>18.1</ele>
      </trkpt>
      <trkpt lat="41.13237" lon="1.394991">
        <ele>19.0</ele>
      </trkpt>
      <trkpt lat="41.132324" lon="1.394905">
        <ele>20.0</ele>
      </trkpt>
      <trkpt lat="41.13232" lon="1.394841">
        <ele>20.4</ele>
      </trkpt>
      <trkpt lat="41.132307" lon="1.394716">
        <ele>21.3</ele>
      </trkpt>
      <trkpt lat="41.132315" lon="1.394507">
        <ele>22.7</ele>
      </trkpt>
      <trkpt lat="41.132316" lon="1.394353">
        <ele>23.5</ele>
      </trkpt>
      <trkpt lat="41.132302" lon="1.394249">
        <ele>24.0</ele>
      </trkpt>
      <trkpt lat="41.132251" lon="1.394154">
        <ele>24.1</ele>
      </trkpt>
      <trkpt lat="41.132173" lon="1.394024">
        <ele>24.1</ele>
      </trkpt>
      <trkpt lat="41.132088" lon="1.393847">
        <ele>24.3</ele>
      </trkpt>
      <trkpt lat="41.132073" lon="1.393725">
        <ele>24.7</ele>
      </trkpt>
      <trkpt lat="41.132044" lon="1.393606">
        <ele>24.9</ele>
      </trkpt>
      <trkpt lat="41.13203" lon="1.393393">
        <ele>24.8</ele>
      </trkpt>
      <trkpt lat="41.132038" lon="1.393178">
        <ele>23.9</ele>
      </trkpt>
      <trkpt lat="41.132056" lon="1.392965">
        <ele>22.9</ele>
      </trkpt>
      <trkpt lat="41.132087" lon="1.392691">
        <ele>21.1</ele>
      </trkpt>
      <trkpt lat="41.132102" lon="1.392336">
        <ele>18.7</ele>
      </trkpt>
      <trkpt lat="41.132109" lon="1.392205">
        <ele>18.1</ele>
      </trkpt>
      <trkpt lat="41.132131" lon="1.392119">
        <ele>17.5</ele>
      </trkpt>
      <trkpt lat="41.132191" lon="1.392073">
        <ele>17.3</ele>
      </trkpt>
      <trkpt lat="41.132274" lon="1.392061">
        <ele>17.4</ele>
      </trkpt>
      <trkpt lat="41.132266" lon="1.392">
        <ele>16.9</ele>
      </trkpt>
      <trkpt lat="41.132268" lon="1.39195">
        <ele>16.9</ele>
      </trkpt>
      <trkpt lat="41.132146" lon="1.391951">
        <ele>16.7</ele>
      </trkpt>
      <trkpt lat="41.132114" lon="1.391868">
        <ele>16.1</ele>
      </trkpt>
      <trkpt lat="41.132118" lon="1.391401">
        <ele>11.2</ele>
      </trkpt>
      <trkpt lat="41.132366" lon="1.391191">
        <ele>10.3</ele>
      </trkpt>
      <trkpt lat="41.132397" lon="1.391193">
        <ele>10.4</ele>
      </trkpt>
      <trkpt lat="41.132441" lon="1.391187">
        <ele>10.6</ele>
      </trkpt>
      <trkpt lat="41.132471" lon="1.391182">
        <ele>10.7</ele>
      </trkpt>
      <trkpt lat="41.132506" lon="1.39117">
        <ele>10.8</ele>
      </trkpt>
      <trkpt lat="41.132521" lon="1.391157">
        <ele>10.9</ele>
      </trkpt>
      <trkpt lat="41.132538" lon="1.391141">
        <ele>10.9</ele>
      </trkpt>
      <trkpt lat="41.132541" lon="1.391115">
        <ele>10.9</ele>
      </trkpt>
      <trkpt lat="41.132514" lon="1.391099">
        <ele>10.8</ele>
      </trkpt>
      <trkpt lat="41.132478" lon="1.391099">
        <ele>10.6</ele>
      </trkpt>
      <trkpt lat="41.132438" lon="1.3911">
        <ele>10.3</ele>
      </trkpt>
      <trkpt lat="41.132404" lon="1.391107">
        <ele>10.0</ele>
      </trkpt>
      <trkpt lat="41.132368" lon="1.391114">
        <ele>9.8</ele>
      </trkpt>
      <trkpt lat="41.132336" lon="1.391107">
        <ele>9.6</ele>
      </trkpt>
      <trkpt lat="41.132344" lon="1.391095">
        <ele>9.5</ele>
      </trkpt>
      <trkpt lat="41.132393" lon="1.391088">
        <ele>9.8</ele>
      </trkpt>
      <trkpt lat="41.132423" lon="1.391078">
        <ele>10.0</ele>
      </trkpt>
      <trkpt lat="41.13246" lon="1.391059">
        <ele>10.0</ele>
      </trkpt>
      <trkpt lat="41.132481" lon="1.391052">
        <ele>10.0</ele>
      </trkpt>
      <trkpt lat="41.132488" lon="1.391025">
        <ele>9.3</ele>
      </trkpt>
      <trkpt lat="41.132441" lon="1.391021">
        <ele>8.8</ele>
      </trkpt>
      <trkpt lat="41.132379" lon="1.391011">
        <ele>7.8</ele>
      </trkpt>
      <trkpt lat="41.132383" lon="1.390992">
        <ele>7.0</ele>
      </trkpt>
      <trkpt lat="41.132398" lon="1.390968">
        <ele>6.0</ele>
      </trkpt>
      <trkpt lat="41.132425" lon="1.390942">
        <ele>5.2</ele>
      </trkpt>
      <trkpt lat="41.132496" lon="1.390886">
        <ele>3.6</ele>
      </trkpt>
      <trkpt lat="41.132656" lon="1.390749">
        <ele>1.9</ele>
      </trkpt>
      <trkpt lat="41.132667" lon="1.390727">
        <ele>2.0</ele>
      </trkpt>
      <trkpt lat="41.13267" lon="1.39072">
        <ele>2.0</ele>
      </trkpt>
      <trkpt lat="41.132668" lon="1.390708">
        <ele>1.9</ele>
      </trkpt>
      <trkpt lat="41.132691" lon="1.390328">
        <ele>0.9</ele>
      </trkpt>
      <trkpt lat="41.132715" lon="1.389948">
        <ele>2.1</ele>
      </trkpt>
      <trkpt lat="41.132682" lon="1.389803">
        <ele>2.4</ele>
      </trkpt>
      <trkpt lat="41.132666" lon="1.389663">
        <ele>3.1</ele>
      </trkpt>
      <trkpt lat="41.132743" lon="1.389599">
        <ele>7.2</ele>
      </trkpt>
      <trkpt lat="41.132707" lon="1.389449">
        <ele>7.5</ele>
      </trkpt>
      <trkpt lat="41.132686" lon="1.389298">
        <ele>9.1</ele>
      </trkpt>
      <trkpt lat="41.132674" lon="1.389202">
        <ele>9.7</ele>
      </trkpt>
      <trkpt lat="41.132634" lon="1.389078">
        <ele>9.8</ele>
      </trkpt>
      <trkpt lat="41.132618" lon="1.389019">
        <ele>9.8</ele>
      </trkpt>
      <trkpt lat="41.132609" lon="1.388971">
        <ele>9.8</ele>
      </trkpt>
      <trkpt lat="41.132589" lon="1.388821">
        <ele>10.3</ele>
      </trkpt>
      <trkpt lat="41.132565" lon="1.388692">
        <ele>10.4</ele>
      </trkpt>
      <trkpt lat="41.132573" lon="1.388623">
        <ele>11.1</ele>
      </trkpt>
      <trkpt lat="41.132585" lon="1.388537">
        <ele>12.4</ele>
      </trkpt>
      <trkpt lat="41.132585" lon="1.388424">
        <ele>13.4</ele>
      </trkpt>
      <trkpt lat="41.132573" lon="1.388301">
        <ele>13.6</ele>
      </trkpt>
      <trkpt lat="41.132573" lon="1.388161">
        <ele>14.3</ele>
      </trkpt>
      <trkpt lat="41.132585" lon="1.388081">
        <ele>15.0</ele>
      </trkpt>
      <trkpt lat="41.132601" lon="1.387975">
        <ele>15.4</ele>
        <name>Altafulla, Tarragonès</name>
        <extensions>
          <oa:Extension>
            <oa:mapZoom>17</oa:mapZoom>
          </oa:Extension>
        </extensions>
      </trkpt>
      <trkpt lat="41.132609" lon="1.387929">
        <ele>15.5</ele>
      </trkpt>
      <trkpt lat="41.13263" lon="1.387813">
        <ele>16.0</ele>
      </trkpt>
      <trkpt lat="41.13267" lon="1.387635">
        <ele>16.8</ele>
      </trkpt>
      <trkpt lat="41.132707" lon="1.387485">
        <ele>17.5</ele>
      </trkpt>
      <trkpt lat="41.132707" lon="1.387346">
        <ele>16.6</ele>
      </trkpt>
      <trkpt lat="41.132727" lon="1.387222">
        <ele>15.9</ele>
      </trkpt>
      <trkpt lat="41.132719" lon="1.387163">
        <ele>15.1</ele>
      </trkpt>
      <trkpt lat="41.132707" lon="1.387088">
        <ele>13.8</ele>
      </trkpt>
      <trkpt lat="41.132678" lon="1.387035">
        <ele>12.4</ele>
      </trkpt>
      <trkpt lat="41.132646" lon="1.386981">
        <ele>10.7</ele>
      </trkpt>
      <trkpt lat="41.132658" lon="1.386912">
        <ele>11.4</ele>
      </trkpt>
      <trkpt lat="41.132642" lon="1.386852">
        <ele>10.7</ele>
      </trkpt>
      <trkpt lat="41.132662" lon="1.386777">
        <ele>9.9</ele>
      </trkpt>
      <trkpt lat="41.132703" lon="1.386718">
        <ele>9.7</ele>
      </trkpt>
      <trkpt lat="41.132707" lon="1.3866">
        <ele>8.4</ele>
      </trkpt>
      <trkpt lat="41.132698" lon="1.386504">
        <ele>7.4</ele>
      </trkpt>
      <trkpt lat="41.132666" lon="1.386391">
        <ele>6.5</ele>
      </trkpt>
      <trkpt lat="41.132678" lon="1.386262">
        <ele>5.8</ele>
      </trkpt>
      <trkpt lat="41.132658" lon="1.386177">
        <ele>5.2</ele>
      </trkpt>
      <trkpt lat="41.132682" lon="1.386128">
        <ele>5.0</ele>
      </trkpt>
      <trkpt lat="41.132734" lon="1.386048">
        <ele>5.0</ele>
      </trkpt>
      <trkpt lat="41.132752" lon="1.386021">
        <ele>4.9</ele>
        <name>Altafulla, Tarragonès</name>
        <extensions>
          <oa:Extension>
            <oa:mapZoom>17</oa:mapZoom>
          </oa:Extension>
        </extensions>
      </trkpt>
      <trkpt lat="41.132765" lon="1.386001">
        <ele>4.8</ele>
      </trkpt>
      <trkpt lat="41.132804" lon="1.385934">
        <ele>4.3</ele>
      </trkpt>
      <trkpt lat="41.132846" lon="1.385894">
        <ele>4.0</ele>
      </trkpt>
      <trkpt lat="41.132889" lon="1.385826">
        <ele>3.0</ele>
      </trkpt>
      <trkpt lat="41.132923" lon="1.385822">
        <ele>2.9</ele>
      </trkpt>
      <trkpt lat="41.132954" lon="1.385798">
        <ele>2.6</ele>
      </trkpt>
      <trkpt lat="41.132999" lon="1.385831">
        <ele>2.9</ele>
      </trkpt>
      <trkpt lat="41.133106" lon="1.385875">
        <ele>2.4</ele>
      </trkpt>
      <trkpt lat="41.133191" lon="1.385925">
        <ele>1.5</ele>
      </trkpt>
      <trkpt lat="41.133248" lon="1.385951">
        <ele>1.2</ele>
      </trkpt>
      <trkpt lat="41.133304" lon="1.385983">
        <ele>1.0</ele>
      </trkpt>
      <trkpt lat="41.133348" lon="1.386019">
        <ele>1.7</ele>
      </trkpt>
      <trkpt lat="41.133422" lon="1.386069">
        <ele>1.8</ele>
      </trkpt>
      <trkpt lat="41.133423" lon="1.386139">
        <ele>4.4</ele>
      </trkpt>
      <trkpt lat="41.133477" lon="1.386162">
        <ele>4.9</ele>
      </trkpt>
      <trkpt lat="41.133501" lon="1.386157">
        <ele>4.8</ele>
      </trkpt>
      <trkpt lat="41.133532" lon="1.386151">
        <ele>4.8</ele>
      </trkpt>
      <trkpt lat="41.13355" lon="1.386148">
        <ele>4.7</ele>
      </trkpt>
      <trkpt lat="41.1336" lon="1.386144">
        <ele>4.7</ele>
      </trkpt>
      <trkpt lat="41.133674" lon="1.38607">
        <ele>3.5</ele>
      </trkpt>
      <trkpt lat="41.133681" lon="1.386033">
        <ele>2.4</ele>
      </trkpt>
      <trkpt lat="41.133687" lon="1.386">
        <ele>1.5</ele>
      </trkpt>
      <trkpt lat="41.133716" lon="1.385997">
        <ele>1.6</ele>
      </trkpt>
      <trkpt lat="41.133755" lon="1.386006">
        <ele>2.3</ele>
      </trkpt>
      <trkpt lat="41.133786" lon="1.385958">
        <ele>1.1</ele>
      </trkpt>
      <trkpt lat="41.133839" lon="1.385913">
        <ele>1.1</ele>
      </trkpt>
      <trkpt lat="41.133877" lon="1.385863">
        <ele>1.1</ele>
      </trkpt>
      <trkpt lat="41.133926" lon="1.385798">
        <ele>1.1</ele>
      </trkpt>
      <trkpt lat="41.133963" lon="1.385756">
        <ele>1.6</ele>
      </trkpt>
      <trkpt lat="41.134" lon="1.385712">
        <ele>1.3</ele>
      </trkpt>
      <trkpt lat="41.134044" lon="1.385675">
        <ele>1.8</ele>
      </trkpt>
      <trkpt lat="41.134085" lon="1.385681">
        <ele>2.4</ele>
      </trkpt>
      <trkpt lat="41.134119" lon="1.38564">
        <ele>1.6</ele>
      </trkpt>
      <trkpt lat="41.134137" lon="1.385614">
        <ele>0.7</ele>
      </trkpt>
      <trkpt lat="41.134171" lon="1.385558">
        <ele>0.3</ele>
      </trkpt>
      <trkpt lat="41.134224" lon="1.385443">
        <ele>0.8</ele>
      </trkpt>
      <trkpt lat="41.134293" lon="1.385248">
        <ele>0.9</ele>
      </trkpt>
      <trkpt lat="41.134321" lon="1.385147">
        <ele>0.9</ele>
      </trkpt>
      <trkpt lat="41.134368" lon="1.384972">
        <ele>1.1</ele>
      </trkpt>
      <trkpt lat="41.134442" lon="1.384742">
        <ele>1.4</ele>
      </trkpt>
      <trkpt lat="41.134494" lon="1.384572">
        <ele>1.4</ele>
      </trkpt>
      <trkpt lat="41.134498" lon="1.384537">
        <ele>1.4</ele>
      </trkpt>
      <trkpt lat="41.134522" lon="1.384326">
        <ele>1.8</ele>
      </trkpt>
      <trkpt lat="41.134544" lon="1.384138">
        <ele>1.7</ele>
      </trkpt>
      <trkpt lat="41.134553" lon="1.384024">
        <ele>1.7</ele>
      </trkpt>
      <trkpt lat="41.134572" lon="1.383774">
        <ele>1.7</ele>
      </trkpt>
      <trkpt lat="41.134605" lon="1.383424">
        <ele>1.8</ele>
      </trkpt>
      <trkpt lat="41.134616" lon="1.383171">
        <ele>1.8</ele>
      </trkpt>
      <trkpt lat="41.134622" lon="1.38303">
        <ele>1.9</ele>
      </trkpt>
      <trkpt lat="41.134634" lon="1.382956">
        <ele>2.1</ele>
      </trkpt>
      <trkpt lat="41.134661" lon="1.382939">
        <ele>2.3</ele>
      </trkpt>
      <trkpt lat="41.134702" lon="1.382917">
        <ele>2.3</ele>
      </trkpt>
      <trkpt lat="41.134723" lon="1.382916">
        <ele>2.1</ele>
      </trkpt>
      <trkpt lat="41.134749" lon="1.382917">
        <ele>1.8</ele>
      </trkpt>
      <trkpt lat="41.134748" lon="1.382733">
        <ele>1.8</ele>
      </trkpt>
      <trkpt lat="41.134747" lon="1.382683">
        <ele>1.8</ele>
      </trkpt>
      <trkpt lat="41.134745" lon="1.382651">
        <ele>1.8</ele>
      </trkpt>
      <trkpt lat="41.134742" lon="1.382573">
        <ele>1.2</ele>
      </trkpt>
      <trkpt lat="41.134736" lon="1.382465">
        <ele>0.9</ele>
      </trkpt>
      <trkpt lat="41.13473" lon="1.382348">
        <ele>2.3</ele>
      </trkpt>
      <trkpt lat="41.134709" lon="1.382071">
        <ele>1.6</ele>
      </trkpt>
      <trkpt lat="41.134707" lon="1.382039">
        <ele>1.6</ele>
      </trkpt>
      <trkpt lat="41.134651" lon="1.381675">
        <ele>1.6</ele>
      </trkpt>
      <trkpt lat="41.134646" lon="1.38164">
        <ele>1.6</ele>
      </trkpt>
      <trkpt lat="41.134602" lon="1.381337">
        <ele>1.8</ele>
      </trkpt>
      <trkpt lat="41.134557" lon="1.381033">
        <ele>1.9</ele>
      </trkpt>
      <trkpt lat="41.134531" lon="1.380851">
        <ele>2.1</ele>
      </trkpt>
      <trkpt lat="41.134483" lon="1.380544">
        <ele>2.1</ele>
      </trkpt>
      <trkpt lat="41.134435" lon="1.380237">
        <ele>2.0</ele>
      </trkpt>
      <trkpt lat="41.134425" lon="1.38017">
        <ele>2.1</ele>
      </trkpt>
      <trkpt lat="41.134348" lon="1.379726">
        <ele>2.3</ele>
      </trkpt>
      <trkpt lat="41.134302" lon="1.379418">
        <ele>2.3</ele>
      </trkpt>
      <trkpt lat="41.134256" lon="1.37911">
        <ele>2.2</ele>
      </trkpt>
      <trkpt lat="41.134215" lon="1.378836">
        <ele>2.5</ele>
        <name>Carrer de les Botigues de Mar, Altafulla, Tarragonès</name>
        <extensions>
          <oa:Extension>
            <oa:mapZoom>17</oa:mapZoom>
          </oa:Extension>
        </extensions>
      </trkpt>
      <trkpt lat="41.134193" lon="1.37869">
        <ele>2.6</ele>
      </trkpt>
      <trkpt lat="41.134131" lon="1.37827">
        <ele>2.7</ele>
      </trkpt>
      <trkpt lat="41.134122" lon="1.378213">
        <ele>2.6</ele>
      </trkpt>
      <trkpt lat="41.134036" lon="1.377721">
        <ele>2.5</ele>
      </trkpt>
      <trkpt lat="41.13397" lon="1.377235">
        <ele>2.3</ele>
      </trkpt>
      <trkpt lat="41.133922" lon="1.376878">
        <ele>2.4</ele>
      </trkpt>
      <trkpt lat="41.133874" lon="1.376521">
        <ele>2.5</ele>
      </trkpt>
      <trkpt lat="41.133846" lon="1.376311">
        <ele>2.6</ele>
      </trkpt>
      <trkpt lat="41.133801" lon="1.376041">
        <ele>2.6</ele>
      </trkpt>
      <trkpt lat="41.133738" lon="1.375665">
        <ele>2.8</ele>
      </trkpt>
      <trkpt lat="41.133702" lon="1.375447">
        <ele>2.7</ele>
      </trkpt>
      <trkpt lat="41.133832" lon="1.375415">
        <ele>2.6</ele>
      </trkpt>
      <trkpt lat="41.133861" lon="1.375408">
        <ele>2.5</ele>
      </trkpt>
      <trkpt lat="41.133857" lon="1.375387">
        <ele>2.4</ele>
      </trkpt>
      <trkpt lat="41.133796" lon="1.375094">
        <ele>2.1</ele>
      </trkpt>
      <trkpt lat="41.133772" lon="1.374975">
        <ele>2.0</ele>
      </trkpt>
      <trkpt lat="41.133697" lon="1.3746">
        <ele>2.1</ele>
      </trkpt>
      <trkpt lat="41.133633" lon="1.374374">
        <ele>2.1</ele>
      </trkpt>
      <trkpt lat="41.133617" lon="1.374319">
        <ele>2.2</ele>
      </trkpt>
      <trkpt lat="41.133498" lon="1.373869">
        <ele>2.1</ele>
      </trkpt>
      <trkpt lat="41.133436" lon="1.373616">
        <ele>2.3</ele>
      </trkpt>
      <trkpt lat="41.133323" lon="1.373157">
        <ele>2.2</ele>
      </trkpt>
      <trkpt lat="41.133211" lon="1.372698">
        <ele>1.9</ele>
      </trkpt>
      <trkpt lat="41.133098" lon="1.372239">
        <ele>1.7</ele>
      </trkpt>
      <trkpt lat="41.132976" lon="1.371779">
        <ele>1.6</ele>
      </trkpt>
      <trkpt lat="41.132855" lon="1.371319">
        <ele>1.8</ele>
      </trkpt>
      <trkpt lat="41.132763" lon="1.370999">
        <ele>1.5</ele>
      </trkpt>
      <trkpt lat="41.132636" lon="1.370731">
        <ele>1.9</ele>
      </trkpt>
      <trkpt lat="41.132389" lon="1.370403">
        <ele>1.9</ele>
      </trkpt>
      <trkpt lat="41.132317" lon="1.37031">
        <ele>2.8</ele>
      </trkpt>
      <trkpt lat="41.132286" lon="1.370203">
        <ele>3.4</ele>
      </trkpt>
      <trkpt lat="41.132282" lon="1.370127">
        <ele>3.5</ele>
      </trkpt>
      <trkpt lat="41.132216" lon="1.370054">
        <ele>2.4</ele>
      </trkpt>
      <trkpt lat="41.132122" lon="1.369911">
        <ele>1.4</ele>
      </trkpt>
      <trkpt lat="41.132106" lon="1.36984">
        <ele>1.4</ele>
      </trkpt>
      <trkpt lat="41.13208" lon="1.36973">
        <ele>1.3</ele>
      </trkpt>
      <trkpt lat="41.132023" lon="1.369415">
        <ele>1.4</ele>
      </trkpt>
      <trkpt lat="41.131988" lon="1.369257">
        <ele>1.5</ele>
      </trkpt>
      <trkpt lat="41.131938" lon="1.369076">
        <ele>1.4</ele>
        <name>Platja d&apos;Altafulla, Tarragona, Tarragonès</name>
        <extensions>
          <oa:Extension>
            <oa:mapZoom>17</oa:mapZoom>
          </oa:Extension>
        </extensions>
      </trkpt>
      <trkpt lat="41.131875" lon="1.368845">
        <ele>1.4</ele>
      </trkpt>
      <trkpt lat="41.131794" lon="1.36846">
        <ele>1.6</ele>
      </trkpt>
      <trkpt lat="41.131785" lon="1.368422">
        <ele>1.6</ele>
      </trkpt>
      <trkpt lat="41.131724" lon="1.368017">
        <ele>1.6</ele>
      </trkpt>
      <trkpt lat="41.131699" lon="1.367743">
        <ele>1.3</ele>
      </trkpt>
      <trkpt lat="41.131687" lon="1.367534">
        <ele>1.1</ele>
      </trkpt>
      <trkpt lat="41.13169" lon="1.367352">
        <ele>0.9</ele>
      </trkpt>
      <trkpt lat="41.131685" lon="1.367151">
        <ele>1.5</ele>
      </trkpt>
      <trkpt lat="41.131644" lon="1.366924">
        <ele>2.1</ele>
      </trkpt>
      <trkpt lat="41.131633" lon="1.366912">
        <ele>2.1</ele>
      </trkpt>
      <trkpt lat="41.131496" lon="1.366639">
        <ele>2.0</ele>
      </trkpt>
      <trkpt lat="41.13144" lon="1.36648">
        <ele>2.0</ele>
      </trkpt>
      <trkpt lat="41.131396" lon="1.366234">
        <ele>2.0</ele>
      </trkpt>
      <trkpt lat="41.131325" lon="1.366087">
        <ele>2.0</ele>
      </trkpt>
      <trkpt lat="41.131259" lon="1.365962">
        <ele>2.0</ele>
      </trkpt>
      <trkpt lat="41.13124" lon="1.365916">
        <ele>2.0</ele>
      </trkpt>
      <trkpt lat="41.131189" lon="1.36579">
        <ele>2.1</ele>
      </trkpt>
      <trkpt lat="41.131148" lon="1.365583">
        <ele>1.9</ele>
      </trkpt>
      <trkpt lat="41.131123" lon="1.365261">
        <ele>2.0</ele>
      </trkpt>
      <trkpt lat="41.131065" lon="1.364941">
        <ele>2.0</ele>
      </trkpt>
      <trkpt lat="41.131054" lon="1.364757">
        <ele>2.0</ele>
      </trkpt>
      <trkpt lat="41.13099" lon="1.364502">
        <ele>2.0</ele>
      </trkpt>
      <trkpt lat="41.130926" lon="1.364111">
        <ele>1.8</ele>
      </trkpt>
      <trkpt lat="41.130871" lon="1.363874">
        <ele>1.5</ele>
      </trkpt>
      <trkpt lat="41.130828" lon="1.36369">
        <ele>1.4</ele>
      </trkpt>
      <trkpt lat="41.130745" lon="1.363268">
        <ele>1.3</ele>
      </trkpt>
      <trkpt lat="41.130681" lon="1.362942">
        <ele>1.5</ele>
      </trkpt>
      <trkpt lat="41.130641" lon="1.362671">
        <ele>1.5</ele>
      </trkpt>
      <trkpt lat="41.130635" lon="1.362636">
        <ele>1.5</ele>
        <name>Platja de Tamarit, Tarragona, Tarragonès</name>
        <extensions>
          <oa:Extension>
            <oa:mapZoom>17</oa:mapZoom>
          </oa:Extension>
        </extensions>
      </trkpt>
      <trkpt lat="41.130577" lon="1.362277">
        <ele>1.7</ele>
      </trkpt>
      <trkpt lat="41.130537" lon="1.36203">
        <ele>1.7</ele>
      </trkpt>
      <trkpt lat="41.130497" lon="1.361802">
        <ele>1.7</ele>
      </trkpt>
      <trkpt lat="41.130491" lon="1.361729">
        <ele>1.7</ele>
      </trkpt>
      <trkpt lat="41.130572" lon="1.361674">
        <ele>1.8</ele>
      </trkpt>
      <trkpt lat="41.130683" lon="1.361625">
        <ele>1.7</ele>
      </trkpt>
      <trkpt lat="41.130729" lon="1.361574">
        <ele>2.0</ele>
      </trkpt>
      <trkpt lat="41.130755" lon="1.361528">
        <ele>2.6</ele>
      </trkpt>
      <trkpt lat="41.130786" lon="1.361475">
        <ele>2.4</ele>
      </trkpt>
      <trkpt lat="41.130806" lon="1.361359">
        <ele>2.0</ele>
      </trkpt>
      <trkpt lat="41.130758" lon="1.360838">
        <ele>2.1</ele>
      </trkpt>
      <trkpt lat="41.130742" lon="1.360655">
        <ele>3.4</ele>
      </trkpt>
      <trkpt lat="41.130735" lon="1.360515">
        <ele>4.4</ele>
      </trkpt>
      <trkpt lat="41.130737" lon="1.360372">
        <ele>5.6</ele>
      </trkpt>
      <trkpt lat="41.130757" lon="1.36023">
        <ele>6.8</ele>
      </trkpt>
      <trkpt lat="41.130773" lon="1.360179">
        <ele>6.9</ele>
      </trkpt>
      <trkpt lat="41.130754" lon="1.360126">
        <ele>8.0</ele>
      </trkpt>
      <trkpt lat="41.130726" lon="1.360099">
        <ele>9.0</ele>
      </trkpt>
      <trkpt lat="41.130674" lon="1.360118">
        <ele>9.2</ele>
      </trkpt>
      <trkpt lat="41.130404" lon="1.36027">
        <ele>10.4</ele>
      </trkpt>
      <trkpt lat="41.13007" lon="1.360426">
        <ele>11.5</ele>
      </trkpt>
      <trkpt lat="41.129958" lon="1.360467">
        <ele>9.4</ele>
      </trkpt>
      <trkpt lat="41.129928" lon="1.360507">
        <ele>8.5</ele>
      </trkpt>
      <trkpt lat="41.129915" lon="1.360579">
        <ele>7.5</ele>
      </trkpt>
      <trkpt lat="41.129891" lon="1.360542">
        <ele>8.7</ele>
      </trkpt>
      <trkpt lat="41.129876" lon="1.360496">
        <ele>9.6</ele>
      </trkpt>
      <trkpt lat="41.129848" lon="1.360444">
        <ele>11.5</ele>
      </trkpt>
      <trkpt lat="41.129746" lon="1.360425">
        <ele>12.7</ele>
      </trkpt>
      <trkpt lat="41.129665" lon="1.360436">
        <ele>12.7</ele>
      </trkpt>
      <trkpt lat="41.129589" lon="1.360431">
        <ele>12.6</ele>
      </trkpt>
      <trkpt lat="41.129433" lon="1.360152">
        <ele>15.2</ele>
      </trkpt>
      <trkpt lat="41.129362" lon="1.359987">
        <ele>15.7</ele>
      </trkpt>
      <trkpt lat="41.129311" lon="1.35987">
        <ele>15.6</ele>
      </trkpt>
      <trkpt lat="41.129175" lon="1.359489">
        <ele>13.3</ele>
      </trkpt>
      <trkpt lat="41.1291" lon="1.359141">
        <ele>12.2</ele>
      </trkpt>
      <trkpt lat="41.129081" lon="1.359054">
        <ele>11.8</ele>
      </trkpt>
      <trkpt lat="41.129067" lon="1.358849">
        <ele>10.6</ele>
      </trkpt>
      <trkpt lat="41.129064" lon="1.358795">
        <ele>10.0</ele>
      </trkpt>
      <trkpt lat="41.12902" lon="1.358563">
        <ele>6.4</ele>
      </trkpt>
      <trkpt lat="41.129024" lon="1.358465">
        <ele>5.7</ele>
      </trkpt>
      <trkpt lat="41.129029" lon="1.358362">
        <ele>6.3</ele>
      </trkpt>
      <trkpt lat="41.128956" lon="1.358258">
        <ele>5.4</ele>
      </trkpt>
      <trkpt lat="41.128891" lon="1.358194">
        <ele>6.2</ele>
      </trkpt>
      <trkpt lat="41.128845" lon="1.358112">
        <ele>8.1</ele>
      </trkpt>
      <trkpt lat="41.128794" lon="1.35808">
        <ele>9.5</ele>
      </trkpt>
      <trkpt lat="41.128766" lon="1.358031">
        <ele>10.7</ele>
      </trkpt>
      <trkpt lat="41.128728" lon="1.358021">
        <ele>11.3</ele>
      </trkpt>
      <trkpt lat="41.128701" lon="1.357976">
        <ele>12.1</ele>
        <name>Tarragona, Tarragonès</name>
        <extensions>
          <oa:Extension>
            <oa:mapZoom>17</oa:mapZoom>
          </oa:Extension>
        </extensions>
      </trkpt>
      <trkpt lat="41.128696" lon="1.357967">
        <ele>12.3</ele>
      </trkpt>
      <trkpt lat="41.128659" lon="1.357912">
        <ele>13.2</ele>
      </trkpt>
      <trkpt lat="41.128613" lon="1.357898">
        <ele>13.4</ele>
      </trkpt>
      <trkpt lat="41.128565" lon="1.357889">
        <ele>13.8</ele>
      </trkpt>
      <trkpt lat="41.128534" lon="1.357845">
        <ele>14.1</ele>
      </trkpt>
      <trkpt lat="41.128558" lon="1.357784">
        <ele>15.3</ele>
      </trkpt>
      <trkpt lat="41.128598" lon="1.357723">
        <ele>16.7</ele>
      </trkpt>
      <trkpt lat="41.128617" lon="1.357662">
        <ele>17.9</ele>
      </trkpt>
      <trkpt lat="41.128615" lon="1.357593">
        <ele>18.7</ele>
      </trkpt>
      <trkpt lat="41.128576" lon="1.357453">
        <ele>20.7</ele>
      </trkpt>
      <trkpt lat="41.128543" lon="1.357363">
        <ele>21.6</ele>
      </trkpt>
      <trkpt lat="41.128427" lon="1.357122">
        <ele>22.4</ele>
      </trkpt>
      <trkpt lat="41.128386" lon="1.357049">
        <ele>22.1</ele>
      </trkpt>
      <trkpt lat="41.128343" lon="1.356966">
        <ele>21.9</ele>
      </trkpt>
      <trkpt lat="41.128287" lon="1.356828">
        <ele>21.1</ele>
      </trkpt>
      <trkpt lat="41.128242" lon="1.356692">
        <ele>21.0</ele>
      </trkpt>
      <trkpt lat="41.128192" lon="1.356448">
        <ele>19.9</ele>
      </trkpt>
      <trkpt lat="41.128195" lon="1.355962">
        <ele>17.8</ele>
      </trkpt>
      <trkpt lat="41.128127" lon="1.355668">
        <ele>16.7</ele>
      </trkpt>
      <trkpt lat="41.128059" lon="1.355374">
        <ele>15.2</ele>
      </trkpt>
      <trkpt lat="41.128102" lon="1.354846">
        <ele>15.0</ele>
      </trkpt>
      <trkpt lat="41.128184" lon="1.35449">
        <ele>15.6</ele>
      </trkpt>
      <trkpt lat="41.128266" lon="1.354134">
        <ele>17.2</ele>
      </trkpt>
      <trkpt lat="41.128276" lon="1.35389">
        <ele>18.7</ele>
      </trkpt>
      <trkpt lat="41.128114" lon="1.353574">
        <ele>19.8</ele>
      </trkpt>
      <trkpt lat="41.127865" lon="1.353223">
        <ele>23.0</ele>
      </trkpt>
      <trkpt lat="41.127616" lon="1.352871">
        <ele>23.3</ele>
      </trkpt>
      <trkpt lat="41.127367" lon="1.35252">
        <ele>22.9</ele>
      </trkpt>
      <trkpt lat="41.127367" lon="1.352375">
        <ele>22.6</ele>
      </trkpt>
      <trkpt lat="41.127439" lon="1.352209">
        <ele>22.1</ele>
      </trkpt>
      <trkpt lat="41.127555" lon="1.352127">
        <ele>22.4</ele>
      </trkpt>
      <trkpt lat="41.127925" lon="1.351865">
        <ele>22.0</ele>
      </trkpt>
      <trkpt lat="41.128038" lon="1.351785">
        <ele>21.5</ele>
      </trkpt>
      <trkpt lat="41.128127" lon="1.351675">
        <ele>21.6</ele>
      </trkpt>
      <trkpt lat="41.128185" lon="1.35153">
        <ele>21.7</ele>
      </trkpt>
      <trkpt lat="41.128192" lon="1.351333">
        <ele>21.6</ele>
      </trkpt>
      <trkpt lat="41.128155" lon="1.351144">
        <ele>21.2</ele>
      </trkpt>
      <trkpt lat="41.12794" lon="1.3507">
        <ele>22.6</ele>
      </trkpt>
      <trkpt lat="41.127737" lon="1.350279">
        <ele>25.4</ele>
        <name>Camí de Ronda de Tamarit, Tarragona, Tarragonès</name>
        <extensions>
          <oa:Extension>
            <oa:mapZoom>17</oa:mapZoom>
          </oa:Extension>
        </extensions>
      </trkpt>
      <trkpt lat="41.127726" lon="1.350256">
        <ele>25.6</ele>
      </trkpt>
      <trkpt lat="41.12772" lon="1.349961">
        <ele>27.8</ele>
      </trkpt>
      <trkpt lat="41.127677" lon="1.34994">
        <ele>28.0</ele>
      </trkpt>
      <trkpt lat="41.127647" lon="1.34993">
        <ele>27.9</ele>
      </trkpt>
      <trkpt lat="41.127629" lon="1.349909">
        <ele>27.6</ele>
      </trkpt>
      <trkpt lat="41.127629" lon="1.349845">
        <ele>26.9</ele>
      </trkpt>
      <trkpt lat="41.127639" lon="1.349803">
        <ele>26.4</ele>
      </trkpt>
      <trkpt lat="41.127674" lon="1.349785">
        <ele>26.5</ele>
      </trkpt>
      <trkpt lat="41.12772" lon="1.349774">
        <ele>26.6</ele>
      </trkpt>
      <trkpt lat="41.127776" lon="1.349769">
        <ele>27.0</ele>
      </trkpt>
      <trkpt lat="41.12782" lon="1.349739">
        <ele>26.5</ele>
      </trkpt>
      <trkpt lat="41.12784" lon="1.349695">
        <ele>25.6</ele>
      </trkpt>
      <trkpt lat="41.12785" lon="1.349654">
        <ele>24.7</ele>
      </trkpt>
      <trkpt lat="41.127869" lon="1.349635">
        <ele>24.3</ele>
      </trkpt>
      <trkpt lat="41.127864" lon="1.349594">
        <ele>23.3</ele>
      </trkpt>
      <trkpt lat="41.127878" lon="1.349549">
        <ele>22.1</ele>
      </trkpt>
      <trkpt lat="41.127907" lon="1.349501">
        <ele>20.8</ele>
      </trkpt>
      <trkpt lat="41.127932" lon="1.34947">
        <ele>20.1</ele>
      </trkpt>
      <trkpt lat="41.127948" lon="1.349454">
        <ele>19.8</ele>
        <name>Tarragona, Tarragonès</name>
        <extensions>
          <oa:Extension>
            <oa:mapZoom>17</oa:mapZoom>
          </oa:Extension>
        </extensions>
      </trkpt>
      <trkpt lat="41.127967" lon="1.349435">
        <ele>19.4</ele>
      </trkpt>
      <trkpt lat="41.128021" lon="1.349419">
        <ele>18.8</ele>
      </trkpt>
      <trkpt lat="41.128065" lon="1.349406">
        <ele>18.2</ele>
      </trkpt>
      <trkpt lat="41.128112" lon="1.349385">
        <ele>17.2</ele>
      </trkpt>
      <trkpt lat="41.128138" lon="1.349366">
        <ele>16.4</ele>
      </trkpt>
      <trkpt lat="41.128171" lon="1.349349">
        <ele>15.7</ele>
      </trkpt>
      <trkpt lat="41.128199" lon="1.34934">
        <ele>15.5</ele>
      </trkpt>
      <trkpt lat="41.12824" lon="1.34934">
        <ele>15.7</ele>
      </trkpt>
      <trkpt lat="41.128285" lon="1.349324">
        <ele>15.4</ele>
      </trkpt>
      <trkpt lat="41.128326" lon="1.34929">
        <ele>13.8</ele>
      </trkpt>
      <trkpt lat="41.128366" lon="1.349266">
        <ele>13.0</ele>
      </trkpt>
      <trkpt lat="41.128392" lon="1.349241">
        <ele>12.2</ele>
      </trkpt>
      <trkpt lat="41.128428" lon="1.349214">
        <ele>10.9</ele>
      </trkpt>
      <trkpt lat="41.128458" lon="1.349193">
        <ele>10.2</ele>
      </trkpt>
      <trkpt lat="41.128472" lon="1.349174">
        <ele>9.4</ele>
      </trkpt>
      <trkpt lat="41.12846" lon="1.349137">
        <ele>7.9</ele>
      </trkpt>
      <trkpt lat="41.128411" lon="1.349108">
        <ele>5.7</ele>
      </trkpt>
      <trkpt lat="41.128425" lon="1.349091">
        <ele>5.3</ele>
      </trkpt>
      <trkpt lat="41.128449" lon="1.349068">
        <ele>5.4</ele>
      </trkpt>
      <trkpt lat="41.128441" lon="1.349056">
        <ele>4.7</ele>
      </trkpt>
      <trkpt lat="41.128419" lon="1.349043">
        <ele>3.5</ele>
      </trkpt>
      <trkpt lat="41.128389" lon="1.349034">
        <ele>2.6</ele>
      </trkpt>
      <trkpt lat="41.128366" lon="1.348948">
        <ele>1.4</ele>
      </trkpt>
      <trkpt lat="41.128425" lon="1.348854">
        <ele>1.8</ele>
      </trkpt>
      <trkpt lat="41.12845" lon="1.348804">
        <ele>2.1</ele>
      </trkpt>
      <trkpt lat="41.128476" lon="1.348774">
        <ele>2.3</ele>
      </trkpt>
      <trkpt lat="41.128497" lon="1.348733">
        <ele>2.4</ele>
      </trkpt>
      <trkpt lat="41.128528" lon="1.348702">
        <ele>2.6</ele>
      </trkpt>
      <trkpt lat="41.128573" lon="1.348669">
        <ele>2.9</ele>
      </trkpt>
      <trkpt lat="41.128606" lon="1.348642">
        <ele>3.2</ele>
      </trkpt>
      <trkpt lat="41.128641" lon="1.348634">
        <ele>3.3</ele>
      </trkpt>
      <trkpt lat="41.128664" lon="1.348619">
        <ele>3.4</ele>
      </trkpt>
      <trkpt lat="41.128683" lon="1.348584">
        <ele>3.5</ele>
      </trkpt>
      <trkpt lat="41.128637" lon="1.348128">
        <ele>2.8</ele>
      </trkpt>
      <trkpt lat="41.128591" lon="1.347673">
        <ele>2.8</ele>
      </trkpt>
      <trkpt lat="41.128562" lon="1.347204">
        <ele>2.7</ele>
      </trkpt>
      <trkpt lat="41.128532" lon="1.346735">
        <ele>3.0</ele>
      </trkpt>
      <trkpt lat="41.128509" lon="1.346567">
        <ele>2.7</ele>
      </trkpt>
      <trkpt lat="41.128477" lon="1.346458">
        <ele>2.8</ele>
      </trkpt>
      <trkpt lat="41.128417" lon="1.346278">
        <ele>2.7</ele>
      </trkpt>
      <trkpt lat="41.128392" lon="1.346197">
        <ele>2.7</ele>
      </trkpt>
      <trkpt lat="41.128356" lon="1.346084">
        <ele>2.6</ele>
      </trkpt>
      <trkpt lat="41.128321" lon="1.346102">
        <ele>2.5</ele>
      </trkpt>
      <trkpt lat="41.128232" lon="1.345827">
        <ele>2.5</ele>
      </trkpt>
      <trkpt lat="41.128142" lon="1.345552">
        <ele>2.4</ele>
      </trkpt>
      <trkpt lat="41.128183" lon="1.345531">
        <ele>2.2</ele>
      </trkpt>
      <trkpt lat="41.128081" lon="1.345211">
        <ele>2.1</ele>
      </trkpt>
      <trkpt lat="41.128109" lon="1.345187">
        <ele>2.1</ele>
      </trkpt>
      <trkpt lat="41.128437" lon="1.344952">
        <ele>1.8</ele>
      </trkpt>
      <trkpt lat="41.128765" lon="1.344717">
        <ele>1.5</ele>
      </trkpt>
      <trkpt lat="41.12884" lon="1.344661">
        <ele>1.6</ele>
      </trkpt>
      <trkpt lat="41.129063" lon="1.344338">
        <ele>1.7</ele>
      </trkpt>
      <trkpt lat="41.129191" lon="1.344107">
        <ele>1.7</ele>
      </trkpt>
      <trkpt lat="41.129334" lon="1.343862">
        <ele>1.7</ele>
      </trkpt>
      <trkpt lat="41.129477" lon="1.343616">
        <ele>1.6</ele>
      </trkpt>
      <trkpt lat="41.129618" lon="1.34324">
        <ele>1.7</ele>
      </trkpt>
      <trkpt lat="41.129759" lon="1.342982">
        <ele>1.7</ele>
      </trkpt>
      <trkpt lat="41.129906" lon="1.34277">
        <ele>1.7</ele>
      </trkpt>
      <trkpt lat="41.130119" lon="1.342539">
        <ele>1.6</ele>
      </trkpt>
      <trkpt lat="41.130148" lon="1.342505">
        <ele>1.6</ele>
      </trkpt>
      <trkpt lat="41.130265" lon="1.342374">
        <ele>1.6</ele>
      </trkpt>
      <trkpt lat="41.130503" lon="1.342106">
        <ele>1.9</ele>
      </trkpt>
      <trkpt lat="41.130599" lon="1.342012">
        <ele>1.7</ele>
      </trkpt>
      <trkpt lat="41.130684" lon="1.34198">
        <ele>1.7</ele>
      </trkpt>
      <trkpt lat="41.130815" lon="1.341989">
        <ele>1.8</ele>
      </trkpt>
      <trkpt lat="41.130992" lon="1.342032">
        <ele>1.8</ele>
      </trkpt>
      <trkpt lat="41.131139" lon="1.342084">
        <ele>1.8</ele>
      </trkpt>
      <trkpt lat="41.131219" lon="1.34214">
        <ele>1.6</ele>
      </trkpt>
      <trkpt lat="41.13124" lon="1.342091">
        <ele>1.7</ele>
      </trkpt>
      <trkpt lat="41.131291" lon="1.342095">
        <ele>1.9</ele>
      </trkpt>
      <trkpt lat="41.131404" lon="1.342201">
        <ele>1.7</ele>
      </trkpt>
      <trkpt lat="41.131469" lon="1.342203">
        <ele>1.9</ele>
      </trkpt>
      <trkpt lat="41.131742" lon="1.342266">
        <ele>3.8</ele>
      </trkpt>
      <trkpt lat="41.131905" lon="1.34217">
        <ele>5.8</ele>
      </trkpt>
      <trkpt lat="41.131996" lon="1.342038">
        <ele>6.6</ele>
      </trkpt>
      <trkpt lat="41.132069" lon="1.34181">
        <ele>6.2</ele>
      </trkpt>
      <trkpt lat="41.132085" lon="1.341776">
        <ele>5.9</ele>
        <name>Camí de la Platja de la Mora, Tarragona, Tarragonès</name>
        <extensions>
          <oa:Extension>
            <oa:mapZoom>17</oa:mapZoom>
          </oa:Extension>
        </extensions>
      </trkpt>
      <trkpt lat="41.132138" lon="1.341663">
        <ele>5.2</ele>
      </trkpt>
      <trkpt lat="41.13215" lon="1.341567">
        <ele>4.8</ele>
      </trkpt>
      <trkpt lat="41.132156" lon="1.341516">
        <ele>4.6</ele>
      </trkpt>
      <trkpt lat="41.132133" lon="1.341444">
        <ele>4.8</ele>
      </trkpt>
      <trkpt lat="41.132067" lon="1.34139">
        <ele>5.5</ele>
      </trkpt>
      <trkpt lat="41.131864" lon="1.341291">
        <ele>8.0</ele>
      </trkpt>
      <trkpt lat="41.131672" lon="1.34101">
        <ele>10.1</ele>
      </trkpt>
      <trkpt lat="41.131608" lon="1.340948">
        <ele>10.9</ele>
      </trkpt>
      <trkpt lat="41.131366" lon="1.340883">
        <ele>13.6</ele>
      </trkpt>
      <trkpt lat="41.131308" lon="1.340834">
        <ele>14.5</ele>
      </trkpt>
      <trkpt lat="41.131114" lon="1.340585">
        <ele>18.7</ele>
      </trkpt>
      <trkpt lat="41.131013" lon="1.340494">
        <ele>20.4</ele>
      </trkpt>
      <trkpt lat="41.130803" lon="1.34036">
        <ele>22.2</ele>
      </trkpt>
      <trkpt lat="41.130677" lon="1.34031">
        <ele>23.7</ele>
      </trkpt>
      <trkpt lat="41.130408" lon="1.340323">
        <ele>26.4</ele>
      </trkpt>
      <trkpt lat="41.130327" lon="1.340306">
        <ele>28.4</ele>
      </trkpt>
      <trkpt lat="41.130236" lon="1.34038">
        <ele>28.7</ele>
      </trkpt>
      <trkpt lat="41.130092" lon="1.340586">
        <ele>28.7</ele>
      </trkpt>
      <trkpt lat="41.129881" lon="1.340824">
        <ele>30.2</ele>
      </trkpt>
      <trkpt lat="41.129761" lon="1.340929">
        <ele>31.6</ele>
      </trkpt>
      <trkpt lat="41.129551" lon="1.341239">
        <ele>33.0</ele>
      </trkpt>
      <trkpt lat="41.129341" lon="1.34155">
        <ele>33.7</ele>
      </trkpt>
      <trkpt lat="41.129093" lon="1.341822">
        <ele>32.1</ele>
      </trkpt>
      <trkpt lat="41.129034" lon="1.341873">
        <ele>31.8</ele>
      </trkpt>
      <trkpt lat="41.128822" lon="1.341993">
        <ele>32.0</ele>
      </trkpt>
      <trkpt lat="41.128569" lon="1.342236">
        <ele>34.4</ele>
      </trkpt>
      <trkpt lat="41.128499" lon="1.342275">
        <ele>34.5</ele>
      </trkpt>
      <trkpt lat="41.128431" lon="1.342285">
        <ele>34.7</ele>
      </trkpt>
      <trkpt lat="41.128394" lon="1.342252">
        <ele>34.3</ele>
      </trkpt>
      <trkpt lat="41.128115" lon="1.342254">
        <ele>35.8</ele>
      </trkpt>
      <trkpt lat="41.127849" lon="1.34218">
        <ele>37.3</ele>
      </trkpt>
      <trkpt lat="41.127583" lon="1.342106">
        <ele>37.8</ele>
      </trkpt>
      <trkpt lat="41.127314" lon="1.341932">
        <ele>35.3</ele>
      </trkpt>
      <trkpt lat="41.127045" lon="1.341758">
        <ele>33.3</ele>
      </trkpt>
      <trkpt lat="41.126945" lon="1.341663">
        <ele>32.4</ele>
      </trkpt>
      <trkpt lat="41.126831" lon="1.341496">
        <ele>30.5</ele>
      </trkpt>
      <trkpt lat="41.126798" lon="1.341389">
        <ele>29.5</ele>
      </trkpt>
      <trkpt lat="41.126799" lon="1.341381">
        <ele>29.5</ele>
        <name>Tarragona, Tarragonès</name>
        <extensions>
          <oa:Extension>
            <oa:mapZoom>17</oa:mapZoom>
          </oa:Extension>
        </extensions>
      </trkpt>
      <trkpt lat="41.126811" lon="1.341182">
        <ele>28.1</ele>
      </trkpt>
      <trkpt lat="41.126876" lon="1.340789">
        <ele>24.6</ele>
      </trkpt>
      <trkpt lat="41.126936" lon="1.34071">
        <ele>23.7</ele>
      </trkpt>
      <trkpt lat="41.127015" lon="1.340622">
        <ele>22.8</ele>
      </trkpt>
      <trkpt lat="41.127092" lon="1.340527">
        <ele>20.9</ele>
      </trkpt>
      <trkpt lat="41.127154" lon="1.340445">
        <ele>19.3</ele>
      </trkpt>
      <trkpt lat="41.127219" lon="1.340382">
        <ele>17.8</ele>
      </trkpt>
      <trkpt lat="41.12728" lon="1.340311">
        <ele>16.7</ele>
      </trkpt>
      <trkpt lat="41.127344" lon="1.340282">
        <ele>16.2</ele>
      </trkpt>
      <trkpt lat="41.127426" lon="1.340274">
        <ele>15.7</ele>
      </trkpt>
      <trkpt lat="41.127467" lon="1.340278">
        <ele>15.8</ele>
      </trkpt>
      <trkpt lat="41.127517" lon="1.340242">
        <ele>15.8</ele>
      </trkpt>
      <trkpt lat="41.127574" lon="1.340223">
        <ele>16.1</ele>
      </trkpt>
      <trkpt lat="41.12765" lon="1.340253">
        <ele>17.3</ele>
      </trkpt>
      <trkpt lat="41.127757" lon="1.340172">
        <ele>17.7</ele>
      </trkpt>
      <trkpt lat="41.127823" lon="1.340089">
        <ele>17.4</ele>
      </trkpt>
      <trkpt lat="41.127881" lon="1.340017">
        <ele>16.7</ele>
      </trkpt>
      <trkpt lat="41.127891" lon="1.339901">
        <ele>15.2</ele>
      </trkpt>
      <trkpt lat="41.127872" lon="1.339772">
        <ele>13.7</ele>
      </trkpt>
      <trkpt lat="41.127872" lon="1.339638">
        <ele>12.1</ele>
      </trkpt>
      <trkpt lat="41.127873" lon="1.3395">
        <ele>10.4</ele>
      </trkpt>
      <trkpt lat="41.127911" lon="1.339484">
        <ele>10.2</ele>
      </trkpt>
      <trkpt lat="41.127979" lon="1.339475">
        <ele>10.0</ele>
      </trkpt>
      <trkpt lat="41.128033" lon="1.339442">
        <ele>9.6</ele>
      </trkpt>
      <trkpt lat="41.128155" lon="1.33928">
        <ele>9.8</ele>
      </trkpt>
      <trkpt lat="41.128222" lon="1.339279">
        <ele>10.3</ele>
      </trkpt>
      <trkpt lat="41.128352" lon="1.339254">
        <ele>12.2</ele>
      </trkpt>
      <trkpt lat="41.128373" lon="1.33911">
        <ele>12.9</ele>
      </trkpt>
      <trkpt lat="41.128374" lon="1.338871">
        <ele>13.7</ele>
      </trkpt>
      <trkpt lat="41.128365" lon="1.338731">
        <ele>13.8</ele>
      </trkpt>
      <trkpt lat="41.12835" lon="1.33858">
        <ele>13.6</ele>
      </trkpt>
      <trkpt lat="41.128319" lon="1.338482">
        <ele>13.4</ele>
      </trkpt>
      <trkpt lat="41.128284" lon="1.338436">
        <ele>12.7</ele>
      </trkpt>
      <trkpt lat="41.128323" lon="1.338252">
        <ele>14.1</ele>
      </trkpt>
      <trkpt lat="41.128341" lon="1.33809">
        <ele>14.7</ele>
      </trkpt>
      <trkpt lat="41.12833" lon="1.337897">
        <ele>14.9</ele>
      </trkpt>
      <trkpt lat="41.128361" lon="1.337761">
        <ele>15.1</ele>
      </trkpt>
      <trkpt lat="41.128406" lon="1.337611">
        <ele>14.7</ele>
      </trkpt>
      <trkpt lat="41.128447" lon="1.337469">
        <ele>13.0</ele>
      </trkpt>
      <trkpt lat="41.128567" lon="1.337371">
        <ele>10.9</ele>
      </trkpt>
      <trkpt lat="41.128658" lon="1.337225">
        <ele>9.0</ele>
      </trkpt>
      <trkpt lat="41.12871" lon="1.337166">
        <ele>8.1</ele>
      </trkpt>
      <trkpt lat="41.128812" lon="1.337122">
        <ele>7.7</ele>
      </trkpt>
      <trkpt lat="41.128915" lon="1.336994">
        <ele>8.2</ele>
      </trkpt>
      <trkpt lat="41.128995" lon="1.336844">
        <ele>8.4</ele>
      </trkpt>
      <trkpt lat="41.129018" lon="1.336665">
        <ele>8.5</ele>
      </trkpt>
      <trkpt lat="41.12904" lon="1.33645">
        <ele>7.8</ele>
      </trkpt>
      <trkpt lat="41.129039" lon="1.336295">
        <ele>7.5</ele>
      </trkpt>
      <trkpt lat="41.129011" lon="1.336095">
        <ele>6.9</ele>
      </trkpt>
      <trkpt lat="41.129005" lon="1.336002">
        <ele>7.1</ele>
      </trkpt>
      <trkpt lat="41.129035" lon="1.335844">
        <ele>7.3</ele>
      </trkpt>
      <trkpt lat="41.129073" lon="1.33563">
        <ele>7.3</ele>
      </trkpt>
      <trkpt lat="41.12911" lon="1.33544">
        <ele>8.0</ele>
      </trkpt>
      <trkpt lat="41.129115" lon="1.335342">
        <ele>8.7</ele>
      </trkpt>
      <trkpt lat="41.129124" lon="1.335147">
        <ele>9.8</ele>
      </trkpt>
      <trkpt lat="41.129165" lon="1.334968">
        <ele>10.5</ele>
      </trkpt>
      <trkpt lat="41.129145" lon="1.334788">
        <ele>10.4</ele>
      </trkpt>
      <trkpt lat="41.129142" lon="1.334542">
        <ele>10.6</ele>
      </trkpt>
      <trkpt lat="41.129063" lon="1.334393">
        <ele>9.1</ele>
      </trkpt>
      <trkpt lat="41.12899" lon="1.334338">
        <ele>8.0</ele>
      </trkpt>
      <trkpt lat="41.128924" lon="1.334309">
        <ele>7.0</ele>
      </trkpt>
      <trkpt lat="41.128928" lon="1.334252">
        <ele>6.7</ele>
      </trkpt>
      <trkpt lat="41.128902" lon="1.33411">
        <ele>5.6</ele>
      </trkpt>
      <trkpt lat="41.128834" lon="1.333938">
        <ele>5.2</ele>
      </trkpt>
      <trkpt lat="41.128782" lon="1.333881">
        <ele>5.5</ele>
        <name>Bosc de la Marquesa, Tarragona, Tarragonès</name>
        <extensions>
          <oa:Extension>
            <oa:mapZoom>17</oa:mapZoom>
          </oa:Extension>
        </extensions>
      </trkpt>
      <trkpt lat="41.128699" lon="1.333791">
        <ele>5.9</ele>
      </trkpt>
      <trkpt lat="41.128618" lon="1.333662">
        <ele>7.4</ele>
      </trkpt>
      <trkpt lat="41.128615" lon="1.333479">
        <ele>10.1</ele>
      </trkpt>
      <trkpt lat="41.128562" lon="1.333405">
        <ele>11.1</ele>
      </trkpt>
      <trkpt lat="41.128489" lon="1.33326">
        <ele>13.4</ele>
      </trkpt>
      <trkpt lat="41.128501" lon="1.333045">
        <ele>15.6</ele>
      </trkpt>
      <trkpt lat="41.128521" lon="1.332869">
        <ele>17.5</ele>
      </trkpt>
      <trkpt lat="41.128479" lon="1.332701">
        <ele>18.6</ele>
      </trkpt>
      <trkpt lat="41.128427" lon="1.332619">
        <ele>19.2</ele>
      </trkpt>
      <trkpt lat="41.128532" lon="1.332431">
        <ele>20.6</ele>
      </trkpt>
      <trkpt lat="41.12861" lon="1.332338">
        <ele>21.3</ele>
      </trkpt>
      <trkpt lat="41.128655" lon="1.332203">
        <ele>22.7</ele>
      </trkpt>
      <trkpt lat="41.128656" lon="1.33209">
        <ele>23.2</ele>
      </trkpt>
      <trkpt lat="41.128677" lon="1.331808">
        <ele>24.1</ele>
      </trkpt>
      <trkpt lat="41.128709" lon="1.331643">
        <ele>24.2</ele>
      </trkpt>
      <trkpt lat="41.12887" lon="1.331404">
        <ele>24.7</ele>
      </trkpt>
      <trkpt lat="41.129008" lon="1.331106">
        <ele>24.9</ele>
      </trkpt>
      <trkpt lat="41.129034" lon="1.330962">
        <ele>24.6</ele>
      </trkpt>
      <trkpt lat="41.129047" lon="1.330516">
        <ele>25.7</ele>
      </trkpt>
      <trkpt lat="41.12897" lon="1.330374">
        <ele>25.5</ele>
      </trkpt>
      <trkpt lat="41.128984" lon="1.330306">
        <ele>25.6</ele>
      </trkpt>
      <trkpt lat="41.128992" lon="1.330169">
        <ele>26.0</ele>
      </trkpt>
      <trkpt lat="41.129018" lon="1.330028">
        <ele>25.9</ele>
      </trkpt>
      <trkpt lat="41.129131" lon="1.329753">
        <ele>26.0</ele>
      </trkpt>
      <trkpt lat="41.129083" lon="1.329682">
        <ele>26.2</ele>
      </trkpt>
      <trkpt lat="41.129289" lon="1.329392">
        <ele>25.3</ele>
      </trkpt>
      <trkpt lat="41.129382" lon="1.329237">
        <ele>24.4</ele>
      </trkpt>
      <trkpt lat="41.129455" lon="1.329049">
        <ele>22.9</ele>
      </trkpt>
      <trkpt lat="41.129521" lon="1.328651">
        <ele>20.4</ele>
      </trkpt>
      <trkpt lat="41.129468" lon="1.32824">
        <ele>18.8</ele>
      </trkpt>
      <trkpt lat="41.129445" lon="1.328146">
        <ele>18.8</ele>
      </trkpt>
      <trkpt lat="41.129388" lon="1.327907">
        <ele>18.8</ele>
      </trkpt>
      <trkpt lat="41.129209" lon="1.327679">
        <ele>20.1</ele>
      </trkpt>
      <trkpt lat="41.12896" lon="1.327468">
        <ele>22.7</ele>
      </trkpt>
      <trkpt lat="41.128918" lon="1.327177">
        <ele>22.4</ele>
      </trkpt>
      <trkpt lat="41.128803" lon="1.327028">
        <ele>22.5</ele>
      </trkpt>
      <trkpt lat="41.128725" lon="1.326927">
        <ele>22.3</ele>
      </trkpt>
      <trkpt lat="41.12855" lon="1.326604">
        <ele>22.4</ele>
      </trkpt>
      <trkpt lat="41.128426" lon="1.326422">
        <ele>21.4</ele>
      </trkpt>
      <trkpt lat="41.12836" lon="1.326053">
        <ele>20.6</ele>
      </trkpt>
      <trkpt lat="41.128342" lon="1.32581">
        <ele>19.3</ele>
      </trkpt>
      <trkpt lat="41.128336" lon="1.325727">
        <ele>18.6</ele>
      </trkpt>
      <trkpt lat="41.128336" lon="1.32552">
        <ele>17.1</ele>
      </trkpt>
      <trkpt lat="41.128334" lon="1.325239">
        <ele>14.5</ele>
      </trkpt>
      <trkpt lat="41.128303" lon="1.325219">
        <ele>13.8</ele>
      </trkpt>
      <trkpt lat="41.128271" lon="1.325101">
        <ele>12.8</ele>
      </trkpt>
      <trkpt lat="41.128279" lon="1.324967">
        <ele>12.3</ele>
      </trkpt>
      <trkpt lat="41.128363" lon="1.324614">
        <ele>9.5</ele>
      </trkpt>
      <trkpt lat="41.128428" lon="1.324269">
        <ele>7.8</ele>
      </trkpt>
      <trkpt lat="41.128502" lon="1.324137">
        <ele>8.2</ele>
      </trkpt>
      <trkpt lat="41.12843" lon="1.32388">
        <ele>4.8</ele>
      </trkpt>
      <trkpt lat="41.128473" lon="1.323727">
        <ele>4.9</ele>
      </trkpt>
      <trkpt lat="41.128517" lon="1.323704">
        <ele>4.7</ele>
      </trkpt>
      <trkpt lat="41.128659" lon="1.323628">
        <ele>4.4</ele>
      </trkpt>
      <trkpt lat="41.128753" lon="1.323407">
        <ele>2.2</ele>
      </trkpt>
      <trkpt lat="41.128811" lon="1.32337">
        <ele>2.1</ele>
      </trkpt>
      <trkpt lat="41.128899" lon="1.32334">
        <ele>2.0</ele>
      </trkpt>
      <trkpt lat="41.12895" lon="1.323335">
        <ele>1.8</ele>
      </trkpt>
      <trkpt lat="41.129037" lon="1.323314">
        <ele>1.2</ele>
      </trkpt>
      <trkpt lat="41.129128" lon="1.323322">
        <ele>0.8</ele>
      </trkpt>
      <trkpt lat="41.129218" lon="1.323331">
        <ele>1.0</ele>
      </trkpt>
      <trkpt lat="41.129332" lon="1.323062">
        <ele>1.1</ele>
      </trkpt>
      <trkpt lat="41.129426" lon="1.32284">
        <ele>1.3</ele>
        <name>Platja Llarga, Tarragona, Tarragonès</name>
        <extensions>
          <oa:Extension>
            <oa:mapZoom>17</oa:mapZoom>
          </oa:Extension>
        </extensions>
      </trkpt>
      <trkpt lat="41.129445" lon="1.322793">
        <ele>1.4</ele>
      </trkpt>
      <trkpt lat="41.129536" lon="1.322389">
        <ele>1.2</ele>
      </trkpt>
      <trkpt lat="41.129626" lon="1.321984">
        <ele>1.6</ele>
      </trkpt>
      <trkpt lat="41.12968" lon="1.321463">
        <ele>1.5</ele>
      </trkpt>
      <trkpt lat="41.129735" lon="1.320941">
        <ele>1.6</ele>
      </trkpt>
      <trkpt lat="41.129755" lon="1.320491">
        <ele>1.5</ele>
      </trkpt>
      <trkpt lat="41.129775" lon="1.32004">
        <ele>1.5</ele>
      </trkpt>
      <trkpt lat="41.129784" lon="1.31945">
        <ele>1.5</ele>
      </trkpt>
      <trkpt lat="41.129792" lon="1.318859">
        <ele>1.5</ele>
      </trkpt>
      <trkpt lat="41.129788" lon="1.318295">
        <ele>1.4</ele>
      </trkpt>
      <trkpt lat="41.129784" lon="1.317731">
        <ele>1.4</ele>
      </trkpt>
      <trkpt lat="41.12978" lon="1.317167">
        <ele>1.4</ele>
      </trkpt>
      <trkpt lat="41.129776" lon="1.316603">
        <ele>1.4</ele>
      </trkpt>
      <trkpt lat="41.129772" lon="1.316039">
        <ele>1.3</ele>
      </trkpt>
      <trkpt lat="41.129768" lon="1.315475">
        <ele>1.4</ele>
      </trkpt>
      <trkpt lat="41.129759" lon="1.314912">
        <ele>1.3</ele>
      </trkpt>
      <trkpt lat="41.12975" lon="1.314349">
        <ele>1.3</ele>
      </trkpt>
      <trkpt lat="41.129741" lon="1.313787">
        <ele>1.3</ele>
      </trkpt>
      <trkpt lat="41.129732" lon="1.313224">
        <ele>1.6</ele>
      </trkpt>
      <trkpt lat="41.129699" lon="1.312657">
        <ele>1.5</ele>
      </trkpt>
      <trkpt lat="41.129667" lon="1.312091">
        <ele>1.3</ele>
      </trkpt>
      <trkpt lat="41.129634" lon="1.311524">
        <ele>1.4</ele>
      </trkpt>
      <trkpt lat="41.129602" lon="1.310958">
        <ele>1.5</ele>
      </trkpt>
      <trkpt lat="41.129569" lon="1.310391">
        <ele>1.5</ele>
      </trkpt>
      <trkpt lat="41.129537" lon="1.309825">
        <ele>1.7</ele>
      </trkpt>
      <trkpt lat="41.129505" lon="1.309258">
        <ele>1.6</ele>
      </trkpt>
      <trkpt lat="41.129472" lon="1.308692">
        <ele>1.4</ele>
      </trkpt>
      <trkpt lat="41.12944" lon="1.308186">
        <ele>1.7</ele>
      </trkpt>
      <trkpt lat="41.129408" lon="1.307679">
        <ele>1.6</ele>
      </trkpt>
      <trkpt lat="41.129377" lon="1.307192">
        <ele>1.5</ele>
      </trkpt>
      <trkpt lat="41.129347" lon="1.306705">
        <ele>1.8</ele>
      </trkpt>
      <trkpt lat="41.129316" lon="1.306218">
        <ele>2.0</ele>
      </trkpt>
      <trkpt lat="41.129285" lon="1.305731">
        <ele>1.6</ele>
      </trkpt>
      <trkpt lat="41.129254" lon="1.305244">
        <ele>1.5</ele>
      </trkpt>
      <trkpt lat="41.129204" lon="1.304821">
        <ele>1.8</ele>
      </trkpt>
      <trkpt lat="41.129154" lon="1.304397">
        <ele>1.8</ele>
      </trkpt>
      <trkpt lat="41.129117" lon="1.304087">
        <ele>1.7</ele>
      </trkpt>
      <trkpt lat="41.12908" lon="1.303777">
        <ele>1.6</ele>
      </trkpt>
      <trkpt lat="41.129077" lon="1.30375">
        <ele>1.6</ele>
      </trkpt>
      <trkpt lat="41.129051" lon="1.303551">
        <ele>1.9</ele>
      </trkpt>
      <trkpt lat="41.128989" lon="1.303011">
        <ele>2.2</ele>
        <name>Platja Llarga, Tarragona, Tarragonès</name>
        <extensions>
          <oa:Extension>
            <oa:mapZoom>17</oa:mapZoom>
          </oa:Extension>
        </extensions>
      </trkpt>
      <trkpt lat="41.128984" lon="1.302968">
        <ele>2.2</ele>
      </trkpt>
      <trkpt lat="41.128946" lon="1.302679">
        <ele>2.0</ele>
      </trkpt>
      <trkpt lat="41.128905" lon="1.302378">
        <ele>2.1</ele>
      </trkpt>
      <trkpt lat="41.128864" lon="1.302076">
        <ele>1.9</ele>
      </trkpt>
      <trkpt lat="41.128824" lon="1.301786">
        <ele>1.7</ele>
      </trkpt>
      <trkpt lat="41.128717" lon="1.301275">
        <ele>1.6</ele>
      </trkpt>
      <trkpt lat="41.12861" lon="1.300765">
        <ele>1.7</ele>
      </trkpt>
      <trkpt lat="41.128502" lon="1.300217">
        <ele>1.8</ele>
      </trkpt>
      <trkpt lat="41.128393" lon="1.299669">
        <ele>1.8</ele>
      </trkpt>
      <trkpt lat="41.128285" lon="1.29912">
        <ele>1.7</ele>
      </trkpt>
      <trkpt lat="41.128167" lon="1.298565">
        <ele>1.7</ele>
      </trkpt>
      <trkpt lat="41.128048" lon="1.29801">
        <ele>1.8</ele>
      </trkpt>
      <trkpt lat="41.12793" lon="1.297454">
        <ele>1.6</ele>
      </trkpt>
      <trkpt lat="41.127809" lon="1.297001">
        <ele>1.7</ele>
      </trkpt>
      <trkpt lat="41.127688" lon="1.296548">
        <ele>1.5</ele>
      </trkpt>
      <trkpt lat="41.127567" lon="1.296095">
        <ele>1.8</ele>
      </trkpt>
      <trkpt lat="41.127426" lon="1.295675">
        <ele>1.5</ele>
      </trkpt>
      <trkpt lat="41.127284" lon="1.295255">
        <ele>1.5</ele>
      </trkpt>
      <trkpt lat="41.127142" lon="1.294834">
        <ele>1.3</ele>
      </trkpt>
      <trkpt lat="41.127" lon="1.294414">
        <ele>1.3</ele>
      </trkpt>
      <trkpt lat="41.126841" lon="1.294009">
        <ele>0.9</ele>
      </trkpt>
      <trkpt lat="41.126686" lon="1.293554">
        <ele>1.2</ele>
      </trkpt>
      <trkpt lat="41.126532" lon="1.293099">
        <ele>1.4</ele>
      </trkpt>
      <trkpt lat="41.126377" lon="1.292645">
        <ele>2.0</ele>
      </trkpt>
      <trkpt lat="41.126357" lon="1.292604">
        <ele>2.2</ele>
      </trkpt>
      <trkpt lat="41.126336" lon="1.292586">
        <ele>2.7</ele>
      </trkpt>
      <trkpt lat="41.126316" lon="1.292562">
        <ele>4.1</ele>
      </trkpt>
      <trkpt lat="41.126299" lon="1.292567">
        <ele>4.4</ele>
      </trkpt>
      <trkpt lat="41.126278" lon="1.292573">
        <ele>5.1</ele>
      </trkpt>
      <trkpt lat="41.126239" lon="1.292619">
        <ele>5.3</ele>
      </trkpt>
      <trkpt lat="41.126185" lon="1.292645">
        <ele>5.4</ele>
      </trkpt>
      <trkpt lat="41.126122" lon="1.292666">
        <ele>5.7</ele>
      </trkpt>
      <trkpt lat="41.126075" lon="1.292707">
        <ele>5.7</ele>
      </trkpt>
      <trkpt lat="41.126035" lon="1.292723">
        <ele>5.6</ele>
      </trkpt>
      <trkpt lat="41.125972" lon="1.292715">
        <ele>5.4</ele>
      </trkpt>
      <trkpt lat="41.125926" lon="1.292683">
        <ele>5.6</ele>
      </trkpt>
      <trkpt lat="41.125922" lon="1.292591">
        <ele>6.6</ele>
      </trkpt>
      <trkpt lat="41.125892" lon="1.29253">
        <ele>6.0</ele>
      </trkpt>
      <trkpt lat="41.125878" lon="1.292503">
        <ele>5.7</ele>
      </trkpt>
      <trkpt lat="41.125837" lon="1.292433">
        <ele>5.0</ele>
      </trkpt>
      <trkpt lat="41.125817" lon="1.29239">
        <ele>4.8</ele>
      </trkpt>
      <trkpt lat="41.125787" lon="1.292315">
        <ele>5.2</ele>
      </trkpt>
      <trkpt lat="41.125761" lon="1.292277">
        <ele>5.2</ele>
      </trkpt>
      <trkpt lat="41.125732" lon="1.292227">
        <ele>5.7</ele>
      </trkpt>
      <trkpt lat="41.125674" lon="1.292154">
        <ele>5.5</ele>
      </trkpt>
      <trkpt lat="41.125661" lon="1.292114">
        <ele>6.0</ele>
      </trkpt>
      <trkpt lat="41.125613" lon="1.292103">
        <ele>5.4</ele>
      </trkpt>
      <trkpt lat="41.125583" lon="1.292055">
        <ele>5.7</ele>
      </trkpt>
      <trkpt lat="41.125576" lon="1.292019">
        <ele>6.0</ele>
        <name>Tarragona, Tarragonès</name>
        <extensions>
          <oa:Extension>
            <oa:mapZoom>17</oa:mapZoom>
          </oa:Extension>
        </extensions>
      </trkpt>
      <trkpt lat="41.125565" lon="1.291961">
        <ele>6.4</ele>
      </trkpt>
      <trkpt lat="41.125556" lon="1.291881">
        <ele>6.7</ele>
      </trkpt>
      <trkpt lat="41.125546" lon="1.291819">
        <ele>6.6</ele>
      </trkpt>
      <trkpt lat="41.125536" lon="1.291717">
        <ele>6.9</ele>
      </trkpt>
      <trkpt lat="41.125526" lon="1.291628">
        <ele>7.1</ele>
      </trkpt>
      <trkpt lat="41.125516" lon="1.291535">
        <ele>7.3</ele>
      </trkpt>
      <trkpt lat="41.125512" lon="1.291454">
        <ele>7.6</ele>
      </trkpt>
      <trkpt lat="41.125475" lon="1.291358">
        <ele>6.9</ele>
      </trkpt>
      <trkpt lat="41.125439" lon="1.291234">
        <ele>5.0</ele>
      </trkpt>
      <trkpt lat="41.125427" lon="1.291192">
        <ele>4.3</ele>
      </trkpt>
      <trkpt lat="41.125401" lon="1.291092">
        <ele>3.7</ele>
      </trkpt>
      <trkpt lat="41.12537" lon="1.290974">
        <ele>1.9</ele>
      </trkpt>
      <trkpt lat="41.125164" lon="1.290597">
        <ele>2.6</ele>
      </trkpt>
      <trkpt lat="41.125116" lon="1.290527">
        <ele>4.2</ele>
      </trkpt>
      <trkpt lat="41.125112" lon="1.290371">
        <ele>5.0</ele>
      </trkpt>
      <trkpt lat="41.125104" lon="1.290252">
        <ele>5.6</ele>
      </trkpt>
      <trkpt lat="41.125041" lon="1.290228">
        <ele>6.5</ele>
      </trkpt>
      <trkpt lat="41.125005" lon="1.290187">
        <ele>7.3</ele>
      </trkpt>
      <trkpt lat="41.124983" lon="1.289966">
        <ele>9.3</ele>
      </trkpt>
      <trkpt lat="41.124918" lon="1.289924">
        <ele>10.6</ele>
      </trkpt>
      <trkpt lat="41.124862" lon="1.289897">
        <ele>11.4</ele>
      </trkpt>
      <trkpt lat="41.124812" lon="1.289801">
        <ele>12.5</ele>
      </trkpt>
      <trkpt lat="41.124781" lon="1.289728">
        <ele>13.3</ele>
      </trkpt>
      <trkpt lat="41.12473" lon="1.289592">
        <ele>14.4</ele>
      </trkpt>
      <trkpt lat="41.124693" lon="1.289551">
        <ele>15.1</ele>
      </trkpt>
      <trkpt lat="41.124612" lon="1.289594">
        <ele>15.1</ele>
      </trkpt>
      <trkpt lat="41.124575" lon="1.289601">
        <ele>15.2</ele>
      </trkpt>
      <trkpt lat="41.124538" lon="1.289589">
        <ele>15.2</ele>
      </trkpt>
      <trkpt lat="41.124524" lon="1.289539">
        <ele>15.4</ele>
      </trkpt>
      <trkpt lat="41.1245" lon="1.289472">
        <ele>15.7</ele>
      </trkpt>
      <trkpt lat="41.124433" lon="1.289389">
        <ele>15.8</ele>
      </trkpt>
      <trkpt lat="41.124376" lon="1.289346">
        <ele>15.8</ele>
      </trkpt>
      <trkpt lat="41.124326" lon="1.289285">
        <ele>15.5</ele>
      </trkpt>
      <trkpt lat="41.124243" lon="1.289263">
        <ele>15.0</ele>
      </trkpt>
      <trkpt lat="41.124186" lon="1.289231">
        <ele>14.9</ele>
      </trkpt>
      <trkpt lat="41.124168" lon="1.289169">
        <ele>14.6</ele>
      </trkpt>
      <trkpt lat="41.12413" lon="1.289132">
        <ele>14.3</ele>
      </trkpt>
      <trkpt lat="41.124116" lon="1.289086">
        <ele>14.2</ele>
      </trkpt>
      <trkpt lat="41.124069" lon="1.289016">
        <ele>13.6</ele>
      </trkpt>
      <trkpt lat="41.124051" lon="1.288952">
        <ele>13.6</ele>
      </trkpt>
      <trkpt lat="41.124021" lon="1.288877">
        <ele>13.5</ele>
      </trkpt>
      <trkpt lat="41.124003" lon="1.288783">
        <ele>13.3</ele>
      </trkpt>
      <trkpt lat="41.123958" lon="1.288662">
        <ele>12.5</ele>
      </trkpt>
      <trkpt lat="41.123922" lon="1.288603">
        <ele>12.0</ele>
      </trkpt>
      <trkpt lat="41.123869" lon="1.288552">
        <ele>11.6</ele>
      </trkpt>
      <trkpt lat="41.123837" lon="1.288531">
        <ele>11.6</ele>
      </trkpt>
      <trkpt lat="41.123819" lon="1.288491">
        <ele>11.4</ele>
      </trkpt>
      <trkpt lat="41.123926" lon="1.288428">
        <ele>11.8</ele>
      </trkpt>
      <trkpt lat="41.12399" lon="1.288338">
        <ele>11.8</ele>
      </trkpt>
      <trkpt lat="41.124131" lon="1.288246">
        <ele>11.9</ele>
      </trkpt>
      <trkpt lat="41.124202" lon="1.288134">
        <ele>11.8</ele>
      </trkpt>
      <trkpt lat="41.124239" lon="1.287989">
        <ele>10.9</ele>
      </trkpt>
      <trkpt lat="41.124323" lon="1.287776">
        <ele>11.8</ele>
      </trkpt>
      <trkpt lat="41.124301" lon="1.287712">
        <ele>11.6</ele>
      </trkpt>
      <trkpt lat="41.124381" lon="1.287478">
        <ele>12.9</ele>
      </trkpt>
      <trkpt lat="41.124279" lon="1.287263">
        <ele>10.3</ele>
      </trkpt>
      <trkpt lat="41.124201" lon="1.287197">
        <ele>8.4</ele>
      </trkpt>
      <trkpt lat="41.124098" lon="1.287161">
        <ele>6.6</ele>
      </trkpt>
      <trkpt lat="41.12407" lon="1.286967">
        <ele>5.4</ele>
      </trkpt>
      <trkpt lat="41.124015" lon="1.286937">
        <ele>4.9</ele>
      </trkpt>
      <trkpt lat="41.123999" lon="1.286897">
        <ele>5.2</ele>
      </trkpt>
      <trkpt lat="41.123966" lon="1.286779">
        <ele>6.2</ele>
      </trkpt>
      <trkpt lat="41.123902" lon="1.286677">
        <ele>6.8</ele>
      </trkpt>
      <trkpt lat="41.123825" lon="1.286608">
        <ele>6.6</ele>
      </trkpt>
      <trkpt lat="41.123776" lon="1.286522">
        <ele>6.5</ele>
      </trkpt>
      <trkpt lat="41.123704" lon="1.286446">
        <ele>5.7</ele>
      </trkpt>
      <trkpt lat="41.123692" lon="1.286329">
        <ele>5.7</ele>
      </trkpt>
      <trkpt lat="41.123685" lon="1.286288">
        <ele>5.8</ele>
      </trkpt>
      <trkpt lat="41.123667" lon="1.286184">
        <ele>6.0</ele>
      </trkpt>
      <trkpt lat="41.123615" lon="1.286119">
        <ele>5.2</ele>
      </trkpt>
      <trkpt lat="41.123582" lon="1.286001">
        <ele>5.0</ele>
      </trkpt>
      <trkpt lat="41.123505" lon="1.285841">
        <ele>4.6</ele>
      </trkpt>
      <trkpt lat="41.123445" lon="1.285685">
        <ele>4.0</ele>
      </trkpt>
      <trkpt lat="41.123388" lon="1.285551">
        <ele>4.8</ele>
      </trkpt>
      <trkpt lat="41.123356" lon="1.285342">
        <ele>3.6</ele>
      </trkpt>
      <trkpt lat="41.123393" lon="1.285267">
        <ele>4.2</ele>
      </trkpt>
      <trkpt lat="41.123437" lon="1.285091">
        <ele>4.2</ele>
      </trkpt>
      <trkpt lat="41.123442" lon="1.285072">
        <ele>4.3</ele>
      </trkpt>
      <trkpt lat="41.123425" lon="1.284911">
        <ele>4.9</ele>
      </trkpt>
      <trkpt lat="41.123346" lon="1.284715">
        <ele>3.2</ele>
      </trkpt>
      <trkpt lat="41.123193" lon="1.284274">
        <ele>3.7</ele>
      </trkpt>
      <trkpt lat="41.123091" lon="1.284015">
        <ele>4.4</ele>
      </trkpt>
      <trkpt lat="41.123045" lon="1.283888">
        <ele>4.5</ele>
      </trkpt>
      <trkpt lat="41.123018" lon="1.283828">
        <ele>4.9</ele>
      </trkpt>
      <trkpt lat="41.122925" lon="1.283622">
        <ele>4.4</ele>
      </trkpt>
      <trkpt lat="41.122797" lon="1.283247">
        <ele>4.7</ele>
      </trkpt>
      <trkpt lat="41.122694" lon="1.283342">
        <ele>3.1</ele>
      </trkpt>
      <trkpt lat="41.122621" lon="1.283462">
        <ele>2.4</ele>
      </trkpt>
      <trkpt lat="41.122534" lon="1.283532">
        <ele>1.9</ele>
      </trkpt>
      <trkpt lat="41.122454" lon="1.283594">
        <ele>1.8</ele>
      </trkpt>
      <trkpt lat="41.122401" lon="1.283642">
        <ele>2.0</ele>
      </trkpt>
      <trkpt lat="41.122317" lon="1.283787">
        <ele>2.1</ele>
      </trkpt>
      <trkpt lat="41.122278" lon="1.283861">
        <ele>2.1</ele>
      </trkpt>
      <trkpt lat="41.122243" lon="1.283893">
        <ele>2.3</ele>
      </trkpt>
      <trkpt lat="41.122115" lon="1.283965">
        <ele>2.4</ele>
      </trkpt>
      <trkpt lat="41.12207" lon="1.283982">
        <ele>2.9</ele>
      </trkpt>
      <trkpt lat="41.121995" lon="1.283992">
        <ele>3.8</ele>
      </trkpt>
      <trkpt lat="41.121903" lon="1.284002">
        <ele>4.5</ele>
      </trkpt>
      <trkpt lat="41.121826" lon="1.284016">
        <ele>4.8</ele>
      </trkpt>
      <trkpt lat="41.121736" lon="1.284013">
        <ele>4.9</ele>
      </trkpt>
      <trkpt lat="41.121717" lon="1.284005">
        <ele>4.9</ele>
      </trkpt>
      <trkpt lat="41.121697" lon="1.283987">
        <ele>5.0</ele>
      </trkpt>
      <trkpt lat="41.121664" lon="1.283944">
        <ele>5.4</ele>
      </trkpt>
      <trkpt lat="41.121637" lon="1.283923">
        <ele>5.9</ele>
      </trkpt>
      <trkpt lat="41.121597" lon="1.283895">
        <ele>6.4</ele>
      </trkpt>
      <trkpt lat="41.12156" lon="1.283879">
        <ele>6.5</ele>
      </trkpt>
      <trkpt lat="41.121493" lon="1.283851">
        <ele>6.3</ele>
      </trkpt>
      <trkpt lat="41.121442" lon="1.283823">
        <ele>6.3</ele>
      </trkpt>
      <trkpt lat="41.121406" lon="1.283781">
        <ele>7.0</ele>
      </trkpt>
      <trkpt lat="41.121373" lon="1.283731">
        <ele>8.2</ele>
      </trkpt>
      <trkpt lat="41.121337" lon="1.283674">
        <ele>8.4</ele>
      </trkpt>
      <trkpt lat="41.121318" lon="1.283644">
        <ele>8.4</ele>
      </trkpt>
      <trkpt lat="41.12126" lon="1.28353">
        <ele>8.9</ele>
      </trkpt>
      <trkpt lat="41.121182" lon="1.283357">
        <ele>9.4</ele>
      </trkpt>
      <trkpt lat="41.121137" lon="1.283266">
        <ele>9.3</ele>
      </trkpt>
      <trkpt lat="41.12111" lon="1.283217">
        <ele>9.0</ele>
      </trkpt>
      <trkpt lat="41.121109" lon="1.283171">
        <ele>8.9</ele>
      </trkpt>
      <trkpt lat="41.121112" lon="1.283068">
        <ele>8.2</ele>
      </trkpt>
      <trkpt lat="41.121105" lon="1.282981">
        <ele>6.8</ele>
      </trkpt>
      <trkpt lat="41.121085" lon="1.282883">
        <ele>4.4</ele>
      </trkpt>
      <trkpt lat="41.121079" lon="1.282814">
        <ele>5.7</ele>
      </trkpt>
      <trkpt lat="41.121089" lon="1.282773">
        <ele>7.8</ele>
      </trkpt>
      <trkpt lat="41.121114" lon="1.282727">
        <ele>10.1</ele>
      </trkpt>
      <trkpt lat="41.121104" lon="1.282691">
        <ele>10.3</ele>
      </trkpt>
      <trkpt lat="41.121088" lon="1.28253">
        <ele>9.3</ele>
      </trkpt>
      <trkpt lat="41.121079" lon="1.282469">
        <ele>10.3</ele>
      </trkpt>
      <trkpt lat="41.121061" lon="1.282417">
        <ele>11.0</ele>
      </trkpt>
      <trkpt lat="41.120998" lon="1.282316">
        <ele>10.8</ele>
      </trkpt>
      <trkpt lat="41.120915" lon="1.282188">
        <ele>10.0</ele>
      </trkpt>
      <trkpt lat="41.120862" lon="1.282121">
        <ele>10.9</ele>
      </trkpt>
      <trkpt lat="41.120816" lon="1.282077">
        <ele>10.5</ele>
      </trkpt>
      <trkpt lat="41.120789" lon="1.282055">
        <ele>10.6</ele>
      </trkpt>
      <trkpt lat="41.120758" lon="1.28204">
        <ele>10.6</ele>
      </trkpt>
      <trkpt lat="41.120726" lon="1.282032">
        <ele>10.3</ele>
      </trkpt>
      <trkpt lat="41.120684" lon="1.282045">
        <ele>10.0</ele>
      </trkpt>
      <trkpt lat="41.120631" lon="1.282074">
        <ele>10.2</ele>
      </trkpt>
      <trkpt lat="41.12053" lon="1.282128">
        <ele>10.3</ele>
      </trkpt>
      <trkpt lat="41.120496" lon="1.282149">
        <ele>10.6</ele>
      </trkpt>
      <trkpt lat="41.120481" lon="1.282154">
        <ele>10.7</ele>
      </trkpt>
      <trkpt lat="41.12044" lon="1.282129">
        <ele>10.8</ele>
      </trkpt>
      <trkpt lat="41.120368" lon="1.282089">
        <ele>10.2</ele>
      </trkpt>
      <trkpt lat="41.120246" lon="1.282025">
        <ele>10.7</ele>
      </trkpt>
      <trkpt lat="41.120213" lon="1.282002">
        <ele>11.2</ele>
      </trkpt>
      <trkpt lat="41.120202" lon="1.281985">
        <ele>10.7</ele>
      </trkpt>
      <trkpt lat="41.120123" lon="1.28165">
        <ele>10.9</ele>
      </trkpt>
      <trkpt lat="41.12008" lon="1.28136">
        <ele>9.7</ele>
      </trkpt>
      <trkpt lat="41.12008" lon="1.281283">
        <ele>9.6</ele>
      </trkpt>
      <trkpt lat="41.120101" lon="1.281213">
        <ele>9.7</ele>
      </trkpt>
      <trkpt lat="41.120116" lon="1.281138">
        <ele>9.6</ele>
      </trkpt>
      <trkpt lat="41.120143" lon="1.281039">
        <ele>6.9</ele>
      </trkpt>
      <trkpt lat="41.120199" lon="1.280849">
        <ele>7.1</ele>
      </trkpt>
      <trkpt lat="41.120216" lon="1.280739">
        <ele>6.9</ele>
      </trkpt>
      <trkpt lat="41.120207" lon="1.280562">
        <ele>5.9</ele>
      </trkpt>
      <trkpt lat="41.120219" lon="1.280503">
        <ele>6.4</ele>
      </trkpt>
      <trkpt lat="41.120237" lon="1.280426">
        <ele>7.4</ele>
      </trkpt>
      <trkpt lat="41.120238" lon="1.280423">
        <ele>7.5</ele>
        <name>Tarragona, Tarragonès</name>
        <extensions>
          <oa:Extension>
            <oa:mapZoom>17</oa:mapZoom>
          </oa:Extension>
        </extensions>
      </trkpt>
      <trkpt lat="41.120255" lon="1.280371">
        <ele>7.9</ele>
      </trkpt>
      <trkpt lat="41.120335" lon="1.280215">
        <ele>8.7</ele>
      </trkpt>
      <trkpt lat="41.120379" lon="1.280146">
        <ele>6.5</ele>
      </trkpt>
      <trkpt lat="41.120412" lon="1.280087">
        <ele>6.3</ele>
      </trkpt>
      <trkpt lat="41.120435" lon="1.280044">
        <ele>7.0</ele>
      </trkpt>
      <trkpt lat="41.120441" lon="1.280009">
        <ele>6.9</ele>
      </trkpt>
      <trkpt lat="41.120428" lon="1.27997">
        <ele>6.5</ele>
      </trkpt>
      <trkpt lat="41.12041" lon="1.279929">
        <ele>6.3</ele>
      </trkpt>
      <trkpt lat="41.120396" lon="1.279887">
        <ele>6.3</ele>
      </trkpt>
      <trkpt lat="41.120394" lon="1.279857">
        <ele>6.1</ele>
      </trkpt>
      <trkpt lat="41.120402" lon="1.279811">
        <ele>5.4</ele>
      </trkpt>
      <trkpt lat="41.120436" lon="1.279705">
        <ele>4.7</ele>
      </trkpt>
      <trkpt lat="41.120491" lon="1.279566">
        <ele>2.3</ele>
      </trkpt>
      <trkpt lat="41.120521" lon="1.279493">
        <ele>1.6</ele>
      </trkpt>
      <trkpt lat="41.120783" lon="1.279338">
        <ele>1.6</ele>
      </trkpt>
      <trkpt lat="41.121045" lon="1.279183">
        <ele>2.8</ele>
      </trkpt>
      <trkpt lat="41.120917" lon="1.278834">
        <ele>3.2</ele>
      </trkpt>
      <trkpt lat="41.120788" lon="1.278486">
        <ele>2.9</ele>
      </trkpt>
      <trkpt lat="41.120649" lon="1.278107">
        <ele>2.6</ele>
      </trkpt>
      <trkpt lat="41.120509" lon="1.277728">
        <ele>2.5</ele>
      </trkpt>
      <trkpt lat="41.120494" lon="1.277686">
        <ele>2.4</ele>
      </trkpt>
      <trkpt lat="41.120447" lon="1.277561">
        <ele>2.3</ele>
      </trkpt>
      <trkpt lat="41.12041" lon="1.277495">
        <ele>2.0</ele>
      </trkpt>
      <trkpt lat="41.120319" lon="1.277421">
        <ele>1.5</ele>
      </trkpt>
      <trkpt lat="41.12027" lon="1.277356">
        <ele>1.4</ele>
      </trkpt>
      <trkpt lat="41.120239" lon="1.277281">
        <ele>1.4</ele>
      </trkpt>
      <trkpt lat="41.120225" lon="1.277188">
        <ele>1.7</ele>
      </trkpt>
      <trkpt lat="41.120225" lon="1.277058">
        <ele>2.6</ele>
      </trkpt>
      <trkpt lat="41.120214" lon="1.276962">
        <ele>2.9</ele>
      </trkpt>
      <trkpt lat="41.12016" lon="1.276824">
        <ele>3.1</ele>
      </trkpt>
      <trkpt lat="41.119996" lon="1.276406">
        <ele>3.3</ele>
      </trkpt>
      <trkpt lat="41.119832" lon="1.275987">
        <ele>3.4</ele>
      </trkpt>
      <trkpt lat="41.119668" lon="1.275569">
        <ele>3.8</ele>
      </trkpt>
      <trkpt lat="41.119613" lon="1.27543">
        <ele>3.8</ele>
      </trkpt>
      <trkpt lat="41.119461" lon="1.275027">
        <ele>3.5</ele>
      </trkpt>
      <trkpt lat="41.119382" lon="1.274837">
        <ele>3.4</ele>
      </trkpt>
      <trkpt lat="41.1193" lon="1.274683">
        <ele>3.3</ele>
      </trkpt>
      <trkpt lat="41.119225" lon="1.27454">
        <ele>3.2</ele>
      </trkpt>
      <trkpt lat="41.119155" lon="1.274416">
        <ele>3.2</ele>
      </trkpt>
      <trkpt lat="41.119078" lon="1.274304">
        <ele>3.2</ele>
      </trkpt>
      <trkpt lat="41.118994" lon="1.274211">
        <ele>3.3</ele>
      </trkpt>
      <trkpt lat="41.118901" lon="1.274087">
        <ele>3.5</ele>
      </trkpt>
      <trkpt lat="41.118826" lon="1.273997">
        <ele>3.7</ele>
      </trkpt>
      <trkpt lat="41.11875" lon="1.273922">
        <ele>3.8</ele>
      </trkpt>
      <trkpt lat="41.118725" lon="1.273898">
        <ele>3.7</ele>
      </trkpt>
      <trkpt lat="41.118613" lon="1.273789">
        <ele>4.3</ele>
      </trkpt>
      <trkpt lat="41.118494" lon="1.273706">
        <ele>4.7</ele>
      </trkpt>
      <trkpt lat="41.118375" lon="1.273634">
        <ele>4.6</ele>
      </trkpt>
      <trkpt lat="41.118265" lon="1.273585">
        <ele>5.0</ele>
      </trkpt>
      <trkpt lat="41.118111" lon="1.273547">
        <ele>5.4</ele>
      </trkpt>
      <trkpt lat="41.117952" lon="1.273529">
        <ele>6.3</ele>
      </trkpt>
      <trkpt lat="41.117854" lon="1.273557">
        <ele>6.9</ele>
      </trkpt>
      <trkpt lat="41.117768" lon="1.273611">
        <ele>7.2</ele>
      </trkpt>
      <trkpt lat="41.117753" lon="1.273668">
        <ele>7.0</ele>
      </trkpt>
      <trkpt lat="41.117721" lon="1.273695">
        <ele>6.8</ele>
      </trkpt>
      <trkpt lat="41.117613" lon="1.273773">
        <ele>6.7</ele>
      </trkpt>
      <trkpt lat="41.117591" lon="1.273787">
        <ele>6.7</ele>
      </trkpt>
      <trkpt lat="41.117572" lon="1.273792">
        <ele>6.8</ele>
      </trkpt>
      <trkpt lat="41.11755" lon="1.273787">
        <ele>7.0</ele>
      </trkpt>
      <trkpt lat="41.117519" lon="1.273798">
        <ele>6.8</ele>
      </trkpt>
      <trkpt lat="41.117471" lon="1.27385">
        <ele>5.9</ele>
      </trkpt>
      <trkpt lat="41.117434" lon="1.273881">
        <ele>5.6</ele>
      </trkpt>
      <trkpt lat="41.117399" lon="1.273932">
        <ele>5.0</ele>
      </trkpt>
      <trkpt lat="41.117372" lon="1.273947">
        <ele>5.1</ele>
      </trkpt>
      <trkpt lat="41.117357" lon="1.273963">
        <ele>5.0</ele>
      </trkpt>
      <trkpt lat="41.117316" lon="1.274046">
        <ele>5.1</ele>
      </trkpt>
      <trkpt lat="41.117266" lon="1.274125">
        <ele>5.1</ele>
      </trkpt>
      <trkpt lat="41.117213" lon="1.274176">
        <ele>2.7</ele>
      </trkpt>
      <trkpt lat="41.117189" lon="1.274191">
        <ele>3.8</ele>
      </trkpt>
      <trkpt lat="41.117162" lon="1.274201">
        <ele>5.5</ele>
      </trkpt>
      <trkpt lat="41.117132" lon="1.274197">
        <ele>7.0</ele>
      </trkpt>
      <trkpt lat="41.117109" lon="1.274201">
        <ele>7.3</ele>
      </trkpt>
      <trkpt lat="41.117091" lon="1.274227">
        <ele>7.3</ele>
      </trkpt>
      <trkpt lat="41.117014" lon="1.274313">
        <ele>6.4</ele>
      </trkpt>
      <trkpt lat="41.116911" lon="1.274377">
        <ele>5.9</ele>
      </trkpt>
      <trkpt lat="41.116824" lon="1.274407">
        <ele>5.7</ele>
      </trkpt>
      <trkpt lat="41.11677" lon="1.274416">
        <ele>5.8</ele>
      </trkpt>
      <trkpt lat="41.116706" lon="1.27441">
        <ele>6.0</ele>
      </trkpt>
      <trkpt lat="41.116638" lon="1.274394">
        <ele>6.5</ele>
      </trkpt>
      <trkpt lat="41.116587" lon="1.274404">
        <ele>7.2</ele>
      </trkpt>
      <trkpt lat="41.116519" lon="1.274423">
        <ele>7.9</ele>
      </trkpt>
      <trkpt lat="41.116427" lon="1.274433">
        <ele>8.2</ele>
      </trkpt>
      <trkpt lat="41.116324" lon="1.274438">
        <ele>8.1</ele>
      </trkpt>
      <trkpt lat="41.116268" lon="1.274442">
        <ele>6.8</ele>
      </trkpt>
      <trkpt lat="41.11623" lon="1.274427">
        <ele>6.2</ele>
      </trkpt>
      <trkpt lat="41.116205" lon="1.274404">
        <ele>6.1</ele>
      </trkpt>
      <trkpt lat="41.11615" lon="1.274359">
        <ele>5.9</ele>
      </trkpt>
      <trkpt lat="41.116107" lon="1.274355">
        <ele>5.2</ele>
      </trkpt>
      <trkpt lat="41.116049" lon="1.274361">
        <ele>5.0</ele>
      </trkpt>
      <trkpt lat="41.115989" lon="1.274372">
        <ele>5.3</ele>
      </trkpt>
      <trkpt lat="41.115936" lon="1.274357">
        <ele>6.0</ele>
      </trkpt>
      <trkpt lat="41.115843" lon="1.274284">
        <ele>6.4</ele>
      </trkpt>
      <trkpt lat="41.115761" lon="1.27423">
        <ele>6.3</ele>
      </trkpt>
      <trkpt lat="41.115715" lon="1.274201">
        <ele>6.2</ele>
      </trkpt>
      <trkpt lat="41.115691" lon="1.274184">
        <ele>6.1</ele>
      </trkpt>
      <trkpt lat="41.115673" lon="1.274153">
        <ele>6.1</ele>
      </trkpt>
      <trkpt lat="41.115655" lon="1.274108">
        <ele>6.5</ele>
      </trkpt>
      <trkpt lat="41.115646" lon="1.274083">
        <ele>6.4</ele>
      </trkpt>
      <trkpt lat="41.115625" lon="1.274027">
        <ele>5.5</ele>
      </trkpt>
      <trkpt lat="41.115592" lon="1.273949">
        <ele>4.5</ele>
      </trkpt>
      <trkpt lat="41.115566" lon="1.273892">
        <ele>4.6</ele>
      </trkpt>
      <trkpt lat="41.115536" lon="1.273832">
        <ele>4.7</ele>
      </trkpt>
      <trkpt lat="41.115503" lon="1.273776">
        <ele>4.9</ele>
      </trkpt>
      <trkpt lat="41.115457" lon="1.273713">
        <ele>4.8</ele>
      </trkpt>
      <trkpt lat="41.115414" lon="1.273651">
        <ele>4.6</ele>
      </trkpt>
      <trkpt lat="41.115383" lon="1.273599">
        <ele>4.8</ele>
      </trkpt>
      <trkpt lat="41.115358" lon="1.273538">
        <ele>5.1</ele>
      </trkpt>
      <trkpt lat="41.115342" lon="1.273475">
        <ele>5.5</ele>
      </trkpt>
      <trkpt lat="41.115333" lon="1.273425">
        <ele>6.0</ele>
      </trkpt>
      <trkpt lat="41.115307" lon="1.273379">
        <ele>5.9</ele>
      </trkpt>
      <trkpt lat="41.115276" lon="1.273343">
        <ele>5.8</ele>
      </trkpt>
      <trkpt lat="41.115239" lon="1.273296">
        <ele>5.6</ele>
      </trkpt>
      <trkpt lat="41.115201" lon="1.273225">
        <ele>5.5</ele>
      </trkpt>
      <trkpt lat="41.115175" lon="1.273144">
        <ele>6.3</ele>
      </trkpt>
      <trkpt lat="41.115165" lon="1.273093">
        <ele>6.6</ele>
      </trkpt>
      <trkpt lat="41.115165" lon="1.273084">
        <ele>6.7</ele>
        <name>Tarragona, Tarragonès</name>
        <extensions>
          <oa:Extension>
            <oa:mapZoom>17</oa:mapZoom>
          </oa:Extension>
        </extensions>
      </trkpt>
      <trkpt lat="41.115165" lon="1.273022">
        <ele>7.2</ele>
      </trkpt>
      <trkpt lat="41.115168" lon="1.272967">
        <ele>7.8</ele>
      </trkpt>
      <trkpt lat="41.115165" lon="1.272917">
        <ele>8.3</ele>
      </trkpt>
      <trkpt lat="41.115151" lon="1.272886">
        <ele>8.3</ele>
      </trkpt>
      <trkpt lat="41.115125" lon="1.272846">
        <ele>8.3</ele>
      </trkpt>
      <trkpt lat="41.115107" lon="1.272829">
        <ele>8.1</ele>
      </trkpt>
      <trkpt lat="41.115079" lon="1.272816">
        <ele>7.7</ele>
      </trkpt>
      <trkpt lat="41.115042" lon="1.272808">
        <ele>7.2</ele>
      </trkpt>
      <trkpt lat="41.115013" lon="1.272786">
        <ele>6.7</ele>
      </trkpt>
      <trkpt lat="41.114987" lon="1.272709">
        <ele>6.6</ele>
      </trkpt>
      <trkpt lat="41.114979" lon="1.272628">
        <ele>6.8</ele>
      </trkpt>
      <trkpt lat="41.114974" lon="1.272563">
        <ele>7.5</ele>
      </trkpt>
      <trkpt lat="41.114967" lon="1.272471">
        <ele>7.5</ele>
      </trkpt>
      <trkpt lat="41.114967" lon="1.272401">
        <ele>8.1</ele>
      </trkpt>
      <trkpt lat="41.114965" lon="1.272275">
        <ele>9.0</ele>
      </trkpt>
      <trkpt lat="41.114954" lon="1.27222">
        <ele>8.7</ele>
      </trkpt>
      <trkpt lat="41.114937" lon="1.272167">
        <ele>8.4</ele>
      </trkpt>
      <trkpt lat="41.1149" lon="1.272092">
        <ele>7.8</ele>
      </trkpt>
      <trkpt lat="41.114836" lon="1.271965">
        <ele>7.0</ele>
      </trkpt>
      <trkpt lat="41.114742" lon="1.271793">
        <ele>4.8</ele>
      </trkpt>
      <trkpt lat="41.114665" lon="1.271667">
        <ele>7.2</ele>
      </trkpt>
      <trkpt lat="41.114617" lon="1.271614">
        <ele>8.0</ele>
      </trkpt>
      <trkpt lat="41.114578" lon="1.271581">
        <ele>8.1</ele>
      </trkpt>
      <trkpt lat="41.114542" lon="1.271557">
        <ele>7.6</ele>
      </trkpt>
      <trkpt lat="41.114521" lon="1.271551">
        <ele>7.2</ele>
      </trkpt>
      <trkpt lat="41.114509" lon="1.271558">
        <ele>6.5</ele>
      </trkpt>
      <trkpt lat="41.114485" lon="1.271564">
        <ele>5.4</ele>
      </trkpt>
      <trkpt lat="41.11445" lon="1.271568">
        <ele>5.1</ele>
      </trkpt>
      <trkpt lat="41.114428" lon="1.271553">
        <ele>6.3</ele>
      </trkpt>
      <trkpt lat="41.114393" lon="1.27154">
        <ele>7.8</ele>
      </trkpt>
      <trkpt lat="41.114326" lon="1.27152">
        <ele>6.8</ele>
      </trkpt>
      <trkpt lat="41.114268" lon="1.271499">
        <ele>5.9</ele>
      </trkpt>
      <trkpt lat="41.114181" lon="1.271471">
        <ele>5.9</ele>
      </trkpt>
      <trkpt lat="41.114149" lon="1.271458">
        <ele>6.3</ele>
      </trkpt>
      <trkpt lat="41.114105" lon="1.271473">
        <ele>6.1</ele>
      </trkpt>
      <trkpt lat="41.114069" lon="1.271481">
        <ele>6.4</ele>
      </trkpt>
      <trkpt lat="41.114025" lon="1.271472">
        <ele>7.0</ele>
      </trkpt>
      <trkpt lat="41.113966" lon="1.27145">
        <ele>7.3</ele>
      </trkpt>
      <trkpt lat="41.113908" lon="1.271408">
        <ele>6.9</ele>
      </trkpt>
      <trkpt lat="41.113853" lon="1.271332">
        <ele>7.2</ele>
      </trkpt>
      <trkpt lat="41.113796" lon="1.271268">
        <ele>7.0</ele>
      </trkpt>
      <trkpt lat="41.113753" lon="1.271225">
        <ele>7.7</ele>
      </trkpt>
      <trkpt lat="41.113686" lon="1.271109">
        <ele>9.5</ele>
      </trkpt>
      <trkpt lat="41.113633" lon="1.270993">
        <ele>11.1</ele>
      </trkpt>
      <trkpt lat="41.113602" lon="1.270925">
        <ele>11.7</ele>
      </trkpt>
      <trkpt lat="41.11355" lon="1.27079">
        <ele>12.5</ele>
      </trkpt>
      <trkpt lat="41.113504" lon="1.270664">
        <ele>12.6</ele>
      </trkpt>
      <trkpt lat="41.11348" lon="1.270643">
        <ele>11.9</ele>
      </trkpt>
      <trkpt lat="41.113441" lon="1.270635">
        <ele>9.8</ele>
      </trkpt>
      <trkpt lat="41.113412" lon="1.270606">
        <ele>8.9</ele>
      </trkpt>
      <trkpt lat="41.113386" lon="1.27054">
        <ele>9.1</ele>
      </trkpt>
      <trkpt lat="41.11336" lon="1.270488">
        <ele>9.0</ele>
      </trkpt>
      <trkpt lat="41.113328" lon="1.270454">
        <ele>8.9</ele>
      </trkpt>
      <trkpt lat="41.113267" lon="1.270356">
        <ele>9.8</ele>
      </trkpt>
      <trkpt lat="41.113243" lon="1.270257">
        <ele>10.3</ele>
      </trkpt>
      <trkpt lat="41.113231" lon="1.27019">
        <ele>9.8</ele>
      </trkpt>
      <trkpt lat="41.11322" lon="1.270107">
        <ele>9.6</ele>
      </trkpt>
      <trkpt lat="41.113215" lon="1.269901">
        <ele>8.0</ele>
      </trkpt>
      <trkpt lat="41.113224" lon="1.269899">
        <ele>8.1</ele>
      </trkpt>
      <trkpt lat="41.11324" lon="1.26989">
        <ele>8.2</ele>
      </trkpt>
      <trkpt lat="41.113252" lon="1.26986">
        <ele>7.5</ele>
      </trkpt>
      <trkpt lat="41.113278" lon="1.269813">
        <ele>6.7</ele>
      </trkpt>
      <trkpt lat="41.11332" lon="1.269767">
        <ele>6.7</ele>
      </trkpt>
      <trkpt lat="41.113344" lon="1.269742">
        <ele>6.4</ele>
      </trkpt>
      <trkpt lat="41.113384" lon="1.269716">
        <ele>6.1</ele>
      </trkpt>
      <trkpt lat="41.113448" lon="1.26967">
        <ele>5.9</ele>
      </trkpt>
      <trkpt lat="41.113509" lon="1.269611">
        <ele>5.2</ele>
      </trkpt>
      <trkpt lat="41.113559" lon="1.269567">
        <ele>5.6</ele>
      </trkpt>
      <trkpt lat="41.11362" lon="1.269526">
        <ele>6.0</ele>
      </trkpt>
      <trkpt lat="41.113652" lon="1.26949">
        <ele>6.0</ele>
      </trkpt>
      <trkpt lat="41.113677" lon="1.26947">
        <ele>5.8</ele>
      </trkpt>
      <trkpt lat="41.113695" lon="1.269463">
        <ele>5.9</ele>
      </trkpt>
      <trkpt lat="41.113738" lon="1.269456">
        <ele>6.6</ele>
      </trkpt>
      <trkpt lat="41.113773" lon="1.26944">
        <ele>6.6</ele>
      </trkpt>
      <trkpt lat="41.113802" lon="1.269426">
        <ele>6.3</ele>
      </trkpt>
      <trkpt lat="41.113819" lon="1.269416">
        <ele>5.7</ele>
      </trkpt>
      <trkpt lat="41.113838" lon="1.269396">
        <ele>4.6</ele>
      </trkpt>
      <trkpt lat="41.113851" lon="1.269375">
        <ele>3.4</ele>
      </trkpt>
      <trkpt lat="41.113855" lon="1.269367">
        <ele>3.0</ele>
      </trkpt>
      <trkpt lat="41.113898" lon="1.269249">
        <ele>1.8</ele>
      </trkpt>
      <trkpt lat="41.113929" lon="1.269163">
        <ele>5.0</ele>
      </trkpt>
      <trkpt lat="41.113954" lon="1.269089">
        <ele>7.1</ele>
      </trkpt>
      <trkpt lat="41.113972" lon="1.269006">
        <ele>8.6</ele>
      </trkpt>
      <trkpt lat="41.113973" lon="1.268961">
        <ele>9.2</ele>
      </trkpt>
      <trkpt lat="41.113965" lon="1.26892">
        <ele>9.6</ele>
      </trkpt>
      <trkpt lat="41.113953" lon="1.268857">
        <ele>9.6</ele>
      </trkpt>
      <trkpt lat="41.113942" lon="1.268787">
        <ele>9.5</ele>
      </trkpt>
      <trkpt lat="41.113947" lon="1.268735">
        <ele>9.5</ele>
      </trkpt>
      <trkpt lat="41.113952" lon="1.268709">
        <ele>9.4</ele>
      </trkpt>
      <trkpt lat="41.11395" lon="1.268675">
        <ele>9.3</ele>
      </trkpt>
      <trkpt lat="41.113926" lon="1.268616">
        <ele>8.8</ele>
      </trkpt>
      <trkpt lat="41.113899" lon="1.268547">
        <ele>8.1</ele>
      </trkpt>
      <trkpt lat="41.113888" lon="1.2685">
        <ele>7.5</ele>
      </trkpt>
      <trkpt lat="41.113889" lon="1.268454">
        <ele>7.4</ele>
      </trkpt>
      <trkpt lat="41.113886" lon="1.268391">
        <ele>7.2</ele>
      </trkpt>
      <trkpt lat="41.113878" lon="1.268352">
        <ele>6.9</ele>
      </trkpt>
      <trkpt lat="41.113856" lon="1.268306">
        <ele>6.3</ele>
      </trkpt>
      <trkpt lat="41.113823" lon="1.268254">
        <ele>5.5</ele>
      </trkpt>
      <trkpt lat="41.11381" lon="1.268197">
        <ele>4.7</ele>
      </trkpt>
      <trkpt lat="41.113802" lon="1.268164">
        <ele>4.1</ele>
      </trkpt>
      <trkpt lat="41.113788" lon="1.268135">
        <ele>3.5</ele>
      </trkpt>
      <trkpt lat="41.113754" lon="1.2681">
        <ele>3.3</ele>
      </trkpt>
      <trkpt lat="41.113726" lon="1.268065">
        <ele>4.1</ele>
      </trkpt>
      <trkpt lat="41.113675" lon="1.268009">
        <ele>4.9</ele>
      </trkpt>
      <trkpt lat="41.113636" lon="1.267975">
        <ele>4.4</ele>
      </trkpt>
      <trkpt lat="41.113602" lon="1.267958">
        <ele>4.2</ele>
      </trkpt>
      <trkpt lat="41.113575" lon="1.267907">
        <ele>4.4</ele>
      </trkpt>
      <trkpt lat="41.113558" lon="1.267854">
        <ele>4.7</ele>
      </trkpt>
      <trkpt lat="41.113533" lon="1.267812">
        <ele>4.8</ele>
      </trkpt>
      <trkpt lat="41.113507" lon="1.267777">
        <ele>5.3</ele>
      </trkpt>
      <trkpt lat="41.113472" lon="1.267734">
        <ele>5.7</ele>
      </trkpt>
      <trkpt lat="41.113425" lon="1.267696">
        <ele>5.9</ele>
      </trkpt>
      <trkpt lat="41.113381" lon="1.267681">
        <ele>6.4</ele>
      </trkpt>
      <trkpt lat="41.113349" lon="1.26767">
        <ele>6.8</ele>
      </trkpt>
      <trkpt lat="41.11333" lon="1.267648">
        <ele>7.4</ele>
      </trkpt>
      <trkpt lat="41.113281" lon="1.267592">
        <ele>8.2</ele>
      </trkpt>
      <trkpt lat="41.113203" lon="1.267503">
        <ele>9.2</ele>
      </trkpt>
      <trkpt lat="41.113169" lon="1.267462">
        <ele>8.2</ele>
      </trkpt>
      <trkpt lat="41.113152" lon="1.26742">
        <ele>9.0</ele>
      </trkpt>
      <trkpt lat="41.11314" lon="1.26738">
        <ele>10.6</ele>
      </trkpt>
      <trkpt lat="41.11314" lon="1.267341">
        <ele>10.2</ele>
      </trkpt>
      <trkpt lat="41.11316" lon="1.267314">
        <ele>11.2</ele>
      </trkpt>
      <trkpt lat="41.113198" lon="1.267265">
        <ele>10.8</ele>
      </trkpt>
      <trkpt lat="41.113253" lon="1.267205">
        <ele>12.7</ele>
      </trkpt>
      <trkpt lat="41.11333" lon="1.267133">
        <ele>12.8</ele>
      </trkpt>
      <trkpt lat="41.113395" lon="1.267072">
        <ele>12.9</ele>
      </trkpt>
      <trkpt lat="41.113527" lon="1.266932">
        <ele>12.9</ele>
      </trkpt>
      <trkpt lat="41.113656" lon="1.26675">
        <ele>12.7</ele>
      </trkpt>
      <trkpt lat="41.113776" lon="1.266589">
        <ele>13.0</ele>
      </trkpt>
      <trkpt lat="41.113862" lon="1.266483">
        <ele>13.0</ele>
      </trkpt>
      <trkpt lat="41.113824" lon="1.266386">
        <ele>12.5</ele>
      </trkpt>
      <trkpt lat="41.113798" lon="1.266281">
        <ele>12.0</ele>
      </trkpt>
      <trkpt lat="41.113886" lon="1.266248">
        <ele>11.9</ele>
      </trkpt>
      <trkpt lat="41.113901" lon="1.266243">
        <ele>11.9</ele>
      </trkpt>
      <trkpt lat="41.113899" lon="1.266202">
        <ele>11.7</ele>
      </trkpt>
      <trkpt lat="41.113911" lon="1.266122">
        <ele>11.4</ele>
      </trkpt>
      <trkpt lat="41.113928" lon="1.266058">
        <ele>11.1</ele>
      </trkpt>
      <trkpt lat="41.113961" lon="1.265964">
        <ele>10.8</ele>
      </trkpt>
      <trkpt lat="41.114008" lon="1.26588">
        <ele>10.5</ele>
      </trkpt>
      <trkpt lat="41.114136" lon="1.265665">
        <ele>10.0</ele>
      </trkpt>
      <trkpt lat="41.114383" lon="1.265217">
        <ele>8.8</ele>
      </trkpt>
      <trkpt lat="41.114547" lon="1.264881">
        <ele>7.7</ele>
      </trkpt>
      <trkpt lat="41.11459" lon="1.264794">
        <ele>7.4</ele>
      </trkpt>
      <trkpt lat="41.114588" lon="1.264704">
        <ele>6.9</ele>
      </trkpt>
      <trkpt lat="41.114582" lon="1.26447">
        <ele>2.7</ele>
      </trkpt>
      <trkpt lat="41.114572" lon="1.264177">
        <ele>3.1</ele>
      </trkpt>
      <trkpt lat="41.114563" lon="1.263804">
        <ele>2.9</ele>
      </trkpt>
      <trkpt lat="41.114553" lon="1.263431">
        <ele>2.8</ele>
      </trkpt>
      <trkpt lat="41.114552" lon="1.263387">
        <ele>2.8</ele>
      </trkpt>
      <trkpt lat="41.114538" lon="1.26281">
        <ele>3.3</ele>
      </trkpt>
      <trkpt lat="41.114537" lon="1.262764">
        <ele>3.2</ele>
      </trkpt>
      <trkpt lat="41.114537" lon="1.262763">
        <ele>3.2</ele>
        <name>Tarragona, Tarragonès</name>
        <extensions>
          <oa:Extension>
            <oa:mapZoom>17</oa:mapZoom>
          </oa:Extension>
        </extensions>
      </trkpt>
      <trkpt lat="41.114529" lon="1.262436">
        <ele>3.5</ele>
      </trkpt>
      <trkpt lat="41.114521" lon="1.262109">
        <ele>3.4</ele>
      </trkpt>
      <trkpt lat="41.114467" lon="1.261741">
        <ele>4.3</ele>
      </trkpt>
      <trkpt lat="41.114413" lon="1.261374">
        <ele>4.4</ele>
      </trkpt>
      <trkpt lat="41.114398" lon="1.261307">
        <ele>4.4</ele>
      </trkpt>
      <trkpt lat="41.114314" lon="1.260949">
        <ele>4.4</ele>
      </trkpt>
      <trkpt lat="41.114231" lon="1.260591">
        <ele>4.7</ele>
      </trkpt>
      <trkpt lat="41.114152" lon="1.260163">
        <ele>5.3</ele>
      </trkpt>
      <trkpt lat="41.114074" lon="1.259735">
        <ele>6.0</ele>
      </trkpt>
      <trkpt lat="41.11402" lon="1.259581">
        <ele>6.6</ele>
      </trkpt>
      <trkpt lat="41.113876" lon="1.259179">
        <ele>7.8</ele>
      </trkpt>
      <trkpt lat="41.113691" lon="1.258674">
        <ele>8.9</ele>
      </trkpt>
      <trkpt lat="41.113479" lon="1.258168">
        <ele>9.6</ele>
      </trkpt>
      <trkpt lat="41.113374" lon="1.257924">
        <ele>9.6</ele>
      </trkpt>
      <trkpt lat="41.113346" lon="1.257859">
        <ele>9.5</ele>
      </trkpt>
      <trkpt lat="41.113308" lon="1.257771">
        <ele>9.4</ele>
      </trkpt>
      <trkpt lat="41.113114" lon="1.257392">
        <ele>8.8</ele>
      </trkpt>
      <trkpt lat="41.112927" lon="1.257031">
        <ele>8.6</ele>
      </trkpt>
      <trkpt lat="41.112671" lon="1.256564">
        <ele>8.1</ele>
      </trkpt>
      <trkpt lat="41.112609" lon="1.25646">
        <ele>8.2</ele>
      </trkpt>
      <trkpt lat="41.112444" lon="1.256184">
        <ele>7.9</ele>
      </trkpt>
      <trkpt lat="41.11228" lon="1.255908">
        <ele>7.5</ele>
      </trkpt>
      <trkpt lat="41.112266" lon="1.255884">
        <ele>7.5</ele>
        <name>Passeig Marítim de Rafael Casanova, España (Spain)</name>
        <extensions>
          <oa:Extension>
            <oa:mapZoom>16</oa:mapZoom>
          </oa:Extension>
        </extensions>
      </trkpt>
      <trkpt lat="41.11228" lon="1.255908">
        <ele>7.5</ele>
      </trkpt>
      <trkpt lat="41.112444" lon="1.256184">
        <ele>7.9</ele>
      </trkpt>
      <trkpt lat="41.112609" lon="1.25646">
        <ele>8.2</ele>
      </trkpt>
      <trkpt lat="41.112671" lon="1.256564">
        <ele>8.1</ele>
      </trkpt>
      <trkpt lat="41.112927" lon="1.257031">
        <ele>8.6</ele>
      </trkpt>
      <trkpt lat="41.113114" lon="1.257392">
        <ele>8.8</ele>
      </trkpt>
      <trkpt lat="41.113308" lon="1.257771">
        <ele>9.4</ele>
      </trkpt>
      <trkpt lat="41.113346" lon="1.257859">
        <ele>9.5</ele>
      </trkpt>
      <trkpt lat="41.113374" lon="1.257924">
        <ele>9.6</ele>
      </trkpt>
      <trkpt lat="41.113479" lon="1.258168">
        <ele>9.6</ele>
      </trkpt>
      <trkpt lat="41.113691" lon="1.258674">
        <ele>8.9</ele>
      </trkpt>
      <trkpt lat="41.113876" lon="1.259179">
        <ele>7.8</ele>
      </trkpt>
      <trkpt lat="41.11402" lon="1.259581">
        <ele>6.6</ele>
      </trkpt>
      <trkpt lat="41.114074" lon="1.259735">
        <ele>6.0</ele>
      </trkpt>
      <trkpt lat="41.114134" lon="1.259909">
        <ele>5.6</ele>
      </trkpt>
      <trkpt lat="41.114223" lon="1.260213">
        <ele>5.0</ele>
      </trkpt>
      <trkpt lat="41.114305" lon="1.260505">
        <ele>4.8</ele>
      </trkpt>
      <trkpt lat="41.114387" lon="1.260798">
        <ele>4.7</ele>
      </trkpt>
      <trkpt lat="41.114531" lon="1.261284">
        <ele>4.4</ele>
      </trkpt>
      <trkpt lat="41.114675" lon="1.261769">
        <ele>5.3</ele>
      </trkpt>
      <trkpt lat="41.1147" lon="1.261962">
        <ele>4.7</ele>
      </trkpt>
      <trkpt lat="41.11472" lon="1.261952">
        <ele>3.9</ele>
      </trkpt>
      <trkpt lat="41.114771" lon="1.261928">
        <ele>3.7</ele>
      </trkpt>
      <trkpt lat="41.114807" lon="1.261912">
        <ele>4.3</ele>
      </trkpt>
      <trkpt lat="41.114826" lon="1.26198">
        <ele>3.7</ele>
      </trkpt>
      <trkpt lat="41.114854" lon="1.261963">
        <ele>4.0</ele>
      </trkpt>
      <trkpt lat="41.114872" lon="1.262032">
        <ele>3.8</ele>
      </trkpt>
      <trkpt lat="41.114877" lon="1.262055">
        <ele>3.6</ele>
      </trkpt>
      <trkpt lat="41.114885" lon="1.262092">
        <ele>3.8</ele>
      </trkpt>
      <trkpt lat="41.114973" lon="1.262041">
        <ele>6.4</ele>
      </trkpt>
      <trkpt lat="41.11519" lon="1.261915">
        <ele>7.7</ele>
      </trkpt>
      <trkpt lat="41.115237" lon="1.261922">
        <ele>7.5</ele>
      </trkpt>
      <trkpt lat="41.115272" lon="1.261954">
        <ele>7.8</ele>
      </trkpt>
      <trkpt lat="41.115338" lon="1.262069">
        <ele>8.7</ele>
      </trkpt>
      <trkpt lat="41.115366" lon="1.262176">
        <ele>9.6</ele>
      </trkpt>
      <trkpt lat="41.1154" lon="1.262317">
        <ele>10.9</ele>
      </trkpt>
      <trkpt lat="41.115353" lon="1.262308">
        <ele>11.1</ele>
      </trkpt>
      <trkpt lat="41.11531" lon="1.262276">
        <ele>11.4</ele>
      </trkpt>
      <trkpt lat="41.115273" lon="1.262213">
        <ele>11.7</ele>
      </trkpt>
      <trkpt lat="41.115233" lon="1.262115">
        <ele>12.1</ele>
      </trkpt>
      <trkpt lat="41.115076" lon="1.261607">
        <ele>12.8</ele>
      </trkpt>
      <trkpt lat="41.114919" lon="1.261098">
        <ele>14.9</ele>
      </trkpt>
      <trkpt lat="41.1149" lon="1.261016">
        <ele>14.4</ele>
      </trkpt>
      <trkpt lat="41.114903" lon="1.260834">
        <ele>15.0</ele>
      </trkpt>
      <trkpt lat="41.114919" lon="1.260627">
        <ele>15.4</ele>
      </trkpt>
      <trkpt lat="41.1149" lon="1.260497">
        <ele>15.4</ele>
      </trkpt>
      <trkpt lat="41.114858" lon="1.260323">
        <ele>16.6</ele>
      </trkpt>
      <trkpt lat="41.114815" lon="1.260193">
        <ele>17.4</ele>
        <name>Carrer Robert d&apos;Aguiló, Tarragona, Tarragonès</name>
        <extensions>
          <oa:Extension>
            <oa:mapZoom>16</oa:mapZoom>
          </oa:Extension>
        </extensions>
      </trkpt>
      <trkpt lat="41.114721" lon="1.259902">
        <ele>19.3</ele>
      </trkpt>
      <trkpt lat="41.11459" lon="1.259597">
        <ele>19.4</ele>
      </trkpt>
      <trkpt lat="41.1145" lon="1.259663">
        <ele>18.4</ele>
      </trkpt>
      <trkpt lat="41.114438" lon="1.259488">
        <ele>18.3</ele>
      </trkpt>
      <trkpt lat="41.114633" lon="1.259339">
        <ele>18.1</ele>
      </trkpt>
      <trkpt lat="41.114837" lon="1.259167">
        <ele>20.2</ele>
      </trkpt>
      <trkpt lat="41.11504" lon="1.258995">
        <ele>26.5</ele>
      </trkpt>
      <trkpt lat="41.115017" lon="1.258693">
        <ele>27.4</ele>
        <name>Parc de l&apos;Amfiteatre (Roman Amphitheater Park), Tarragona, Tarragonès</name>
        <extensions>
          <oa:Extension>
            <oa:mapZoom>16</oa:mapZoom>
          </oa:Extension>
        </extensions>
      </trkpt>
      <trkpt lat="41.115001" lon="1.258483">
        <ele>28.1</ele>
      </trkpt>
      <trkpt lat="41.11499" lon="1.258461">
        <ele>28.1</ele>
      </trkpt>
      <trkpt lat="41.114826" lon="1.258127">
        <ele>29.1</ele>
      </trkpt>
      <trkpt lat="41.114739" lon="1.258019">
        <ele>30.1</ele>
      </trkpt>
      <trkpt lat="41.114725" lon="1.257998">
        <ele>30.2</ele>
      </trkpt>
      <trkpt lat="41.11462" lon="1.257932">
        <ele>31.1</ele>
      </trkpt>
      <trkpt lat="41.114507" lon="1.257902">
        <ele>31.7</ele>
      </trkpt>
      <trkpt lat="41.11441" lon="1.257896">
        <ele>32.2</ele>
      </trkpt>
      <trkpt lat="41.114295" lon="1.257899">
        <ele>32.8</ele>
      </trkpt>
      <trkpt lat="41.114268" lon="1.257887">
        <ele>33.1</ele>
      </trkpt>
      <trkpt lat="41.114295" lon="1.257825">
        <ele>34.2</ele>
      </trkpt>
      <trkpt lat="41.114329" lon="1.257782">
        <ele>34.7</ele>
      </trkpt>
      <trkpt lat="41.114393" lon="1.257736">
        <ele>35.9</ele>
      </trkpt>
      <trkpt lat="41.114377" lon="1.257702">
        <ele>35.8</ele>
      </trkpt>
      <trkpt lat="41.11435" lon="1.257635">
        <ele>36.1</ele>
      </trkpt>
      <trkpt lat="41.114319" lon="1.257554">
        <ele>37.7</ele>
      </trkpt>
      <trkpt lat="41.114229" lon="1.257539">
        <ele>38.3</ele>
      </trkpt>
      <trkpt lat="41.114214" lon="1.257518">
        <ele>38.8</ele>
      </trkpt>
      <trkpt lat="41.114235" lon="1.257482">
        <ele>39.8</ele>
      </trkpt>
      <trkpt lat="41.114236" lon="1.257439">
        <ele>41.5</ele>
      </trkpt>
      <trkpt lat="41.114134" lon="1.257428">
        <ele>42.7</ele>
      </trkpt>
      <trkpt lat="41.114115" lon="1.257394">
        <ele>44.4</ele>
      </trkpt>
      <trkpt lat="41.114155" lon="1.257273">
        <ele>45.2</ele>
      </trkpt>
      <trkpt lat="41.114064" lon="1.257102">
        <ele>44.9</ele>
      </trkpt>
      <trkpt lat="41.114016" lon="1.256998">
        <ele>44.5</ele>
      </trkpt>
      <trkpt lat="41.113909" lon="1.256762">
        <ele>43.7</ele>
      </trkpt>
      <trkpt lat="41.113888" lon="1.25678">
        <ele>43.8</ele>
      </trkpt>
      <trkpt lat="41.113848" lon="1.256695">
        <ele>43.7</ele>
      </trkpt>
      <trkpt lat="41.11388" lon="1.25667">
        <ele>43.3</ele>
      </trkpt>
      <trkpt lat="41.113845" lon="1.256587">
        <ele>42.9</ele>
      </trkpt>
      <trkpt lat="41.113785" lon="1.256546">
        <ele>43.4</ele>
      </trkpt>
      <trkpt lat="41.113673" lon="1.256336">
        <ele>42.7</ele>
      </trkpt>
      <trkpt lat="41.113569" lon="1.256229">
        <ele>42.7</ele>
      </trkpt>
      <trkpt lat="41.113505" lon="1.256139">
        <ele>39.2</ele>
      </trkpt>
      <trkpt lat="41.113527" lon="1.256103">
        <ele>38.1</ele>
      </trkpt>
      <trkpt lat="41.113392" lon="1.255919">
        <ele>36.2</ele>
      </trkpt>
      <trkpt lat="41.113241" lon="1.255699">
        <ele>34.2</ele>
      </trkpt>
      <trkpt lat="41.113042" lon="1.255436">
        <ele>30.4</ele>
        <name>Carrer Baixada de Toro, Tarragona, Tarragonès</name>
        <extensions>
          <oa:Extension>
            <oa:mapZoom>16</oa:mapZoom>
            <oa:routingFailed>true</oa:routingFailed>
          </oa:Extension>
        </extensions>
      </trkpt>
      <trkpt lat="41.111224" lon="1.253536">
        <ele>6.08603</ele>
        <name>Tarragona, Tarragona</name>
        <extensions>
          <oa:Extension>
            <oa:mapZoom>16</oa:mapZoom>
          </oa:Extension>
        </extensions>
      </trkpt>
    </trkseg>
  </trk>
</gpx>