<?xml version="1.0" encoding="UTF-8" standalone="yes"?>
<gpx version="1.1" creator="outdooractive - http://www.outdooractive.com" xmlns="http://www.topografix.com/GPX/1/1" xmlns:oa="http://www.outdooractive.com/GPX/Extensions/1" xmlns:xsi="http://www.w3.org/2001/XMLSchema-instance" xsi:schemaLocation="http://www.topografix.com/GPX/1/1 http://www.topografix.com/GPX/1/1/gpx.xsd http://www.outdooractive.com/GPX/Extensions/1 https://www.outdooractive.com/schema/gpx_extensions.xsd">
  <metadata>
    <name>GR92 E 28 L&apos;Hospitalet de l&apos;Infant–L&apos;Ametlla de Mar</name>
    <author>
      <name>Jari Tossavainen - Community</name>
    </author>
    <link href="https://www.outdooractive.com/r/353456840"/>
    <time>2026-09-21T11:48:37.778Z</time>
    <extensions>
      <oa:oaCategory>longDistanceHikingTrail</oa:oaCategory>
    </extensions>
  </metadata>
  <trk>
    <name>GR92 E 28 L&apos;Hospitalet de l&apos;Infant–L&apos;Ametlla de Mar</name>
    <type>longDistanceHikingTrail</type>
    <trkseg>
      <trkpt lat="40.995473" lon="0.91981">
        <ele>13.0</ele>
        <name>C-44, Vandellòs i l&apos;Hospitalet de l&apos;Infant</name>
        <extensions>
          <oa:Extension>
            <oa:mapZoom>16</oa:mapZoom>
          </oa:Extension>
        </extensions>
      </trkpt>
      <trkpt lat="40.995532" lon="0.91978">
        <ele>12.9</ele>
      </trkpt>
      <trkpt lat="40.995729" lon="0.919679">
        <ele>13.3</ele>
      </trkpt>
      <trkpt lat="40.995777" lon="0.919554">
        <ele>12.6</ele>
      </trkpt>
      <trkpt lat="40.9957" lon="0.919597">
        <ele>12.9</ele>
      </trkpt>
      <trkpt lat="40.995503" lon="0.919709">
        <ele>13.5</ele>
      </trkpt>
      <trkpt lat="40.995192" lon="0.919885">
        <ele>14.1</ele>
      </trkpt>
      <trkpt lat="40.994882" lon="0.920061">
        <ele>14.9</ele>
      </trkpt>
      <trkpt lat="40.994787" lon="0.919889">
        <ele>15.5</ele>
      </trkpt>
      <trkpt lat="40.994665" lon="0.91971">
        <ele>15.0</ele>
      </trkpt>
      <trkpt lat="40.994551" lon="0.919714">
        <ele>14.6</ele>
      </trkpt>
      <trkpt lat="40.994344" lon="0.919823">
        <ele>14.3</ele>
      </trkpt>
      <trkpt lat="40.994305" lon="0.919829">
        <ele>14.3</ele>
      </trkpt>
      <trkpt lat="40.994063" lon="0.919656">
        <ele>13.7</ele>
      </trkpt>
      <trkpt lat="40.993821" lon="0.919483">
        <ele>13.1</ele>
      </trkpt>
      <trkpt lat="40.993798" lon="0.919434">
        <ele>13.1</ele>
      </trkpt>
      <trkpt lat="40.993783" lon="0.91938">
        <ele>12.9</ele>
      </trkpt>
      <trkpt lat="40.993753" lon="0.919343">
        <ele>12.7</ele>
      </trkpt>
      <trkpt lat="40.993668" lon="0.91929">
        <ele>12.4</ele>
      </trkpt>
      <trkpt lat="40.993631" lon="0.919284">
        <ele>12.3</ele>
      </trkpt>
      <trkpt lat="40.99358" lon="0.91927">
        <ele>12.2</ele>
      </trkpt>
      <trkpt lat="40.993327" lon="0.919097">
        <ele>11.6</ele>
      </trkpt>
      <trkpt lat="40.993316" lon="0.919089">
        <ele>11.6</ele>
      </trkpt>
      <trkpt lat="40.993237" lon="0.91902">
        <ele>11.5</ele>
      </trkpt>
      <trkpt lat="40.993203" lon="0.918962">
        <ele>11.4</ele>
      </trkpt>
      <trkpt lat="40.993141" lon="0.918698">
        <ele>10.1</ele>
      </trkpt>
      <trkpt lat="40.993128" lon="0.918643">
        <ele>10.1</ele>
      </trkpt>
      <trkpt lat="40.9931" lon="0.91861">
        <ele>10.1</ele>
      </trkpt>
      <trkpt lat="40.992995" lon="0.918576">
        <ele>10.1</ele>
      </trkpt>
      <trkpt lat="40.992954" lon="0.918577">
        <ele>10.1</ele>
      </trkpt>
      <trkpt lat="40.992855" lon="0.918634">
        <ele>10.1</ele>
      </trkpt>
      <trkpt lat="40.992831" lon="0.91864">
        <ele>10.1</ele>
      </trkpt>
      <trkpt lat="40.992806" lon="0.918646">
        <ele>10.1</ele>
      </trkpt>
      <trkpt lat="40.992542" lon="0.918469">
        <ele>8.7</ele>
      </trkpt>
      <trkpt lat="40.992334" lon="0.918378">
        <ele>8.5</ele>
      </trkpt>
      <trkpt lat="40.991952" lon="0.918105">
        <ele>7.4</ele>
      </trkpt>
      <trkpt lat="40.991849" lon="0.918024">
        <ele>7.0</ele>
      </trkpt>
      <trkpt lat="40.991752" lon="0.917947">
        <ele>6.7</ele>
      </trkpt>
      <trkpt lat="40.991645" lon="0.917881">
        <ele>6.6</ele>
      </trkpt>
      <trkpt lat="40.991296" lon="0.917642">
        <ele>5.8</ele>
      </trkpt>
      <trkpt lat="40.991029" lon="0.917442">
        <ele>5.0</ele>
      </trkpt>
      <trkpt lat="40.990743" lon="0.917243">
        <ele>4.7</ele>
      </trkpt>
      <trkpt lat="40.990737" lon="0.917244">
        <ele>4.6</ele>
      </trkpt>
      <trkpt lat="40.990727" lon="0.917266">
        <ele>4.5</ele>
      </trkpt>
      <trkpt lat="40.990701" lon="0.917326">
        <ele>4.4</ele>
      </trkpt>
      <trkpt lat="40.990667" lon="0.917399">
        <ele>4.4</ele>
      </trkpt>
      <trkpt lat="40.990625" lon="0.917374">
        <ele>4.4</ele>
      </trkpt>
      <trkpt lat="40.990559" lon="0.917318">
        <ele>4.1</ele>
      </trkpt>
      <trkpt lat="40.990528" lon="0.91732">
        <ele>4.0</ele>
      </trkpt>
      <trkpt lat="40.990518" lon="0.917352">
        <ele>3.8</ele>
      </trkpt>
      <trkpt lat="40.990517" lon="0.917435">
        <ele>3.6</ele>
      </trkpt>
      <trkpt lat="40.990475" lon="0.917434">
        <ele>3.5</ele>
      </trkpt>
      <trkpt lat="40.990401" lon="0.917431">
        <ele>3.5</ele>
      </trkpt>
      <trkpt lat="40.990319" lon="0.917429">
        <ele>3.4</ele>
      </trkpt>
      <trkpt lat="40.99029" lon="0.917428">
        <ele>3.4</ele>
      </trkpt>
      <trkpt lat="40.990288" lon="0.9173">
        <ele>3.7</ele>
      </trkpt>
      <trkpt lat="40.990279" lon="0.91727">
        <ele>3.8</ele>
      </trkpt>
      <trkpt lat="40.990255" lon="0.917224">
        <ele>3.9</ele>
      </trkpt>
      <trkpt lat="40.990211" lon="0.917169">
        <ele>3.8</ele>
      </trkpt>
      <trkpt lat="40.990188" lon="0.917154">
        <ele>3.8</ele>
      </trkpt>
      <trkpt lat="40.99016" lon="0.917153">
        <ele>3.8</ele>
      </trkpt>
      <trkpt lat="40.990121" lon="0.917152">
        <ele>3.8</ele>
      </trkpt>
      <trkpt lat="40.989694" lon="0.917151">
        <ele>3.1</ele>
      </trkpt>
      <trkpt lat="40.989267" lon="0.91715">
        <ele>2.7</ele>
      </trkpt>
      <trkpt lat="40.989189" lon="0.917154">
        <ele>2.7</ele>
      </trkpt>
      <trkpt lat="40.989145" lon="0.917177">
        <ele>2.7</ele>
      </trkpt>
      <trkpt lat="40.989114" lon="0.917234">
        <ele>2.6</ele>
      </trkpt>
      <trkpt lat="40.989082" lon="0.917284">
        <ele>2.6</ele>
      </trkpt>
      <trkpt lat="40.989039" lon="0.917325">
        <ele>2.6</ele>
      </trkpt>
      <trkpt lat="40.989036" lon="0.917318">
        <ele>2.6</ele>
      </trkpt>
      <trkpt lat="40.989028" lon="0.917309">
        <ele>2.6</ele>
      </trkpt>
      <trkpt lat="40.989019" lon="0.917303">
        <ele>2.6</ele>
      </trkpt>
      <trkpt lat="40.989008" lon="0.917302">
        <ele>2.6</ele>
      </trkpt>
      <trkpt lat="40.988998" lon="0.917304">
        <ele>2.6</ele>
      </trkpt>
      <trkpt lat="40.988989" lon="0.917311">
        <ele>2.6</ele>
      </trkpt>
      <trkpt lat="40.988981" lon="0.917323">
        <ele>2.6</ele>
      </trkpt>
      <trkpt lat="40.988977" lon="0.917337">
        <ele>2.6</ele>
      </trkpt>
      <trkpt lat="40.988976" lon="0.917352">
        <ele>2.6</ele>
      </trkpt>
      <trkpt lat="40.98898" lon="0.917367">
        <ele>2.6</ele>
      </trkpt>
      <trkpt lat="40.988933" lon="0.917372">
        <ele>2.5</ele>
      </trkpt>
      <trkpt lat="40.988882" lon="0.917374">
        <ele>2.5</ele>
      </trkpt>
      <trkpt lat="40.988831" lon="0.917372">
        <ele>2.5</ele>
      </trkpt>
      <trkpt lat="40.988794" lon="0.917376">
        <ele>2.5</ele>
      </trkpt>
      <trkpt lat="40.98876" lon="0.917304">
        <ele>2.4</ele>
      </trkpt>
      <trkpt lat="40.988688" lon="0.917153">
        <ele>2.3</ele>
      </trkpt>
      <trkpt lat="40.98847" lon="0.916691">
        <ele>2.2</ele>
      </trkpt>
      <trkpt lat="40.988252" lon="0.916229">
        <ele>1.9</ele>
      </trkpt>
      <trkpt lat="40.988238" lon="0.916203">
        <ele>1.9</ele>
        <name>l&apos;Hospitalet de l&apos;Infant, Vandellòs i l&apos;Hospitalet de l&apos;Infant</name>
        <extensions>
          <oa:Extension>
            <oa:mapZoom>16</oa:mapZoom>
          </oa:Extension>
        </extensions>
      </trkpt>
      <trkpt lat="40.988018" lon="0.915778">
        <ele>2.0</ele>
      </trkpt>
      <trkpt lat="40.987784" lon="0.915327">
        <ele>2.1</ele>
      </trkpt>
      <trkpt lat="40.987539" lon="0.914957">
        <ele>2.2</ele>
      </trkpt>
      <trkpt lat="40.987295" lon="0.914587">
        <ele>2.2</ele>
      </trkpt>
      <trkpt lat="40.98705" lon="0.914217">
        <ele>2.2</ele>
      </trkpt>
      <trkpt lat="40.986842" lon="0.913846">
        <ele>2.3</ele>
      </trkpt>
      <trkpt lat="40.986633" lon="0.913475">
        <ele>2.1</ele>
      </trkpt>
      <trkpt lat="40.98663" lon="0.913281">
        <ele>2.0</ele>
      </trkpt>
      <trkpt lat="40.986589" lon="0.913247">
        <ele>2.0</ele>
      </trkpt>
      <trkpt lat="40.986472" lon="0.91304">
        <ele>3.0</ele>
      </trkpt>
      <trkpt lat="40.986424" lon="0.912953">
        <ele>3.1</ele>
      </trkpt>
      <trkpt lat="40.986184" lon="0.912516">
        <ele>2.3</ele>
      </trkpt>
      <trkpt lat="40.986103" lon="0.912369">
        <ele>2.3</ele>
      </trkpt>
      <trkpt lat="40.985931" lon="0.912058">
        <ele>2.4</ele>
      </trkpt>
      <trkpt lat="40.985758" lon="0.911747">
        <ele>2.6</ele>
      </trkpt>
      <trkpt lat="40.985615" lon="0.911631">
        <ele>1.8</ele>
      </trkpt>
      <trkpt lat="40.985467" lon="0.911321">
        <ele>1.8</ele>
      </trkpt>
      <trkpt lat="40.985318" lon="0.911011">
        <ele>1.7</ele>
      </trkpt>
      <trkpt lat="40.98505" lon="0.910548">
        <ele>1.5</ele>
      </trkpt>
      <trkpt lat="40.984782" lon="0.910085">
        <ele>1.6</ele>
      </trkpt>
      <trkpt lat="40.98447" lon="0.909712">
        <ele>1.8</ele>
      </trkpt>
      <trkpt lat="40.984158" lon="0.909338">
        <ele>1.7</ele>
      </trkpt>
      <trkpt lat="40.983887" lon="0.90896">
        <ele>1.4</ele>
      </trkpt>
      <trkpt lat="40.983632" lon="0.908712">
        <ele>1.5</ele>
      </trkpt>
      <trkpt lat="40.983413" lon="0.908486">
        <ele>1.8</ele>
      </trkpt>
      <trkpt lat="40.983196" lon="0.908338">
        <ele>2.1</ele>
      </trkpt>
      <trkpt lat="40.982979" lon="0.90819">
        <ele>2.1</ele>
      </trkpt>
      <trkpt lat="40.982888" lon="0.908128">
        <ele>2.4</ele>
        <name>Passeig de l&apos;Arenal, Vandellòs i l&apos;Hospitalet de l&apos;Infant</name>
        <extensions>
          <oa:Extension>
            <oa:mapZoom>16</oa:mapZoom>
          </oa:Extension>
        </extensions>
      </trkpt>
      <trkpt lat="40.982854" lon="0.908105">
        <ele>2.5</ele>
      </trkpt>
      <trkpt lat="40.982643" lon="0.907919">
        <ele>2.4</ele>
      </trkpt>
      <trkpt lat="40.982431" lon="0.907733">
        <ele>2.1</ele>
      </trkpt>
      <trkpt lat="40.982377" lon="0.90767">
        <ele>2.1</ele>
      </trkpt>
      <trkpt lat="40.982047" lon="0.907295">
        <ele>2.0</ele>
      </trkpt>
      <trkpt lat="40.981717" lon="0.90692">
        <ele>1.9</ele>
      </trkpt>
      <trkpt lat="40.981413" lon="0.906616">
        <ele>1.8</ele>
      </trkpt>
      <trkpt lat="40.981108" lon="0.906313">
        <ele>1.8</ele>
      </trkpt>
      <trkpt lat="40.980803" lon="0.906009">
        <ele>1.6</ele>
      </trkpt>
      <trkpt lat="40.980498" lon="0.905706">
        <ele>1.9</ele>
      </trkpt>
      <trkpt lat="40.980394" lon="0.905602">
        <ele>1.7</ele>
      </trkpt>
      <trkpt lat="40.980175" lon="0.905467">
        <ele>1.4</ele>
      </trkpt>
      <trkpt lat="40.98007" lon="0.905404">
        <ele>1.6</ele>
      </trkpt>
      <trkpt lat="40.979879" lon="0.9053">
        <ele>1.4</ele>
      </trkpt>
      <trkpt lat="40.979513" lon="0.905102">
        <ele>1.8</ele>
      </trkpt>
      <trkpt lat="40.979312" lon="0.904996">
        <ele>2.1</ele>
      </trkpt>
      <trkpt lat="40.97909" lon="0.904848">
        <ele>2.1</ele>
      </trkpt>
      <trkpt lat="40.97881" lon="0.904674">
        <ele>2.4</ele>
      </trkpt>
      <trkpt lat="40.978776" lon="0.904652">
        <ele>2.6</ele>
      </trkpt>
      <trkpt lat="40.978686" lon="0.904603">
        <ele>2.7</ele>
      </trkpt>
      <trkpt lat="40.978573" lon="0.904541">
        <ele>2.6</ele>
      </trkpt>
      <trkpt lat="40.978486" lon="0.904494">
        <ele>2.6</ele>
      </trkpt>
      <trkpt lat="40.978388" lon="0.904443">
        <ele>2.6</ele>
      </trkpt>
      <trkpt lat="40.978294" lon="0.90439">
        <ele>2.5</ele>
      </trkpt>
      <trkpt lat="40.9782" lon="0.904339">
        <ele>2.5</ele>
      </trkpt>
      <trkpt lat="40.978091" lon="0.904278">
        <ele>2.4</ele>
      </trkpt>
      <trkpt lat="40.977983" lon="0.904278">
        <ele>2.1</ele>
      </trkpt>
      <trkpt lat="40.977897" lon="0.904269">
        <ele>2.0</ele>
      </trkpt>
      <trkpt lat="40.977819" lon="0.904231">
        <ele>2.0</ele>
      </trkpt>
      <trkpt lat="40.97772" lon="0.904154">
        <ele>2.0</ele>
      </trkpt>
      <trkpt lat="40.977712" lon="0.904148">
        <ele>2.0</ele>
      </trkpt>
      <trkpt lat="40.977703" lon="0.90412">
        <ele>2.1</ele>
      </trkpt>
      <trkpt lat="40.977652" lon="0.904004">
        <ele>2.2</ele>
      </trkpt>
      <trkpt lat="40.977635" lon="0.903961">
        <ele>2.2</ele>
      </trkpt>
      <trkpt lat="40.97762" lon="0.903867">
        <ele>2.1</ele>
      </trkpt>
      <trkpt lat="40.977615" lon="0.90379">
        <ele>1.9</ele>
      </trkpt>
      <trkpt lat="40.977612" lon="0.903741">
        <ele>1.8</ele>
      </trkpt>
      <trkpt lat="40.977605" lon="0.903674">
        <ele>1.6</ele>
      </trkpt>
      <trkpt lat="40.9776" lon="0.903593">
        <ele>1.5</ele>
      </trkpt>
      <trkpt lat="40.977606" lon="0.903526">
        <ele>1.6</ele>
      </trkpt>
      <trkpt lat="40.977577" lon="0.903496">
        <ele>1.4</ele>
      </trkpt>
      <trkpt lat="40.97755" lon="0.903495">
        <ele>1.3</ele>
      </trkpt>
      <trkpt lat="40.977485" lon="0.90348">
        <ele>2.9</ele>
      </trkpt>
      <trkpt lat="40.977465" lon="0.903463">
        <ele>4.0</ele>
      </trkpt>
      <trkpt lat="40.977428" lon="0.903461">
        <ele>5.6</ele>
      </trkpt>
      <trkpt lat="40.977413" lon="0.903403">
        <ele>7.0</ele>
      </trkpt>
      <trkpt lat="40.97738" lon="0.90337">
        <ele>7.9</ele>
      </trkpt>
      <trkpt lat="40.977384" lon="0.903296">
        <ele>9.5</ele>
      </trkpt>
      <trkpt lat="40.977414" lon="0.903282">
        <ele>9.8</ele>
      </trkpt>
      <trkpt lat="40.97742" lon="0.90324">
        <ele>10.3</ele>
      </trkpt>
      <trkpt lat="40.977425" lon="0.903152">
        <ele>11.6</ele>
      </trkpt>
      <trkpt lat="40.977414" lon="0.903054">
        <ele>12.6</ele>
      </trkpt>
      <trkpt lat="40.97741" lon="0.902917">
        <ele>13.7</ele>
      </trkpt>
      <trkpt lat="40.97744" lon="0.902873">
        <ele>13.2</ele>
      </trkpt>
      <trkpt lat="40.977419" lon="0.902747">
        <ele>13.9</ele>
      </trkpt>
      <trkpt lat="40.977407" lon="0.902642">
        <ele>14.5</ele>
      </trkpt>
      <trkpt lat="40.977398" lon="0.902565">
        <ele>15.0</ele>
      </trkpt>
      <trkpt lat="40.977314" lon="0.902447">
        <ele>14.9</ele>
      </trkpt>
      <trkpt lat="40.977314" lon="0.90226">
        <ele>15.1</ele>
      </trkpt>
      <trkpt lat="40.977295" lon="0.902231">
        <ele>15.2</ele>
      </trkpt>
      <trkpt lat="40.977207" lon="0.902098">
        <ele>15.1</ele>
      </trkpt>
      <trkpt lat="40.977093" lon="0.901947">
        <ele>16.1</ele>
      </trkpt>
      <trkpt lat="40.977127" lon="0.901916">
        <ele>16.0</ele>
      </trkpt>
      <trkpt lat="40.977148" lon="0.901897">
        <ele>15.6</ele>
      </trkpt>
      <trkpt lat="40.977133" lon="0.901862">
        <ele>15.8</ele>
      </trkpt>
      <trkpt lat="40.977131" lon="0.901801">
        <ele>15.8</ele>
      </trkpt>
      <trkpt lat="40.977144" lon="0.901686">
        <ele>16.0</ele>
      </trkpt>
      <trkpt lat="40.977155" lon="0.901629">
        <ele>16.2</ele>
      </trkpt>
      <trkpt lat="40.977206" lon="0.901357">
        <ele>16.8</ele>
      </trkpt>
      <trkpt lat="40.977239" lon="0.901214">
        <ele>17.1</ele>
      </trkpt>
      <trkpt lat="40.977331" lon="0.900892">
        <ele>18.1</ele>
      </trkpt>
      <trkpt lat="40.97744" lon="0.90054">
        <ele>19.3</ele>
      </trkpt>
      <trkpt lat="40.977548" lon="0.900187">
        <ele>20.8</ele>
      </trkpt>
      <trkpt lat="40.977678" lon="0.899775">
        <ele>22.6</ele>
      </trkpt>
      <trkpt lat="40.977807" lon="0.899362">
        <ele>24.4</ele>
      </trkpt>
      <trkpt lat="40.977937" lon="0.89895">
        <ele>23.5</ele>
      </trkpt>
      <trkpt lat="40.978023" lon="0.898674">
        <ele>26.7</ele>
      </trkpt>
      <trkpt lat="40.978128" lon="0.898346">
        <ele>27.9</ele>
      </trkpt>
      <trkpt lat="40.977907" lon="0.898231">
        <ele>28.1</ele>
      </trkpt>
      <trkpt lat="40.977686" lon="0.898115">
        <ele>28.6</ele>
      </trkpt>
      <trkpt lat="40.977785" lon="0.897798">
        <ele>32.2</ele>
      </trkpt>
      <trkpt lat="40.977829" lon="0.897494">
        <ele>37.0</ele>
      </trkpt>
      <trkpt lat="40.977872" lon="0.897191">
        <ele>41.2</ele>
      </trkpt>
      <trkpt lat="40.977877" lon="0.896986">
        <ele>44.7</ele>
      </trkpt>
      <trkpt lat="40.977924" lon="0.896838">
        <ele>46.4</ele>
      </trkpt>
      <trkpt lat="40.977825" lon="0.896881">
        <ele>48.3</ele>
      </trkpt>
      <trkpt lat="40.977752" lon="0.896847">
        <ele>49.7</ele>
      </trkpt>
      <trkpt lat="40.977756" lon="0.896821">
        <ele>49.8</ele>
      </trkpt>
      <trkpt lat="40.977798" lon="0.896546">
        <ele>51.4</ele>
      </trkpt>
      <trkpt lat="40.977693" lon="0.896197">
        <ele>51.0</ele>
      </trkpt>
      <trkpt lat="40.977642" lon="0.896149">
        <ele>50.2</ele>
      </trkpt>
      <trkpt lat="40.977609" lon="0.895955">
        <ele>50.2</ele>
      </trkpt>
      <trkpt lat="40.977587" lon="0.895819">
        <ele>51.9</ele>
      </trkpt>
      <trkpt lat="40.977506" lon="0.895533">
        <ele>56.1</ele>
      </trkpt>
      <trkpt lat="40.977539" lon="0.895344">
        <ele>59.6</ele>
      </trkpt>
      <trkpt lat="40.977565" lon="0.895209">
        <ele>61.5</ele>
      </trkpt>
      <trkpt lat="40.977565" lon="0.895063">
        <ele>62.6</ele>
      </trkpt>
      <trkpt lat="40.977488" lon="0.894937">
        <ele>60.2</ele>
      </trkpt>
      <trkpt lat="40.977452" lon="0.894617">
        <ele>64.1</ele>
      </trkpt>
      <trkpt lat="40.97736" lon="0.894452">
        <ele>63.8</ele>
      </trkpt>
      <trkpt lat="40.977305" lon="0.894326">
        <ele>65.8</ele>
      </trkpt>
      <trkpt lat="40.976998" lon="0.894229">
        <ele>70.2</ele>
      </trkpt>
      <trkpt lat="40.976927" lon="0.89421">
        <ele>69.7</ele>
      </trkpt>
      <trkpt lat="40.976845" lon="0.89413">
        <ele>69.3</ele>
      </trkpt>
      <trkpt lat="40.976802" lon="0.894153">
        <ele>69.0</ele>
      </trkpt>
      <trkpt lat="40.976721" lon="0.894106">
        <ele>68.8</ele>
      </trkpt>
      <trkpt lat="40.976688" lon="0.894087">
        <ele>68.8</ele>
      </trkpt>
      <trkpt lat="40.97664" lon="0.894004">
        <ele>69.2</ele>
      </trkpt>
      <trkpt lat="40.976434" lon="0.893984">
        <ele>71.5</ele>
      </trkpt>
      <trkpt lat="40.976293" lon="0.893966">
        <ele>74.1</ele>
      </trkpt>
      <trkpt lat="40.976232" lon="0.893962">
        <ele>75.3</ele>
      </trkpt>
      <trkpt lat="40.97617" lon="0.893956">
        <ele>75.8</ele>
      </trkpt>
      <trkpt lat="40.97613" lon="0.893964">
        <ele>75.9</ele>
      </trkpt>
      <trkpt lat="40.975977" lon="0.893746">
        <ele>76.1</ele>
      </trkpt>
      <trkpt lat="40.975966" lon="0.893665">
        <ele>77.5</ele>
      </trkpt>
      <trkpt lat="40.975919" lon="0.89351">
        <ele>80.4</ele>
      </trkpt>
      <trkpt lat="40.97585" lon="0.893364">
        <ele>83.0</ele>
      </trkpt>
      <trkpt lat="40.975808" lon="0.893277">
        <ele>84.5</ele>
      </trkpt>
      <trkpt lat="40.97575" lon="0.893267">
        <ele>84.9</ele>
      </trkpt>
      <trkpt lat="40.975694" lon="0.893304">
        <ele>84.2</ele>
      </trkpt>
      <trkpt lat="40.975633" lon="0.8933">
        <ele>84.2</ele>
      </trkpt>
      <trkpt lat="40.975564" lon="0.893215">
        <ele>85.8</ele>
      </trkpt>
      <trkpt lat="40.975566" lon="0.893178">
        <ele>86.6</ele>
      </trkpt>
      <trkpt lat="40.975603" lon="0.893135">
        <ele>87.9</ele>
      </trkpt>
      <trkpt lat="40.975639" lon="0.893014">
        <ele>90.0</ele>
      </trkpt>
      <trkpt lat="40.975693" lon="0.892872">
        <ele>92.6</ele>
      </trkpt>
      <trkpt lat="40.975767" lon="0.892723">
        <ele>95.3</ele>
      </trkpt>
      <trkpt lat="40.975823" lon="0.892602">
        <ele>98.4</ele>
      </trkpt>
      <trkpt lat="40.97587" lon="0.892453">
        <ele>102.5</ele>
      </trkpt>
      <trkpt lat="40.975887" lon="0.892399">
        <ele>104.1</ele>
      </trkpt>
      <trkpt lat="40.975857" lon="0.892339">
        <ele>105.3</ele>
      </trkpt>
      <trkpt lat="40.975859" lon="0.892275">
        <ele>106.2</ele>
      </trkpt>
      <trkpt lat="40.975803" lon="0.892185">
        <ele>105.3</ele>
      </trkpt>
      <trkpt lat="40.975779" lon="0.892014">
        <ele>104.6</ele>
      </trkpt>
      <trkpt lat="40.975765" lon="0.892004">
        <ele>104.6</ele>
        <name>GR-92, Vandellòs i l&apos;Hospitalet de l&apos;Infant, Baix Camp</name>
        <extensions>
          <oa:Extension>
            <oa:mapZoom>16</oa:mapZoom>
          </oa:Extension>
        </extensions>
      </trkpt>
      <trkpt lat="40.975687" lon="0.891947">
        <ele>104.5</ele>
      </trkpt>
      <trkpt lat="40.975531" lon="0.891751">
        <ele>101.5</ele>
      </trkpt>
      <trkpt lat="40.975486" lon="0.891575">
        <ele>100.8</ele>
      </trkpt>
      <trkpt lat="40.975419" lon="0.891498">
        <ele>102.0</ele>
      </trkpt>
      <trkpt lat="40.975417" lon="0.891443">
        <ele>102.4</ele>
      </trkpt>
      <trkpt lat="40.975348" lon="0.891411">
        <ele>103.5</ele>
      </trkpt>
      <trkpt lat="40.975293" lon="0.891277">
        <ele>107.5</ele>
      </trkpt>
      <trkpt lat="40.975243" lon="0.89117">
        <ele>110.9</ele>
      </trkpt>
      <trkpt lat="40.975169" lon="0.891034">
        <ele>116.9</ele>
      </trkpt>
      <trkpt lat="40.975037" lon="0.890999">
        <ele>122.0</ele>
      </trkpt>
      <trkpt lat="40.974982" lon="0.89091">
        <ele>126.9</ele>
      </trkpt>
      <trkpt lat="40.974946" lon="0.890806">
        <ele>131.5</ele>
      </trkpt>
      <trkpt lat="40.974963" lon="0.890701">
        <ele>133.9</ele>
      </trkpt>
      <trkpt lat="40.974872" lon="0.890593">
        <ele>136.4</ele>
      </trkpt>
      <trkpt lat="40.974824" lon="0.890336">
        <ele>139.4</ele>
      </trkpt>
      <trkpt lat="40.974738" lon="0.890212">
        <ele>140.3</ele>
      </trkpt>
      <trkpt lat="40.974637" lon="0.890155">
        <ele>141.8</ele>
      </trkpt>
      <trkpt lat="40.974577" lon="0.890133">
        <ele>141.6</ele>
      </trkpt>
      <trkpt lat="40.974529" lon="0.89005">
        <ele>142.4</ele>
      </trkpt>
      <trkpt lat="40.974524" lon="0.88984">
        <ele>145.3</ele>
      </trkpt>
      <trkpt lat="40.974467" lon="0.889767">
        <ele>147.4</ele>
      </trkpt>
      <trkpt lat="40.974416" lon="0.889682">
        <ele>150.0</ele>
      </trkpt>
      <trkpt lat="40.974345" lon="0.88965">
        <ele>152.1</ele>
      </trkpt>
      <trkpt lat="40.974263" lon="0.889507">
        <ele>155.6</ele>
      </trkpt>
      <trkpt lat="40.974076" lon="0.889368">
        <ele>160.8</ele>
      </trkpt>
      <trkpt lat="40.973959" lon="0.889282">
        <ele>165.1</ele>
      </trkpt>
      <trkpt lat="40.973827" lon="0.889148">
        <ele>169.5</ele>
      </trkpt>
      <trkpt lat="40.973846" lon="0.888904">
        <ele>168.6</ele>
      </trkpt>
      <trkpt lat="40.973817" lon="0.888828">
        <ele>168.0</ele>
      </trkpt>
      <trkpt lat="40.973774" lon="0.888755">
        <ele>167.3</ele>
      </trkpt>
      <trkpt lat="40.973741" lon="0.888606">
        <ele>166.2</ele>
      </trkpt>
      <trkpt lat="40.973681" lon="0.88845">
        <ele>164.0</ele>
      </trkpt>
      <trkpt lat="40.973673" lon="0.888317">
        <ele>164.2</ele>
      </trkpt>
      <trkpt lat="40.97365" lon="0.888272">
        <ele>162.9</ele>
      </trkpt>
      <trkpt lat="40.973657" lon="0.888171">
        <ele>163.3</ele>
      </trkpt>
      <trkpt lat="40.973585" lon="0.887955">
        <ele>162.1</ele>
      </trkpt>
      <trkpt lat="40.973381" lon="0.887634">
        <ele>159.1</ele>
      </trkpt>
      <trkpt lat="40.97329" lon="0.887498">
        <ele>160.4</ele>
      </trkpt>
      <trkpt lat="40.973122" lon="0.887419">
        <ele>159.7</ele>
      </trkpt>
      <trkpt lat="40.972955" lon="0.887177">
        <ele>159.6</ele>
      </trkpt>
      <trkpt lat="40.972813" lon="0.886936">
        <ele>155.0</ele>
      </trkpt>
      <trkpt lat="40.972753" lon="0.886939">
        <ele>154.2</ele>
      </trkpt>
      <trkpt lat="40.972703" lon="0.886984">
        <ele>153.9</ele>
      </trkpt>
      <trkpt lat="40.972595" lon="0.886949">
        <ele>152.7</ele>
      </trkpt>
      <trkpt lat="40.972487" lon="0.886904">
        <ele>154.3</ele>
      </trkpt>
      <trkpt lat="40.972365" lon="0.886863">
        <ele>154.3</ele>
      </trkpt>
      <trkpt lat="40.972164" lon="0.886901">
        <ele>152.6</ele>
      </trkpt>
      <trkpt lat="40.972056" lon="0.886911">
        <ele>151.2</ele>
      </trkpt>
      <trkpt lat="40.971878" lon="0.886907">
        <ele>147.5</ele>
      </trkpt>
      <trkpt lat="40.971722" lon="0.886767">
        <ele>141.9</ele>
      </trkpt>
      <trkpt lat="40.9716" lon="0.886647">
        <ele>140.3</ele>
      </trkpt>
      <trkpt lat="40.971486" lon="0.88658">
        <ele>143.9</ele>
      </trkpt>
      <trkpt lat="40.971161" lon="0.886499">
        <ele>148.1</ele>
      </trkpt>
      <trkpt lat="40.971057" lon="0.886418">
        <ele>148.4</ele>
      </trkpt>
      <trkpt lat="40.970858" lon="0.886148">
        <ele>137.8</ele>
      </trkpt>
      <trkpt lat="40.970651" lon="0.885921">
        <ele>141.0</ele>
      </trkpt>
      <trkpt lat="40.970488" lon="0.88567">
        <ele>145.5</ele>
      </trkpt>
      <trkpt lat="40.970223" lon="0.885351">
        <ele>150.7</ele>
      </trkpt>
      <trkpt lat="40.970009" lon="0.885147">
        <ele>154.2</ele>
      </trkpt>
      <trkpt lat="40.969795" lon="0.884943">
        <ele>151.6</ele>
      </trkpt>
      <trkpt lat="40.969575" lon="0.88476">
        <ele>154.5</ele>
      </trkpt>
      <trkpt lat="40.969446" lon="0.884677">
        <ele>154.5</ele>
      </trkpt>
      <trkpt lat="40.969068" lon="0.884593">
        <ele>144.5</ele>
      </trkpt>
      <trkpt lat="40.968783" lon="0.88457">
        <ele>134.6</ele>
      </trkpt>
      <trkpt lat="40.968498" lon="0.884547">
        <ele>126.1</ele>
      </trkpt>
      <trkpt lat="40.968436" lon="0.884527">
        <ele>124.0</ele>
      </trkpt>
      <trkpt lat="40.968358" lon="0.884544">
        <ele>122.8</ele>
      </trkpt>
      <trkpt lat="40.96831" lon="0.884538">
        <ele>123.2</ele>
      </trkpt>
      <trkpt lat="40.968258" lon="0.884532">
        <ele>123.4</ele>
      </trkpt>
      <trkpt lat="40.968185" lon="0.884501">
        <ele>123.5</ele>
      </trkpt>
      <trkpt lat="40.968152" lon="0.8845">
        <ele>123.7</ele>
      </trkpt>
      <trkpt lat="40.967953" lon="0.884495">
        <ele>129.8</ele>
      </trkpt>
      <trkpt lat="40.967543" lon="0.884333">
        <ele>144.6</ele>
      </trkpt>
      <trkpt lat="40.967464" lon="0.88432">
        <ele>146.1</ele>
      </trkpt>
      <trkpt lat="40.967195" lon="0.884318">
        <ele>149.7</ele>
      </trkpt>
      <trkpt lat="40.967064" lon="0.884346">
        <ele>150.7</ele>
      </trkpt>
      <trkpt lat="40.966686" lon="0.884595">
        <ele>151.2</ele>
      </trkpt>
      <trkpt lat="40.966621" lon="0.884604">
        <ele>151.3</ele>
      </trkpt>
      <trkpt lat="40.96656" lon="0.884555">
        <ele>151.3</ele>
      </trkpt>
      <trkpt lat="40.96652" lon="0.884478">
        <ele>151.5</ele>
      </trkpt>
      <trkpt lat="40.966457" lon="0.884294">
        <ele>151.1</ele>
      </trkpt>
      <trkpt lat="40.966405" lon="0.884043">
        <ele>150.1</ele>
      </trkpt>
      <trkpt lat="40.96635" lon="0.883896">
        <ele>149.2</ele>
      </trkpt>
      <trkpt lat="40.966296" lon="0.883817">
        <ele>149.2</ele>
      </trkpt>
      <trkpt lat="40.966225" lon="0.883744">
        <ele>148.9</ele>
      </trkpt>
      <trkpt lat="40.966015" lon="0.883656">
        <ele>148.9</ele>
      </trkpt>
      <trkpt lat="40.965857" lon="0.883563">
        <ele>150.6</ele>
      </trkpt>
      <trkpt lat="40.96578" lon="0.883566">
        <ele>150.7</ele>
      </trkpt>
      <trkpt lat="40.96563" lon="0.883689">
        <ele>147.0</ele>
      </trkpt>
      <trkpt lat="40.965497" lon="0.883641">
        <ele>142.2</ele>
      </trkpt>
      <trkpt lat="40.965366" lon="0.883857">
        <ele>137.0</ele>
      </trkpt>
      <trkpt lat="40.965332" lon="0.883611">
        <ele>132.3</ele>
      </trkpt>
      <trkpt lat="40.965241" lon="0.883669">
        <ele>127.7</ele>
      </trkpt>
      <trkpt lat="40.965074" lon="0.883803">
        <ele>121.3</ele>
      </trkpt>
      <trkpt lat="40.96497" lon="0.88383">
        <ele>117.2</ele>
      </trkpt>
      <trkpt lat="40.964732" lon="0.883829">
        <ele>110.5</ele>
      </trkpt>
      <trkpt lat="40.96464" lon="0.883794">
        <ele>109.3</ele>
      </trkpt>
      <trkpt lat="40.964547" lon="0.88371">
        <ele>107.6</ele>
      </trkpt>
      <trkpt lat="40.964389" lon="0.883504">
        <ele>102.5</ele>
      </trkpt>
      <trkpt lat="40.964184" lon="0.883283">
        <ele>97.4</ele>
      </trkpt>
      <trkpt lat="40.963979" lon="0.883063">
        <ele>93.1</ele>
      </trkpt>
      <trkpt lat="40.96389" lon="0.882976">
        <ele>91.8</ele>
      </trkpt>
      <trkpt lat="40.963822" lon="0.882938">
        <ele>91.2</ele>
      </trkpt>
      <trkpt lat="40.963731" lon="0.882851">
        <ele>91.1</ele>
      </trkpt>
      <trkpt lat="40.963667" lon="0.882827">
        <ele>90.5</ele>
      </trkpt>
      <trkpt lat="40.963481" lon="0.88281">
        <ele>85.3</ele>
      </trkpt>
      <trkpt lat="40.963213" lon="0.88282">
        <ele>82.5</ele>
      </trkpt>
      <trkpt lat="40.963036" lon="0.882787">
        <ele>82.8</ele>
      </trkpt>
      <trkpt lat="40.962883" lon="0.882701">
        <ele>84.9</ele>
      </trkpt>
      <trkpt lat="40.962603" lon="0.88266">
        <ele>82.6</ele>
      </trkpt>
      <trkpt lat="40.962342" lon="0.882548">
        <ele>76.8</ele>
      </trkpt>
      <trkpt lat="40.962226" lon="0.88247">
        <ele>72.0</ele>
      </trkpt>
      <trkpt lat="40.96194" lon="0.882418">
        <ele>64.3</ele>
      </trkpt>
      <trkpt lat="40.961864" lon="0.882344">
        <ele>60.6</ele>
      </trkpt>
      <trkpt lat="40.961786" lon="0.882322">
        <ele>57.6</ele>
      </trkpt>
      <trkpt lat="40.961678" lon="0.882395">
        <ele>54.2</ele>
      </trkpt>
      <trkpt lat="40.961579" lon="0.882391">
        <ele>50.6</ele>
      </trkpt>
      <trkpt lat="40.961479" lon="0.882302">
        <ele>46.7</ele>
      </trkpt>
      <trkpt lat="40.961379" lon="0.882083">
        <ele>40.2</ele>
      </trkpt>
      <trkpt lat="40.961287" lon="0.881838">
        <ele>34.2</ele>
      </trkpt>
      <trkpt lat="40.96123" lon="0.881751">
        <ele>31.8</ele>
      </trkpt>
      <trkpt lat="40.960963" lon="0.881534">
        <ele>25.1</ele>
      </trkpt>
      <trkpt lat="40.960825" lon="0.881373">
        <ele>21.9</ele>
      </trkpt>
      <trkpt lat="40.960853" lon="0.88127">
        <ele>21.8</ele>
      </trkpt>
      <trkpt lat="40.960855" lon="0.881083">
        <ele>19.4</ele>
      </trkpt>
      <trkpt lat="40.960973" lon="0.880771">
        <ele>18.9</ele>
      </trkpt>
      <trkpt lat="40.961029" lon="0.880573">
        <ele>21.8</ele>
      </trkpt>
      <trkpt lat="40.961004" lon="0.880412">
        <ele>22.4</ele>
      </trkpt>
      <trkpt lat="40.960884" lon="0.880276">
        <ele>21.7</ele>
        <name>la Rojala, Vandellòs i l&apos;Hospitalet de l&apos;Infant, Baix Camp</name>
        <extensions>
          <oa:Extension>
            <oa:mapZoom>16</oa:mapZoom>
          </oa:Extension>
        </extensions>
      </trkpt>
      <trkpt lat="40.960687" lon="0.880052">
        <ele>20.5</ele>
      </trkpt>
      <trkpt lat="40.960369" lon="0.879693">
        <ele>19.7</ele>
      </trkpt>
      <trkpt lat="40.960086" lon="0.879358">
        <ele>18.9</ele>
      </trkpt>
      <trkpt lat="40.959802" lon="0.879022">
        <ele>14.3</ele>
      </trkpt>
      <trkpt lat="40.959741" lon="0.878835">
        <ele>13.5</ele>
      </trkpt>
      <trkpt lat="40.959732" lon="0.878709">
        <ele>13.0</ele>
      </trkpt>
      <trkpt lat="40.959709" lon="0.87865">
        <ele>12.7</ele>
      </trkpt>
      <trkpt lat="40.95968" lon="0.878585">
        <ele>12.4</ele>
      </trkpt>
      <trkpt lat="40.959635" lon="0.878521">
        <ele>11.5</ele>
      </trkpt>
      <trkpt lat="40.959587" lon="0.878481">
        <ele>10.9</ele>
      </trkpt>
      <trkpt lat="40.959527" lon="0.878438">
        <ele>10.2</ele>
      </trkpt>
      <trkpt lat="40.9594" lon="0.878261">
        <ele>8.6</ele>
      </trkpt>
      <trkpt lat="40.959342" lon="0.878171">
        <ele>8.1</ele>
      </trkpt>
      <trkpt lat="40.959266" lon="0.878108">
        <ele>8.0</ele>
      </trkpt>
      <trkpt lat="40.959219" lon="0.878089">
        <ele>7.5</ele>
      </trkpt>
      <trkpt lat="40.959175" lon="0.878054">
        <ele>5.5</ele>
      </trkpt>
      <trkpt lat="40.959131" lon="0.877955">
        <ele>1.3</ele>
      </trkpt>
      <trkpt lat="40.959391" lon="0.877719">
        <ele>1.4</ele>
      </trkpt>
      <trkpt lat="40.9595" lon="0.877596">
        <ele>1.7</ele>
      </trkpt>
      <trkpt lat="40.959552" lon="0.877519">
        <ele>1.9</ele>
      </trkpt>
      <trkpt lat="40.959624" lon="0.877365">
        <ele>2.8</ele>
      </trkpt>
      <trkpt lat="40.959674" lon="0.877268">
        <ele>3.5</ele>
      </trkpt>
      <trkpt lat="40.959757" lon="0.877165">
        <ele>4.5</ele>
      </trkpt>
      <trkpt lat="40.959835" lon="0.877007">
        <ele>6.3</ele>
      </trkpt>
      <trkpt lat="40.959836" lon="0.876943">
        <ele>7.1</ele>
      </trkpt>
      <trkpt lat="40.959837" lon="0.87689">
        <ele>7.7</ele>
      </trkpt>
      <trkpt lat="40.959788" lon="0.876766">
        <ele>9.1</ele>
      </trkpt>
      <trkpt lat="40.959687" lon="0.876684">
        <ele>9.0</ele>
      </trkpt>
      <trkpt lat="40.959747" lon="0.876412">
        <ele>9.6</ele>
      </trkpt>
      <trkpt lat="40.959751" lon="0.876095">
        <ele>10.1</ele>
      </trkpt>
      <trkpt lat="40.959755" lon="0.875779">
        <ele>11.3</ele>
      </trkpt>
      <trkpt lat="40.959661" lon="0.875303">
        <ele>12.9</ele>
      </trkpt>
      <trkpt lat="40.959567" lon="0.874827">
        <ele>15.4</ele>
      </trkpt>
      <trkpt lat="40.959473" lon="0.87435">
        <ele>18.4</ele>
      </trkpt>
      <trkpt lat="40.959378" lon="0.873874">
        <ele>21.2</ele>
      </trkpt>
      <trkpt lat="40.959292" lon="0.873405">
        <ele>23.5</ele>
      </trkpt>
      <trkpt lat="40.959206" lon="0.872935">
        <ele>26.2</ele>
      </trkpt>
      <trkpt lat="40.95912" lon="0.872465">
        <ele>28.8</ele>
      </trkpt>
      <trkpt lat="40.959033" lon="0.871995">
        <ele>31.7</ele>
      </trkpt>
      <trkpt lat="40.958935" lon="0.872063">
        <ele>31.2</ele>
      </trkpt>
      <trkpt lat="40.958821" lon="0.872141">
        <ele>30.5</ele>
      </trkpt>
      <trkpt lat="40.958707" lon="0.872232">
        <ele>30.0</ele>
      </trkpt>
      <trkpt lat="40.958634" lon="0.872329">
        <ele>29.9</ele>
      </trkpt>
      <trkpt lat="40.95864" lon="0.872689">
        <ele>30.1</ele>
      </trkpt>
      <trkpt lat="40.958603" lon="0.872749">
        <ele>29.9</ele>
      </trkpt>
      <trkpt lat="40.958544" lon="0.872793">
        <ele>29.8</ele>
      </trkpt>
      <trkpt lat="40.958257" lon="0.872805">
        <ele>29.7</ele>
      </trkpt>
      <trkpt lat="40.958154" lon="0.872801">
        <ele>29.7</ele>
      </trkpt>
      <trkpt lat="40.958088" lon="0.8727">
        <ele>29.8</ele>
      </trkpt>
      <trkpt lat="40.957992" lon="0.872355">
        <ele>29.9</ele>
      </trkpt>
      <trkpt lat="40.957937" lon="0.872201">
        <ele>30.2</ele>
      </trkpt>
      <trkpt lat="40.957862" lon="0.872104">
        <ele>30.5</ele>
      </trkpt>
      <trkpt lat="40.957764" lon="0.872082">
        <ele>30.8</ele>
      </trkpt>
      <trkpt lat="40.957644" lon="0.872145">
        <ele>30.9</ele>
      </trkpt>
      <trkpt lat="40.957434" lon="0.872258">
        <ele>30.9</ele>
      </trkpt>
      <trkpt lat="40.957368" lon="0.872256">
        <ele>30.8</ele>
      </trkpt>
      <trkpt lat="40.957259" lon="0.872253">
        <ele>30.7</ele>
      </trkpt>
      <trkpt lat="40.956935" lon="0.872087">
        <ele>30.1</ele>
      </trkpt>
      <trkpt lat="40.9566" lon="0.871957">
        <ele>29.7</ele>
      </trkpt>
      <trkpt lat="40.956468" lon="0.871857">
        <ele>29.8</ele>
      </trkpt>
      <trkpt lat="40.956424" lon="0.871707">
        <ele>30.2</ele>
      </trkpt>
      <trkpt lat="40.95642" lon="0.871607">
        <ele>30.5</ele>
      </trkpt>
      <trkpt lat="40.956413" lon="0.871465">
        <ele>30.9</ele>
      </trkpt>
      <trkpt lat="40.956461" lon="0.870944">
        <ele>32.6</ele>
      </trkpt>
      <trkpt lat="40.956244" lon="0.870639">
        <ele>30.3</ele>
      </trkpt>
      <trkpt lat="40.956112" lon="0.870583">
        <ele>27.1</ele>
      </trkpt>
      <trkpt lat="40.95608" lon="0.870455">
        <ele>23.0</ele>
      </trkpt>
      <trkpt lat="40.956136" lon="0.870308">
        <ele>22.0</ele>
      </trkpt>
      <trkpt lat="40.956153" lon="0.870205">
        <ele>20.6</ele>
      </trkpt>
      <trkpt lat="40.956094" lon="0.870141">
        <ele>18.0</ele>
      </trkpt>
      <trkpt lat="40.956277" lon="0.869822">
        <ele>20.0</ele>
      </trkpt>
      <trkpt lat="40.956408" lon="0.869754">
        <ele>20.1</ele>
      </trkpt>
      <trkpt lat="40.956649" lon="0.869533">
        <ele>19.8</ele>
      </trkpt>
      <trkpt lat="40.956799" lon="0.869292">
        <ele>20.4</ele>
      </trkpt>
      <trkpt lat="40.956948" lon="0.869052">
        <ele>20.5</ele>
      </trkpt>
      <trkpt lat="40.957037" lon="0.86883">
        <ele>21.2</ele>
        <name>Vandellòs i l&apos;Hospitalet de l&apos;Infant, Baix Camp</name>
        <extensions>
          <oa:Extension>
            <oa:mapZoom>16</oa:mapZoom>
          </oa:Extension>
        </extensions>
      </trkpt>
      <trkpt lat="40.957153" lon="0.868539">
        <ele>22.1</ele>
      </trkpt>
      <trkpt lat="40.957359" lon="0.868026">
        <ele>24.0</ele>
      </trkpt>
      <trkpt lat="40.957565" lon="0.867513">
        <ele>24.9</ele>
      </trkpt>
      <trkpt lat="40.957731" lon="0.867269">
        <ele>26.6</ele>
      </trkpt>
      <trkpt lat="40.957896" lon="0.867025">
        <ele>27.9</ele>
      </trkpt>
      <trkpt lat="40.958075" lon="0.866788">
        <ele>28.1</ele>
      </trkpt>
      <trkpt lat="40.958254" lon="0.866552">
        <ele>32.9</ele>
      </trkpt>
      <trkpt lat="40.958463" lon="0.866141">
        <ele>34.0</ele>
      </trkpt>
      <trkpt lat="40.958673" lon="0.86573">
        <ele>35.2</ele>
      </trkpt>
      <trkpt lat="40.958916" lon="0.865457">
        <ele>32.4</ele>
      </trkpt>
      <trkpt lat="40.959097" lon="0.865121">
        <ele>34.6</ele>
      </trkpt>
      <trkpt lat="40.959161" lon="0.864795">
        <ele>35.7</ele>
      </trkpt>
      <trkpt lat="40.959225" lon="0.864469">
        <ele>36.9</ele>
      </trkpt>
      <trkpt lat="40.959345" lon="0.864199">
        <ele>37.5</ele>
      </trkpt>
      <trkpt lat="40.959521" lon="0.864044">
        <ele>38.0</ele>
      </trkpt>
      <trkpt lat="40.959751" lon="0.864042">
        <ele>39.2</ele>
      </trkpt>
      <trkpt lat="40.959971" lon="0.864105">
        <ele>41.5</ele>
      </trkpt>
      <trkpt lat="40.960001" lon="0.864003">
        <ele>42.2</ele>
      </trkpt>
      <trkpt lat="40.95987" lon="0.863916">
        <ele>43.1</ele>
      </trkpt>
      <trkpt lat="40.959668" lon="0.863796">
        <ele>44.2</ele>
      </trkpt>
      <trkpt lat="40.959389" lon="0.863836">
        <ele>45.2</ele>
      </trkpt>
      <trkpt lat="40.959152" lon="0.864007">
        <ele>44.0</ele>
      </trkpt>
      <trkpt lat="40.959032" lon="0.864337">
        <ele>44.1</ele>
      </trkpt>
      <trkpt lat="40.958907" lon="0.864815">
        <ele>45.4</ele>
      </trkpt>
      <trkpt lat="40.958799" lon="0.865127">
        <ele>45.0</ele>
      </trkpt>
      <trkpt lat="40.958571" lon="0.865205">
        <ele>49.2</ele>
      </trkpt>
      <trkpt lat="40.958342" lon="0.865283">
        <ele>51.5</ele>
      </trkpt>
      <trkpt lat="40.958101" lon="0.865364">
        <ele>52.5</ele>
      </trkpt>
      <trkpt lat="40.957967" lon="0.865228">
        <ele>55.1</ele>
      </trkpt>
      <trkpt lat="40.957923" lon="0.865167">
        <ele>55.6</ele>
      </trkpt>
      <trkpt lat="40.957676" lon="0.864937">
        <ele>57.3</ele>
      </trkpt>
      <trkpt lat="40.957429" lon="0.864706">
        <ele>57.8</ele>
      </trkpt>
      <trkpt lat="40.957043" lon="0.864501">
        <ele>54.8</ele>
      </trkpt>
      <trkpt lat="40.956657" lon="0.864295">
        <ele>52.3</ele>
      </trkpt>
      <trkpt lat="40.956334" lon="0.864089">
        <ele>50.1</ele>
      </trkpt>
      <trkpt lat="40.956011" lon="0.863883">
        <ele>49.8</ele>
      </trkpt>
      <trkpt lat="40.955958" lon="0.863848">
        <ele>49.7</ele>
        <name>Camí del Barranc de la Batalla, Vandellòs i l&apos;Hospitalet de l&apos;Infant, Baix Camp</name>
        <extensions>
          <oa:Extension>
            <oa:mapZoom>16</oa:mapZoom>
          </oa:Extension>
        </extensions>
      </trkpt>
      <trkpt lat="40.955689" lon="0.863677">
        <ele>49.3</ele>
      </trkpt>
      <trkpt lat="40.955368" lon="0.863472">
        <ele>47.1</ele>
      </trkpt>
      <trkpt lat="40.955048" lon="0.863267">
        <ele>49.4</ele>
      </trkpt>
      <trkpt lat="40.954827" lon="0.863113">
        <ele>49.9</ele>
      </trkpt>
      <trkpt lat="40.954481" lon="0.862874">
        <ele>49.2</ele>
      </trkpt>
      <trkpt lat="40.954172" lon="0.862763">
        <ele>46.2</ele>
      </trkpt>
      <trkpt lat="40.953862" lon="0.862652">
        <ele>42.4</ele>
      </trkpt>
      <trkpt lat="40.953589" lon="0.862544">
        <ele>39.9</ele>
      </trkpt>
      <trkpt lat="40.953261" lon="0.862413">
        <ele>36.5</ele>
      </trkpt>
      <trkpt lat="40.952998" lon="0.862163">
        <ele>34.9</ele>
      </trkpt>
      <trkpt lat="40.952715" lon="0.861958">
        <ele>38.3</ele>
      </trkpt>
      <trkpt lat="40.952388" lon="0.861685">
        <ele>38.4</ele>
      </trkpt>
      <trkpt lat="40.952094" lon="0.861432">
        <ele>38.8</ele>
      </trkpt>
      <trkpt lat="40.951799" lon="0.861178">
        <ele>39.2</ele>
      </trkpt>
      <trkpt lat="40.951417" lon="0.860942">
        <ele>37.2</ele>
      </trkpt>
      <trkpt lat="40.951034" lon="0.860706">
        <ele>32.8</ele>
      </trkpt>
      <trkpt lat="40.950792" lon="0.860536">
        <ele>32.8</ele>
      </trkpt>
      <trkpt lat="40.950549" lon="0.860365">
        <ele>31.7</ele>
      </trkpt>
      <trkpt lat="40.950265" lon="0.860302">
        <ele>31.3</ele>
      </trkpt>
      <trkpt lat="40.949943" lon="0.859961">
        <ele>32.5</ele>
      </trkpt>
      <trkpt lat="40.94962" lon="0.859619">
        <ele>34.5</ele>
      </trkpt>
      <trkpt lat="40.949298" lon="0.859278">
        <ele>37.5</ele>
      </trkpt>
      <trkpt lat="40.94901" lon="0.858993">
        <ele>37.5</ele>
      </trkpt>
      <trkpt lat="40.948724" lon="0.858806">
        <ele>37.9</ele>
      </trkpt>
      <trkpt lat="40.948439" lon="0.858618">
        <ele>37.7</ele>
      </trkpt>
      <trkpt lat="40.948138" lon="0.858376">
        <ele>36.1</ele>
      </trkpt>
      <trkpt lat="40.947837" lon="0.858134">
        <ele>33.6</ele>
      </trkpt>
      <trkpt lat="40.947639" lon="0.857941">
        <ele>32.5</ele>
      </trkpt>
      <trkpt lat="40.947441" lon="0.857747">
        <ele>31.8</ele>
      </trkpt>
      <trkpt lat="40.947061" lon="0.85748">
        <ele>27.9</ele>
      </trkpt>
      <trkpt lat="40.946681" lon="0.857212">
        <ele>30.3</ele>
      </trkpt>
      <trkpt lat="40.946386" lon="0.856928">
        <ele>30.2</ele>
      </trkpt>
      <trkpt lat="40.946092" lon="0.856643">
        <ele>29.6</ele>
      </trkpt>
      <trkpt lat="40.945902" lon="0.856479">
        <ele>28.5</ele>
      </trkpt>
      <trkpt lat="40.945711" lon="0.856314">
        <ele>26.0</ele>
      </trkpt>
      <trkpt lat="40.945603" lon="0.856159">
        <ele>23.8</ele>
      </trkpt>
      <trkpt lat="40.945446" lon="0.856026">
        <ele>26.3</ele>
      </trkpt>
      <trkpt lat="40.945268" lon="0.855812">
        <ele>29.6</ele>
      </trkpt>
      <trkpt lat="40.945089" lon="0.855597">
        <ele>30.5</ele>
      </trkpt>
      <trkpt lat="40.9448" lon="0.855292">
        <ele>30.5</ele>
      </trkpt>
      <trkpt lat="40.94451" lon="0.854987">
        <ele>30.5</ele>
      </trkpt>
      <trkpt lat="40.944222" lon="0.854728">
        <ele>30.4</ele>
      </trkpt>
      <trkpt lat="40.943934" lon="0.85447">
        <ele>28.3</ele>
      </trkpt>
      <trkpt lat="40.943839" lon="0.85436">
        <ele>27.6</ele>
      </trkpt>
      <trkpt lat="40.943601" lon="0.854085">
        <ele>23.9</ele>
      </trkpt>
      <trkpt lat="40.9435" lon="0.853969">
        <ele>26.6</ele>
      </trkpt>
      <trkpt lat="40.943461" lon="0.853928">
        <ele>27.3</ele>
      </trkpt>
      <trkpt lat="40.94318" lon="0.853636">
        <ele>27.4</ele>
      </trkpt>
      <trkpt lat="40.9429" lon="0.853345">
        <ele>26.7</ele>
      </trkpt>
      <trkpt lat="40.942619" lon="0.853053">
        <ele>26.7</ele>
      </trkpt>
      <trkpt lat="40.942485" lon="0.852916">
        <ele>26.3</ele>
        <name>Camí del Barranc de la Batalla, Vandellòs i l&apos;Hospitalet de l&apos;Infant, Baix Camp</name>
        <extensions>
          <oa:Extension>
            <oa:mapZoom>16</oa:mapZoom>
          </oa:Extension>
        </extensions>
      </trkpt>
      <trkpt lat="40.942348" lon="0.852777">
        <ele>25.8</ele>
      </trkpt>
      <trkpt lat="40.942077" lon="0.852501">
        <ele>25.2</ele>
      </trkpt>
      <trkpt lat="40.941962" lon="0.852393">
        <ele>25.1</ele>
      </trkpt>
      <trkpt lat="40.941815" lon="0.852256">
        <ele>24.0</ele>
      </trkpt>
      <trkpt lat="40.941478" lon="0.851913">
        <ele>21.3</ele>
      </trkpt>
      <trkpt lat="40.941455" lon="0.851899">
        <ele>21.4</ele>
      </trkpt>
      <trkpt lat="40.941373" lon="0.851886">
        <ele>21.8</ele>
      </trkpt>
      <trkpt lat="40.941359" lon="0.852045">
        <ele>20.2</ele>
      </trkpt>
      <trkpt lat="40.941153" lon="0.852433">
        <ele>20.1</ele>
      </trkpt>
      <trkpt lat="40.941046" lon="0.852489">
        <ele>19.5</ele>
      </trkpt>
      <trkpt lat="40.940895" lon="0.85233">
        <ele>21.8</ele>
      </trkpt>
      <trkpt lat="40.94062" lon="0.851915">
        <ele>24.4</ele>
      </trkpt>
      <trkpt lat="40.940306" lon="0.85159">
        <ele>26.1</ele>
      </trkpt>
      <trkpt lat="40.940117" lon="0.851487">
        <ele>27.0</ele>
      </trkpt>
      <trkpt lat="40.939843" lon="0.851215">
        <ele>28.2</ele>
      </trkpt>
      <trkpt lat="40.93958" lon="0.851016">
        <ele>28.7</ele>
      </trkpt>
      <trkpt lat="40.939288" lon="0.850976">
        <ele>32.0</ele>
      </trkpt>
      <trkpt lat="40.939136" lon="0.851003">
        <ele>33.5</ele>
      </trkpt>
      <trkpt lat="40.938879" lon="0.851247">
        <ele>33.0</ele>
      </trkpt>
      <trkpt lat="40.938767" lon="0.851365">
        <ele>31.6</ele>
      </trkpt>
      <trkpt lat="40.938685" lon="0.851529">
        <ele>29.8</ele>
      </trkpt>
      <trkpt lat="40.938642" lon="0.851696">
        <ele>28.4</ele>
      </trkpt>
      <trkpt lat="40.938634" lon="0.851876">
        <ele>27.0</ele>
      </trkpt>
      <trkpt lat="40.938665" lon="0.852002">
        <ele>26.3</ele>
      </trkpt>
      <trkpt lat="40.938823" lon="0.852336">
        <ele>24.7</ele>
      </trkpt>
      <trkpt lat="40.938462" lon="0.852684">
        <ele>23.9</ele>
      </trkpt>
      <trkpt lat="40.938282" lon="0.852908">
        <ele>23.4</ele>
      </trkpt>
      <trkpt lat="40.938102" lon="0.853133">
        <ele>22.6</ele>
      </trkpt>
      <trkpt lat="40.937894" lon="0.853425">
        <ele>21.8</ele>
      </trkpt>
      <trkpt lat="40.937687" lon="0.853717">
        <ele>21.0</ele>
      </trkpt>
      <trkpt lat="40.937496" lon="0.853876">
        <ele>20.4</ele>
      </trkpt>
      <trkpt lat="40.937227" lon="0.853986">
        <ele>19.5</ele>
      </trkpt>
      <trkpt lat="40.937027" lon="0.854123">
        <ele>19.1</ele>
      </trkpt>
      <trkpt lat="40.93687" lon="0.854232">
        <ele>18.7</ele>
      </trkpt>
      <trkpt lat="40.936571" lon="0.854549">
        <ele>17.7</ele>
      </trkpt>
      <trkpt lat="40.936273" lon="0.854867">
        <ele>17.3</ele>
      </trkpt>
      <trkpt lat="40.936111" lon="0.855004">
        <ele>17.0</ele>
      </trkpt>
      <trkpt lat="40.936066" lon="0.85521">
        <ele>16.0</ele>
      </trkpt>
      <trkpt lat="40.936095" lon="0.855461">
        <ele>15.4</ele>
      </trkpt>
      <trkpt lat="40.936109" lon="0.855573">
        <ele>15.2</ele>
      </trkpt>
      <trkpt lat="40.93612" lon="0.855817">
        <ele>14.3</ele>
      </trkpt>
      <trkpt lat="40.936008" lon="0.856062">
        <ele>13.2</ele>
      </trkpt>
      <trkpt lat="40.935778" lon="0.856215">
        <ele>10.8</ele>
      </trkpt>
      <trkpt lat="40.93571" lon="0.856326">
        <ele>10.3</ele>
      </trkpt>
      <trkpt lat="40.935745" lon="0.856623">
        <ele>9.7</ele>
      </trkpt>
      <trkpt lat="40.935854" lon="0.856925">
        <ele>8.7</ele>
      </trkpt>
      <trkpt lat="40.935959" lon="0.857037">
        <ele>8.4</ele>
      </trkpt>
      <trkpt lat="40.935842" lon="0.857182">
        <ele>7.3</ele>
      </trkpt>
      <trkpt lat="40.935727" lon="0.857252">
        <ele>6.2</ele>
      </trkpt>
      <trkpt lat="40.935621" lon="0.857261">
        <ele>5.0</ele>
      </trkpt>
      <trkpt lat="40.935408" lon="0.85698">
        <ele>2.1</ele>
      </trkpt>
      <trkpt lat="40.935347" lon="0.856843">
        <ele>1.4</ele>
      </trkpt>
      <trkpt lat="40.935329" lon="0.856801">
        <ele>1.3</ele>
      </trkpt>
      <trkpt lat="40.93532" lon="0.856781">
        <ele>1.2</ele>
      </trkpt>
      <trkpt lat="40.935298" lon="0.856719">
        <ele>1.3</ele>
      </trkpt>
      <trkpt lat="40.935201" lon="0.85644">
        <ele>2.4</ele>
      </trkpt>
      <trkpt lat="40.935084" lon="0.856097">
        <ele>4.9</ele>
      </trkpt>
      <trkpt lat="40.935003" lon="0.855898">
        <ele>6.3</ele>
      </trkpt>
      <trkpt lat="40.934736" lon="0.855429">
        <ele>10.1</ele>
      </trkpt>
      <trkpt lat="40.934573" lon="0.855258">
        <ele>10.8</ele>
      </trkpt>
      <trkpt lat="40.934425" lon="0.855208">
        <ele>7.6</ele>
      </trkpt>
      <trkpt lat="40.9343" lon="0.85522">
        <ele>7.4</ele>
        <name>l&apos;Ametlla de Mar, Baix Ebre</name>
        <extensions>
          <oa:Extension>
            <oa:mapZoom>16</oa:mapZoom>
          </oa:Extension>
        </extensions>
      </trkpt>
      <trkpt lat="40.934195" lon="0.85523">
        <ele>7.2</ele>
      </trkpt>
      <trkpt lat="40.934067" lon="0.85523">
        <ele>10.0</ele>
      </trkpt>
      <trkpt lat="40.93402" lon="0.855105">
        <ele>13.2</ele>
      </trkpt>
      <trkpt lat="40.933884" lon="0.855047">
        <ele>12.4</ele>
      </trkpt>
      <trkpt lat="40.933752" lon="0.854956">
        <ele>12.0</ele>
      </trkpt>
      <trkpt lat="40.933608" lon="0.854773">
        <ele>14.7</ele>
      </trkpt>
      <trkpt lat="40.933556" lon="0.854569">
        <ele>14.7</ele>
      </trkpt>
      <trkpt lat="40.933505" lon="0.854379">
        <ele>15.1</ele>
      </trkpt>
      <trkpt lat="40.933466" lon="0.854315">
        <ele>14.8</ele>
      </trkpt>
      <trkpt lat="40.933468" lon="0.854254">
        <ele>14.5</ele>
      </trkpt>
      <trkpt lat="40.933485" lon="0.853983">
        <ele>15.7</ele>
      </trkpt>
      <trkpt lat="40.933445" lon="0.853922">
        <ele>13.7</ele>
      </trkpt>
      <trkpt lat="40.93343" lon="0.853808">
        <ele>15.5</ele>
      </trkpt>
      <trkpt lat="40.933421" lon="0.853695">
        <ele>16.0</ele>
      </trkpt>
      <trkpt lat="40.93339" lon="0.85367">
        <ele>15.0</ele>
      </trkpt>
      <trkpt lat="40.933375" lon="0.853693">
        <ele>14.8</ele>
      </trkpt>
      <trkpt lat="40.933329" lon="0.853669">
        <ele>11.7</ele>
      </trkpt>
      <trkpt lat="40.933287" lon="0.853569">
        <ele>14.2</ele>
      </trkpt>
      <trkpt lat="40.933186" lon="0.853491">
        <ele>16.6</ele>
      </trkpt>
      <trkpt lat="40.933012" lon="0.85345">
        <ele>16.9</ele>
      </trkpt>
      <trkpt lat="40.93282" lon="0.853313">
        <ele>12.8</ele>
      </trkpt>
      <trkpt lat="40.932691" lon="0.853179">
        <ele>17.1</ele>
      </trkpt>
      <trkpt lat="40.932519" lon="0.85299">
        <ele>18.0</ele>
      </trkpt>
      <trkpt lat="40.932405" lon="0.85292">
        <ele>17.8</ele>
      </trkpt>
      <trkpt lat="40.932257" lon="0.852704">
        <ele>16.6</ele>
      </trkpt>
      <trkpt lat="40.932198" lon="0.852658">
        <ele>14.5</ele>
      </trkpt>
      <trkpt lat="40.932134" lon="0.85238">
        <ele>13.0</ele>
      </trkpt>
      <trkpt lat="40.932041" lon="0.852346">
        <ele>13.2</ele>
      </trkpt>
      <trkpt lat="40.931952" lon="0.85223">
        <ele>16.0</ele>
      </trkpt>
      <trkpt lat="40.931881" lon="0.852086">
        <ele>16.2</ele>
      </trkpt>
      <trkpt lat="40.93187" lon="0.851979">
        <ele>16.0</ele>
      </trkpt>
      <trkpt lat="40.931918" lon="0.85188">
        <ele>16.8</ele>
      </trkpt>
      <trkpt lat="40.931718" lon="0.851568">
        <ele>18.1</ele>
      </trkpt>
      <trkpt lat="40.93161" lon="0.851536">
        <ele>18.3</ele>
      </trkpt>
      <trkpt lat="40.931405" lon="0.851148">
        <ele>18.6</ele>
      </trkpt>
      <trkpt lat="40.93133" lon="0.851113">
        <ele>18.2</ele>
      </trkpt>
      <trkpt lat="40.931272" lon="0.85106">
        <ele>17.9</ele>
      </trkpt>
      <trkpt lat="40.93118" lon="0.850966">
        <ele>17.9</ele>
      </trkpt>
      <trkpt lat="40.930949" lon="0.850673">
        <ele>17.9</ele>
      </trkpt>
      <trkpt lat="40.930603" lon="0.850317">
        <ele>18.0</ele>
      </trkpt>
      <trkpt lat="40.930443" lon="0.850102">
        <ele>18.0</ele>
      </trkpt>
      <trkpt lat="40.93042" lon="0.850019">
        <ele>17.9</ele>
      </trkpt>
      <trkpt lat="40.930392" lon="0.849807">
        <ele>18.3</ele>
      </trkpt>
      <trkpt lat="40.9304" lon="0.849617">
        <ele>18.5</ele>
      </trkpt>
      <trkpt lat="40.930433" lon="0.849273">
        <ele>18.6</ele>
      </trkpt>
      <trkpt lat="40.930452" lon="0.849183">
        <ele>18.7</ele>
      </trkpt>
      <trkpt lat="40.930194" lon="0.848878">
        <ele>18.9</ele>
      </trkpt>
      <trkpt lat="40.929936" lon="0.848573">
        <ele>19.4</ele>
      </trkpt>
      <trkpt lat="40.929715" lon="0.848316">
        <ele>18.3</ele>
      </trkpt>
      <trkpt lat="40.929493" lon="0.848059">
        <ele>17.8</ele>
      </trkpt>
      <trkpt lat="40.929351" lon="0.847893">
        <ele>17.9</ele>
      </trkpt>
      <trkpt lat="40.92926" lon="0.84781">
        <ele>18.0</ele>
      </trkpt>
      <trkpt lat="40.92914" lon="0.847748">
        <ele>18.0</ele>
      </trkpt>
      <trkpt lat="40.928879" lon="0.847675">
        <ele>17.6</ele>
      </trkpt>
      <trkpt lat="40.928743" lon="0.847635">
        <ele>17.1</ele>
      </trkpt>
      <trkpt lat="40.928605" lon="0.847579">
        <ele>16.9</ele>
      </trkpt>
      <trkpt lat="40.928558" lon="0.847547">
        <ele>17.0</ele>
      </trkpt>
      <trkpt lat="40.928549" lon="0.847533">
        <ele>17.0</ele>
      </trkpt>
      <trkpt lat="40.928488" lon="0.847474">
        <ele>17.1</ele>
      </trkpt>
      <trkpt lat="40.928443" lon="0.847432">
        <ele>17.2</ele>
      </trkpt>
      <trkpt lat="40.92833" lon="0.847261">
        <ele>17.5</ele>
      </trkpt>
      <trkpt lat="40.928106" lon="0.847666">
        <ele>16.4</ele>
      </trkpt>
      <trkpt lat="40.927882" lon="0.848071">
        <ele>15.3</ele>
      </trkpt>
      <trkpt lat="40.927826" lon="0.848248">
        <ele>15.0</ele>
      </trkpt>
      <trkpt lat="40.927604" lon="0.848627">
        <ele>13.9</ele>
      </trkpt>
      <trkpt lat="40.927334" lon="0.849089">
        <ele>12.8</ele>
      </trkpt>
      <trkpt lat="40.927104" lon="0.848846">
        <ele>12.4</ele>
      </trkpt>
      <trkpt lat="40.927086" lon="0.848573">
        <ele>12.8</ele>
      </trkpt>
      <trkpt lat="40.926903" lon="0.848385">
        <ele>12.4</ele>
      </trkpt>
      <trkpt lat="40.926721" lon="0.848197">
        <ele>9.2</ele>
      </trkpt>
      <trkpt lat="40.926784" lon="0.847975">
        <ele>9.4</ele>
      </trkpt>
      <trkpt lat="40.926809" lon="0.847844">
        <ele>9.2</ele>
      </trkpt>
      <trkpt lat="40.926784" lon="0.847804">
        <ele>5.9</ele>
      </trkpt>
      <trkpt lat="40.926842" lon="0.847654">
        <ele>9.6</ele>
      </trkpt>
      <trkpt lat="40.926892" lon="0.847545">
        <ele>9.8</ele>
      </trkpt>
      <trkpt lat="40.926853" lon="0.847458">
        <ele>6.7</ele>
      </trkpt>
      <trkpt lat="40.926856" lon="0.84729">
        <ele>3.3</ele>
      </trkpt>
      <trkpt lat="40.926788" lon="0.847299">
        <ele>1.9</ele>
      </trkpt>
      <trkpt lat="40.926733" lon="0.847294">
        <ele>1.6</ele>
      </trkpt>
      <trkpt lat="40.92668" lon="0.84729">
        <ele>1.5</ele>
      </trkpt>
      <trkpt lat="40.926424" lon="0.847494">
        <ele>4.8</ele>
      </trkpt>
      <trkpt lat="40.926277" lon="0.84775">
        <ele>9.6</ele>
      </trkpt>
      <trkpt lat="40.926234" lon="0.847833">
        <ele>10.5</ele>
      </trkpt>
      <trkpt lat="40.926181" lon="0.847916">
        <ele>10.5</ele>
      </trkpt>
      <trkpt lat="40.926072" lon="0.848048">
        <ele>9.7</ele>
      </trkpt>
      <trkpt lat="40.926033" lon="0.848034">
        <ele>11.3</ele>
      </trkpt>
      <trkpt lat="40.92593" lon="0.847924">
        <ele>11.7</ele>
      </trkpt>
      <trkpt lat="40.925855" lon="0.847569">
        <ele>12.3</ele>
      </trkpt>
      <trkpt lat="40.92594" lon="0.847479">
        <ele>12.4</ele>
      </trkpt>
      <trkpt lat="40.925943" lon="0.847457">
        <ele>12.5</ele>
        <name>Tarragona, Catalunya (Catalonia)</name>
        <extensions>
          <oa:Extension>
            <oa:mapZoom>16</oa:mapZoom>
          </oa:Extension>
        </extensions>
      </trkpt>
      <trkpt lat="40.925953" lon="0.847396">
        <ele>12.7</ele>
      </trkpt>
      <trkpt lat="40.925719" lon="0.847147">
        <ele>12.9</ele>
      </trkpt>
      <trkpt lat="40.92565" lon="0.847135">
        <ele>12.8</ele>
      </trkpt>
      <trkpt lat="40.925547" lon="0.847087">
        <ele>12.7</ele>
      </trkpt>
      <trkpt lat="40.92546" lon="0.846989">
        <ele>12.6</ele>
      </trkpt>
      <trkpt lat="40.925389" lon="0.846923">
        <ele>12.7</ele>
      </trkpt>
      <trkpt lat="40.92529" lon="0.846796">
        <ele>12.7</ele>
      </trkpt>
      <trkpt lat="40.925225" lon="0.846709">
        <ele>12.7</ele>
      </trkpt>
      <trkpt lat="40.925192" lon="0.846646">
        <ele>12.7</ele>
      </trkpt>
      <trkpt lat="40.925161" lon="0.846551">
        <ele>12.7</ele>
      </trkpt>
      <trkpt lat="40.925122" lon="0.84638">
        <ele>12.4</ele>
      </trkpt>
      <trkpt lat="40.925056" lon="0.846084">
        <ele>12.4</ele>
      </trkpt>
      <trkpt lat="40.924989" lon="0.845788">
        <ele>13.3</ele>
      </trkpt>
      <trkpt lat="40.924894" lon="0.845719">
        <ele>13.4</ele>
      </trkpt>
      <trkpt lat="40.924799" lon="0.845731">
        <ele>13.1</ele>
      </trkpt>
      <trkpt lat="40.924632" lon="0.845751">
        <ele>12.7</ele>
      </trkpt>
      <trkpt lat="40.924387" lon="0.845672">
        <ele>12.1</ele>
      </trkpt>
      <trkpt lat="40.924075" lon="0.845363">
        <ele>11.8</ele>
      </trkpt>
      <trkpt lat="40.923847" lon="0.844974">
        <ele>10.7</ele>
      </trkpt>
      <trkpt lat="40.92362" lon="0.844586">
        <ele>11.1</ele>
      </trkpt>
      <trkpt lat="40.923393" lon="0.844198">
        <ele>11.5</ele>
      </trkpt>
      <trkpt lat="40.923165" lon="0.843809">
        <ele>11.2</ele>
      </trkpt>
      <trkpt lat="40.923044" lon="0.843576">
        <ele>10.9</ele>
      </trkpt>
      <trkpt lat="40.922915" lon="0.843089">
        <ele>10.2</ele>
      </trkpt>
      <trkpt lat="40.922909" lon="0.843005">
        <ele>10.6</ele>
      </trkpt>
      <trkpt lat="40.922889" lon="0.842702">
        <ele>11.2</ele>
      </trkpt>
      <trkpt lat="40.92288" lon="0.8423">
        <ele>11.6</ele>
      </trkpt>
      <trkpt lat="40.922905" lon="0.841982">
        <ele>12.3</ele>
      </trkpt>
      <trkpt lat="40.922812" lon="0.841915">
        <ele>12.0</ele>
      </trkpt>
      <trkpt lat="40.922681" lon="0.841763">
        <ele>11.6</ele>
      </trkpt>
      <trkpt lat="40.922653" lon="0.84166">
        <ele>11.6</ele>
      </trkpt>
      <trkpt lat="40.922564" lon="0.841375">
        <ele>11.0</ele>
      </trkpt>
      <trkpt lat="40.922499" lon="0.841291">
        <ele>7.3</ele>
      </trkpt>
      <trkpt lat="40.922552" lon="0.841178">
        <ele>6.8</ele>
      </trkpt>
      <trkpt lat="40.922537" lon="0.841172">
        <ele>6.1</ele>
      </trkpt>
      <trkpt lat="40.922411" lon="0.84122">
        <ele>1.4</ele>
      </trkpt>
      <trkpt lat="40.922346" lon="0.841121">
        <ele>0.7</ele>
      </trkpt>
      <trkpt lat="40.922249" lon="0.840928">
        <ele>1.1</ele>
      </trkpt>
      <trkpt lat="40.922218" lon="0.840916">
        <ele>2.0</ele>
      </trkpt>
      <trkpt lat="40.922182" lon="0.840907">
        <ele>3.7</ele>
      </trkpt>
      <trkpt lat="40.922126" lon="0.84091">
        <ele>5.7</ele>
      </trkpt>
      <trkpt lat="40.922058" lon="0.84093">
        <ele>7.1</ele>
      </trkpt>
      <trkpt lat="40.922017" lon="0.840945">
        <ele>7.5</ele>
      </trkpt>
      <trkpt lat="40.921982" lon="0.840948">
        <ele>8.0</ele>
      </trkpt>
      <trkpt lat="40.921943" lon="0.840939">
        <ele>9.0</ele>
      </trkpt>
      <trkpt lat="40.921885" lon="0.840921">
        <ele>9.8</ele>
      </trkpt>
      <trkpt lat="40.921867" lon="0.840915">
        <ele>9.8</ele>
      </trkpt>
      <trkpt lat="40.921749" lon="0.840919">
        <ele>9.7</ele>
      </trkpt>
      <trkpt lat="40.921555" lon="0.840984">
        <ele>9.6</ele>
      </trkpt>
      <trkpt lat="40.921416" lon="0.84102">
        <ele>9.2</ele>
      </trkpt>
      <trkpt lat="40.921339" lon="0.840962">
        <ele>8.8</ele>
      </trkpt>
      <trkpt lat="40.921207" lon="0.84087">
        <ele>8.2</ele>
      </trkpt>
      <trkpt lat="40.921138" lon="0.840836">
        <ele>8.0</ele>
      </trkpt>
      <trkpt lat="40.921067" lon="0.840746">
        <ele>7.8</ele>
      </trkpt>
      <trkpt lat="40.92102" lon="0.840626">
        <ele>7.1</ele>
      </trkpt>
      <trkpt lat="40.921008" lon="0.840487">
        <ele>4.5</ele>
      </trkpt>
      <trkpt lat="40.920967" lon="0.84036">
        <ele>4.9</ele>
      </trkpt>
      <trkpt lat="40.920808" lon="0.84028">
        <ele>6.3</ele>
      </trkpt>
      <trkpt lat="40.920676" lon="0.839959">
        <ele>7.4</ele>
      </trkpt>
      <trkpt lat="40.92056" lon="0.839864">
        <ele>6.6</ele>
      </trkpt>
      <trkpt lat="40.920516" lon="0.839766">
        <ele>6.6</ele>
      </trkpt>
      <trkpt lat="40.920431" lon="0.839657">
        <ele>6.8</ele>
      </trkpt>
      <trkpt lat="40.920342" lon="0.839442">
        <ele>6.6</ele>
      </trkpt>
      <trkpt lat="40.920315" lon="0.839318">
        <ele>6.3</ele>
      </trkpt>
      <trkpt lat="40.920256" lon="0.839257">
        <ele>5.7</ele>
      </trkpt>
      <trkpt lat="40.920189" lon="0.839203">
        <ele>6.1</ele>
      </trkpt>
      <trkpt lat="40.920087" lon="0.83906">
        <ele>6.4</ele>
      </trkpt>
      <trkpt lat="40.920021" lon="0.838797">
        <ele>6.3</ele>
      </trkpt>
      <trkpt lat="40.919999" lon="0.83863">
        <ele>5.0</ele>
      </trkpt>
      <trkpt lat="40.919935" lon="0.838364">
        <ele>5.6</ele>
      </trkpt>
      <trkpt lat="40.91991" lon="0.838262">
        <ele>7.0</ele>
      </trkpt>
      <trkpt lat="40.919817" lon="0.838022">
        <ele>5.9</ele>
      </trkpt>
      <trkpt lat="40.919809" lon="0.838014">
        <ele>5.8</ele>
      </trkpt>
      <trkpt lat="40.919754" lon="0.837963">
        <ele>6.2</ele>
      </trkpt>
      <trkpt lat="40.919706" lon="0.837953">
        <ele>6.1</ele>
      </trkpt>
      <trkpt lat="40.919614" lon="0.838016">
        <ele>4.5</ele>
      </trkpt>
      <trkpt lat="40.919498" lon="0.838069">
        <ele>5.2</ele>
      </trkpt>
      <trkpt lat="40.919272" lon="0.838029">
        <ele>5.4</ele>
      </trkpt>
      <trkpt lat="40.919193" lon="0.837931">
        <ele>2.5</ele>
      </trkpt>
      <trkpt lat="40.919224" lon="0.837881">
        <ele>1.4</ele>
      </trkpt>
      <trkpt lat="40.91944" lon="0.837789">
        <ele>2.6</ele>
      </trkpt>
      <trkpt lat="40.91945" lon="0.837675">
        <ele>0.5</ele>
      </trkpt>
      <trkpt lat="40.919428" lon="0.837567">
        <ele>1.0</ele>
      </trkpt>
      <trkpt lat="40.919388" lon="0.837371">
        <ele>1.7</ele>
      </trkpt>
      <trkpt lat="40.919127" lon="0.837378">
        <ele>1.6</ele>
      </trkpt>
      <trkpt lat="40.919094" lon="0.837343">
        <ele>2.3</ele>
      </trkpt>
      <trkpt lat="40.919085" lon="0.837312">
        <ele>2.8</ele>
      </trkpt>
      <trkpt lat="40.919112" lon="0.837175">
        <ele>5.6</ele>
      </trkpt>
      <trkpt lat="40.919106" lon="0.836999">
        <ele>6.1</ele>
        <name>l&apos;Ametlla de Mar, Baix Ebre</name>
        <extensions>
          <oa:Extension>
            <oa:mapZoom>16</oa:mapZoom>
          </oa:Extension>
        </extensions>
      </trkpt>
      <trkpt lat="40.919106" lon="0.836992">
        <ele>6.2</ele>
      </trkpt>
      <trkpt lat="40.919126" lon="0.836754">
        <ele>6.5</ele>
      </trkpt>
      <trkpt lat="40.919165" lon="0.83659">
        <ele>5.8</ele>
      </trkpt>
      <trkpt lat="40.919176" lon="0.836543">
        <ele>5.7</ele>
      </trkpt>
      <trkpt lat="40.919137" lon="0.836408">
        <ele>5.4</ele>
      </trkpt>
      <trkpt lat="40.919037" lon="0.836387">
        <ele>6.3</ele>
      </trkpt>
      <trkpt lat="40.918947" lon="0.836373">
        <ele>6.6</ele>
      </trkpt>
      <trkpt lat="40.918819" lon="0.836357">
        <ele>6.5</ele>
      </trkpt>
      <trkpt lat="40.918734" lon="0.836376">
        <ele>5.7</ele>
      </trkpt>
      <trkpt lat="40.918617" lon="0.836405">
        <ele>4.8</ele>
      </trkpt>
      <trkpt lat="40.918491" lon="0.836343">
        <ele>3.9</ele>
      </trkpt>
      <trkpt lat="40.9184" lon="0.836274">
        <ele>3.7</ele>
      </trkpt>
      <trkpt lat="40.918288" lon="0.836186">
        <ele>3.3</ele>
      </trkpt>
      <trkpt lat="40.918144" lon="0.836419">
        <ele>3.4</ele>
      </trkpt>
      <trkpt lat="40.918056" lon="0.836594">
        <ele>4.6</ele>
      </trkpt>
      <trkpt lat="40.918028" lon="0.836651">
        <ele>5.1</ele>
      </trkpt>
      <trkpt lat="40.917983" lon="0.836709">
        <ele>5.1</ele>
      </trkpt>
      <trkpt lat="40.917945" lon="0.836737">
        <ele>5.1</ele>
      </trkpt>
      <trkpt lat="40.917914" lon="0.836746">
        <ele>5.1</ele>
      </trkpt>
      <trkpt lat="40.917882" lon="0.836738">
        <ele>5.2</ele>
      </trkpt>
      <trkpt lat="40.917843" lon="0.836714">
        <ele>5.3</ele>
      </trkpt>
      <trkpt lat="40.917609" lon="0.836525">
        <ele>5.9</ele>
      </trkpt>
      <trkpt lat="40.917532" lon="0.836452">
        <ele>5.4</ele>
      </trkpt>
      <trkpt lat="40.917424" lon="0.8363">
        <ele>5.2</ele>
      </trkpt>
      <trkpt lat="40.917412" lon="0.836286">
        <ele>5.3</ele>
      </trkpt>
      <trkpt lat="40.917318" lon="0.836204">
        <ele>5.3</ele>
      </trkpt>
      <trkpt lat="40.917259" lon="0.836156">
        <ele>5.4</ele>
      </trkpt>
      <trkpt lat="40.917211" lon="0.836139">
        <ele>5.5</ele>
      </trkpt>
      <trkpt lat="40.917179" lon="0.836142">
        <ele>5.7</ele>
      </trkpt>
      <trkpt lat="40.91692" lon="0.83623">
        <ele>6.1</ele>
      </trkpt>
      <trkpt lat="40.916815" lon="0.836257">
        <ele>6.0</ele>
      </trkpt>
      <trkpt lat="40.916692" lon="0.836268">
        <ele>5.8</ele>
      </trkpt>
      <trkpt lat="40.916588" lon="0.836242">
        <ele>5.9</ele>
      </trkpt>
      <trkpt lat="40.916526" lon="0.836204">
        <ele>6.1</ele>
      </trkpt>
      <trkpt lat="40.91623" lon="0.836166">
        <ele>6.2</ele>
      </trkpt>
      <trkpt lat="40.916194" lon="0.836192">
        <ele>6.3</ele>
      </trkpt>
      <trkpt lat="40.916116" lon="0.836208">
        <ele>6.4</ele>
      </trkpt>
      <trkpt lat="40.916081" lon="0.836217">
        <ele>6.4</ele>
      </trkpt>
      <trkpt lat="40.916051" lon="0.836217">
        <ele>6.4</ele>
      </trkpt>
      <trkpt lat="40.91587" lon="0.836126">
        <ele>6.5</ele>
      </trkpt>
      <trkpt lat="40.915633" lon="0.836007">
        <ele>6.4</ele>
      </trkpt>
      <trkpt lat="40.915805" lon="0.835538">
        <ele>6.8</ele>
      </trkpt>
      <trkpt lat="40.915976" lon="0.835069">
        <ele>7.8</ele>
      </trkpt>
      <trkpt lat="40.916148" lon="0.8346">
        <ele>8.6</ele>
      </trkpt>
      <trkpt lat="40.915846" lon="0.834737">
        <ele>8.1</ele>
      </trkpt>
      <trkpt lat="40.915545" lon="0.834873">
        <ele>6.0</ele>
      </trkpt>
      <trkpt lat="40.915444" lon="0.834711">
        <ele>3.5</ele>
      </trkpt>
      <trkpt lat="40.915389" lon="0.834632">
        <ele>2.7</ele>
      </trkpt>
      <trkpt lat="40.91535" lon="0.834577">
        <ele>2.5</ele>
      </trkpt>
      <trkpt lat="40.915337" lon="0.834442">
        <ele>1.7</ele>
      </trkpt>
      <trkpt lat="40.915532" lon="0.834209">
        <ele>1.9</ele>
      </trkpt>
      <trkpt lat="40.915763" lon="0.834056">
        <ele>2.2</ele>
      </trkpt>
      <trkpt lat="40.915937" lon="0.833877">
        <ele>2.3</ele>
      </trkpt>
      <trkpt lat="40.916063" lon="0.833746">
        <ele>2.2</ele>
      </trkpt>
      <trkpt lat="40.916088" lon="0.833633">
        <ele>0.7</ele>
      </trkpt>
      <trkpt lat="40.916019" lon="0.833473">
        <ele>2.8</ele>
      </trkpt>
      <trkpt lat="40.915856" lon="0.833595">
        <ele>3.0</ele>
      </trkpt>
      <trkpt lat="40.915585" lon="0.833788">
        <ele>2.7</ele>
      </trkpt>
      <trkpt lat="40.915314" lon="0.833981">
        <ele>2.1</ele>
      </trkpt>
      <trkpt lat="40.915132" lon="0.834095">
        <ele>2.1</ele>
      </trkpt>
      <trkpt lat="40.915059" lon="0.834076">
        <ele>4.3</ele>
      </trkpt>
      <trkpt lat="40.914885" lon="0.834489">
        <ele>5.4</ele>
      </trkpt>
      <trkpt lat="40.914786" lon="0.834664">
        <ele>6.1</ele>
      </trkpt>
      <trkpt lat="40.91476" lon="0.834667">
        <ele>6.1</ele>
      </trkpt>
      <trkpt lat="40.914627" lon="0.834685">
        <ele>5.9</ele>
      </trkpt>
      <trkpt lat="40.914337" lon="0.834358">
        <ele>6.0</ele>
      </trkpt>
      <trkpt lat="40.914171" lon="0.834423">
        <ele>5.6</ele>
      </trkpt>
      <trkpt lat="40.914016" lon="0.834119">
        <ele>5.9</ele>
      </trkpt>
      <trkpt lat="40.913862" lon="0.833815">
        <ele>6.1</ele>
      </trkpt>
      <trkpt lat="40.913718" lon="0.833725">
        <ele>5.9</ele>
      </trkpt>
      <trkpt lat="40.913584" lon="0.833655">
        <ele>5.7</ele>
      </trkpt>
      <trkpt lat="40.913465" lon="0.833083">
        <ele>6.4</ele>
      </trkpt>
      <trkpt lat="40.913375" lon="0.833036">
        <ele>5.3</ele>
      </trkpt>
      <trkpt lat="40.913308" lon="0.832599">
        <ele>5.1</ele>
      </trkpt>
      <trkpt lat="40.913281" lon="0.832373">
        <ele>4.6</ele>
      </trkpt>
      <trkpt lat="40.913157" lon="0.832133">
        <ele>3.6</ele>
      </trkpt>
      <trkpt lat="40.913058" lon="0.831976">
        <ele>3.6</ele>
      </trkpt>
      <trkpt lat="40.913003" lon="0.831965">
        <ele>3.3</ele>
      </trkpt>
      <trkpt lat="40.912929" lon="0.832191">
        <ele>3.2</ele>
      </trkpt>
      <trkpt lat="40.912863" lon="0.832329">
        <ele>3.8</ele>
      </trkpt>
      <trkpt lat="40.912667" lon="0.83234">
        <ele>3.5</ele>
      </trkpt>
      <trkpt lat="40.912527" lon="0.832041">
        <ele>1.5</ele>
      </trkpt>
      <trkpt lat="40.912467" lon="0.831936">
        <ele>1.0</ele>
      </trkpt>
      <trkpt lat="40.912171" lon="0.831962">
        <ele>0.6</ele>
      </trkpt>
      <trkpt lat="40.912101" lon="0.83196">
        <ele>0.6</ele>
        <name>Sant Jordi d&apos;Alfama, Catalunya (Catalonia)</name>
        <extensions>
          <oa:Extension>
            <oa:mapZoom>16</oa:mapZoom>
          </oa:Extension>
        </extensions>
      </trkpt>
      <trkpt lat="40.911941" lon="0.831954">
        <ele>0.7</ele>
      </trkpt>
      <trkpt lat="40.911711" lon="0.831945">
        <ele>1.6</ele>
      </trkpt>
      <trkpt lat="40.911497" lon="0.831779">
        <ele>7.2</ele>
      </trkpt>
      <trkpt lat="40.911389" lon="0.831662">
        <ele>7.6</ele>
      </trkpt>
      <trkpt lat="40.911067" lon="0.831603">
        <ele>7.2</ele>
      </trkpt>
      <trkpt lat="40.911036" lon="0.831598">
        <ele>7.2</ele>
      </trkpt>
      <trkpt lat="40.911076" lon="0.831179">
        <ele>7.4</ele>
      </trkpt>
      <trkpt lat="40.911078" lon="0.83108">
        <ele>7.2</ele>
      </trkpt>
      <trkpt lat="40.911086" lon="0.831033">
        <ele>7.3</ele>
      </trkpt>
      <trkpt lat="40.911097" lon="0.830988">
        <ele>7.3</ele>
      </trkpt>
      <trkpt lat="40.911099" lon="0.830955">
        <ele>7.3</ele>
      </trkpt>
      <trkpt lat="40.911096" lon="0.830931">
        <ele>7.3</ele>
      </trkpt>
      <trkpt lat="40.911086" lon="0.830905">
        <ele>7.3</ele>
      </trkpt>
      <trkpt lat="40.911049" lon="0.830847">
        <ele>7.3</ele>
      </trkpt>
      <trkpt lat="40.91099" lon="0.830726">
        <ele>7.3</ele>
      </trkpt>
      <trkpt lat="40.910952" lon="0.830555">
        <ele>7.4</ele>
      </trkpt>
      <trkpt lat="40.910916" lon="0.830465">
        <ele>7.0</ele>
      </trkpt>
      <trkpt lat="40.910848" lon="0.830342">
        <ele>2.0</ele>
      </trkpt>
      <trkpt lat="40.910907" lon="0.830269">
        <ele>2.9</ele>
      </trkpt>
      <trkpt lat="40.910944" lon="0.830155">
        <ele>2.3</ele>
      </trkpt>
      <trkpt lat="40.910989" lon="0.83004">
        <ele>2.7</ele>
      </trkpt>
      <trkpt lat="40.910965" lon="0.830001">
        <ele>1.0</ele>
      </trkpt>
      <trkpt lat="40.910687" lon="0.829549">
        <ele>0.8</ele>
      </trkpt>
      <trkpt lat="40.910638" lon="0.829537">
        <ele>1.3</ele>
      </trkpt>
      <trkpt lat="40.910469" lon="0.829663">
        <ele>3.7</ele>
      </trkpt>
      <trkpt lat="40.910424" lon="0.829677">
        <ele>3.7</ele>
      </trkpt>
      <trkpt lat="40.910385" lon="0.829672">
        <ele>3.9</ele>
      </trkpt>
      <trkpt lat="40.91034" lon="0.829662">
        <ele>3.8</ele>
      </trkpt>
      <trkpt lat="40.910271" lon="0.829607">
        <ele>3.6</ele>
      </trkpt>
      <trkpt lat="40.910228" lon="0.829639">
        <ele>3.8</ele>
      </trkpt>
      <trkpt lat="40.910122" lon="0.829789">
        <ele>5.5</ele>
      </trkpt>
      <trkpt lat="40.910074" lon="0.829835">
        <ele>5.9</ele>
      </trkpt>
      <trkpt lat="40.910028" lon="0.829857">
        <ele>6.5</ele>
      </trkpt>
      <trkpt lat="40.909993" lon="0.829859">
        <ele>6.6</ele>
      </trkpt>
      <trkpt lat="40.909963" lon="0.829839">
        <ele>6.7</ele>
      </trkpt>
      <trkpt lat="40.909947" lon="0.829785">
        <ele>6.7</ele>
      </trkpt>
      <trkpt lat="40.909935" lon="0.829729">
        <ele>6.6</ele>
      </trkpt>
      <trkpt lat="40.909931" lon="0.829648">
        <ele>6.6</ele>
      </trkpt>
      <trkpt lat="40.909944" lon="0.82932">
        <ele>7.6</ele>
      </trkpt>
      <trkpt lat="40.909941" lon="0.829229">
        <ele>8.2</ele>
      </trkpt>
      <trkpt lat="40.909902" lon="0.829179">
        <ele>8.4</ele>
      </trkpt>
      <trkpt lat="40.909892" lon="0.82918">
        <ele>8.4</ele>
      </trkpt>
      <trkpt lat="40.909882" lon="0.829177">
        <ele>8.4</ele>
      </trkpt>
      <trkpt lat="40.909873" lon="0.829172">
        <ele>8.4</ele>
      </trkpt>
      <trkpt lat="40.909833" lon="0.829209">
        <ele>8.4</ele>
      </trkpt>
      <trkpt lat="40.90958" lon="0.829201">
        <ele>8.6</ele>
      </trkpt>
      <trkpt lat="40.909506" lon="0.82897">
        <ele>8.5</ele>
      </trkpt>
      <trkpt lat="40.909215" lon="0.828667">
        <ele>9.7</ele>
      </trkpt>
      <trkpt lat="40.909161" lon="0.828428">
        <ele>9.8</ele>
      </trkpt>
      <trkpt lat="40.90913" lon="0.82829">
        <ele>9.5</ele>
      </trkpt>
      <trkpt lat="40.909032" lon="0.828109">
        <ele>10.1</ele>
      </trkpt>
      <trkpt lat="40.908844" lon="0.828036">
        <ele>10.0</ele>
      </trkpt>
      <trkpt lat="40.908638" lon="0.827854">
        <ele>10.5</ele>
      </trkpt>
      <trkpt lat="40.908517" lon="0.827675">
        <ele>10.7</ele>
      </trkpt>
      <trkpt lat="40.908473" lon="0.82754">
        <ele>10.8</ele>
      </trkpt>
      <trkpt lat="40.908429" lon="0.827373">
        <ele>10.7</ele>
      </trkpt>
      <trkpt lat="40.908434" lon="0.8273">
        <ele>10.9</ele>
      </trkpt>
      <trkpt lat="40.908509" lon="0.827158">
        <ele>11.1</ele>
      </trkpt>
      <trkpt lat="40.908536" lon="0.82702">
        <ele>11.3</ele>
      </trkpt>
      <trkpt lat="40.908577" lon="0.826932">
        <ele>11.7</ele>
      </trkpt>
      <trkpt lat="40.908558" lon="0.826812">
        <ele>11.1</ele>
      </trkpt>
      <trkpt lat="40.908597" lon="0.826744">
        <ele>11.4</ele>
      </trkpt>
      <trkpt lat="40.908626" lon="0.82647">
        <ele>8.9</ele>
      </trkpt>
      <trkpt lat="40.908696" lon="0.826246">
        <ele>5.9</ele>
      </trkpt>
      <trkpt lat="40.908679" lon="0.826209">
        <ele>5.0</ele>
      </trkpt>
      <trkpt lat="40.908696" lon="0.826058">
        <ele>4.1</ele>
      </trkpt>
      <trkpt lat="40.908654" lon="0.825935">
        <ele>2.4</ele>
      </trkpt>
      <trkpt lat="40.908608" lon="0.825863">
        <ele>1.9</ele>
      </trkpt>
      <trkpt lat="40.908567" lon="0.825784">
        <ele>1.2</ele>
      </trkpt>
      <trkpt lat="40.908542" lon="0.825775">
        <ele>1.0</ele>
      </trkpt>
      <trkpt lat="40.908497" lon="0.825769">
        <ele>0.8</ele>
      </trkpt>
      <trkpt lat="40.908368" lon="0.825781">
        <ele>0.9</ele>
      </trkpt>
      <trkpt lat="40.908346" lon="0.825807">
        <ele>1.1</ele>
      </trkpt>
      <trkpt lat="40.908178" lon="0.826">
        <ele>2.0</ele>
      </trkpt>
      <trkpt lat="40.908145" lon="0.82596">
        <ele>5.0</ele>
      </trkpt>
      <trkpt lat="40.908115" lon="0.825989">
        <ele>5.4</ele>
      </trkpt>
      <trkpt lat="40.908077" lon="0.825982">
        <ele>7.5</ele>
      </trkpt>
      <trkpt lat="40.90792" lon="0.826197">
        <ele>9.7</ele>
      </trkpt>
      <trkpt lat="40.907804" lon="0.826259">
        <ele>11.3</ele>
      </trkpt>
      <trkpt lat="40.907785" lon="0.826285">
        <ele>11.3</ele>
      </trkpt>
      <trkpt lat="40.907724" lon="0.826372">
        <ele>10.3</ele>
      </trkpt>
      <trkpt lat="40.907666" lon="0.826477">
        <ele>10.8</ele>
      </trkpt>
      <trkpt lat="40.907589" lon="0.826634">
        <ele>10.5</ele>
      </trkpt>
      <trkpt lat="40.907512" lon="0.826685">
        <ele>10.3</ele>
      </trkpt>
      <trkpt lat="40.907375" lon="0.826616">
        <ele>10.8</ele>
      </trkpt>
      <trkpt lat="40.907207" lon="0.826535">
        <ele>11.3</ele>
      </trkpt>
      <trkpt lat="40.90708" lon="0.826342">
        <ele>10.4</ele>
      </trkpt>
      <trkpt lat="40.907014" lon="0.826295">
        <ele>9.7</ele>
      </trkpt>
      <trkpt lat="40.906945" lon="0.82604">
        <ele>6.2</ele>
      </trkpt>
      <trkpt lat="40.906871" lon="0.826135">
        <ele>2.4</ele>
      </trkpt>
      <trkpt lat="40.906835" lon="0.826189">
        <ele>1.6</ele>
      </trkpt>
      <trkpt lat="40.906744" lon="0.826157">
        <ele>2.4</ele>
      </trkpt>
      <trkpt lat="40.906689" lon="0.826219">
        <ele>2.0</ele>
      </trkpt>
      <trkpt lat="40.906574" lon="0.826248">
        <ele>3.6</ele>
      </trkpt>
      <trkpt lat="40.906518" lon="0.826257">
        <ele>3.7</ele>
      </trkpt>
      <trkpt lat="40.906483" lon="0.826262">
        <ele>3.0</ele>
      </trkpt>
      <trkpt lat="40.906386" lon="0.82624">
        <ele>2.2</ele>
      </trkpt>
      <trkpt lat="40.906293" lon="0.826295">
        <ele>2.2</ele>
      </trkpt>
      <trkpt lat="40.906177" lon="0.826273">
        <ele>7.8</ele>
      </trkpt>
      <trkpt lat="40.906056" lon="0.826546">
        <ele>5.7</ele>
      </trkpt>
      <trkpt lat="40.906012" lon="0.826619">
        <ele>5.8</ele>
      </trkpt>
      <trkpt lat="40.905852" lon="0.826903">
        <ele>5.6</ele>
      </trkpt>
      <trkpt lat="40.905734" lon="0.827082">
        <ele>6.4</ele>
      </trkpt>
      <trkpt lat="40.905627" lon="0.827136">
        <ele>6.2</ele>
      </trkpt>
      <trkpt lat="40.905586" lon="0.827085">
        <ele>6.2</ele>
      </trkpt>
      <trkpt lat="40.905572" lon="0.826998">
        <ele>7.1</ele>
      </trkpt>
      <trkpt lat="40.905434" lon="0.826852">
        <ele>7.4</ele>
      </trkpt>
      <trkpt lat="40.905294" lon="0.826557">
        <ele>8.1</ele>
      </trkpt>
      <trkpt lat="40.905211" lon="0.826521">
        <ele>7.4</ele>
      </trkpt>
      <trkpt lat="40.905167" lon="0.826426">
        <ele>5.7</ele>
      </trkpt>
      <trkpt lat="40.905104" lon="0.826401">
        <ele>3.8</ele>
      </trkpt>
      <trkpt lat="40.905046" lon="0.826415">
        <ele>3.6</ele>
      </trkpt>
      <trkpt lat="40.904955" lon="0.82635">
        <ele>3.3</ele>
      </trkpt>
      <trkpt lat="40.904884" lon="0.826368">
        <ele>2.0</ele>
      </trkpt>
      <trkpt lat="40.904691" lon="0.826284">
        <ele>1.7</ele>
      </trkpt>
      <trkpt lat="40.904611" lon="0.826179">
        <ele>2.3</ele>
      </trkpt>
      <trkpt lat="40.904485" lon="0.826135">
        <ele>1.8</ele>
      </trkpt>
      <trkpt lat="40.904344" lon="0.826229">
        <ele>1.6</ele>
      </trkpt>
      <trkpt lat="40.904229" lon="0.826171">
        <ele>5.1</ele>
      </trkpt>
      <trkpt lat="40.90419" lon="0.826237">
        <ele>7.3</ele>
      </trkpt>
      <trkpt lat="40.904209" lon="0.826364">
        <ele>6.2</ele>
      </trkpt>
      <trkpt lat="40.904116" lon="0.826528">
        <ele>8.5</ele>
      </trkpt>
      <trkpt lat="40.903871" lon="0.826521">
        <ele>9.3</ele>
      </trkpt>
      <trkpt lat="40.903648" lon="0.826564">
        <ele>9.5</ele>
      </trkpt>
      <trkpt lat="40.903444" lon="0.826546">
        <ele>9.7</ele>
      </trkpt>
      <trkpt lat="40.90343" lon="0.826364">
        <ele>10.1</ele>
      </trkpt>
      <trkpt lat="40.903455" lon="0.826189">
        <ele>10.5</ele>
      </trkpt>
      <trkpt lat="40.903562" lon="0.825982">
        <ele>10.8</ele>
      </trkpt>
      <trkpt lat="40.903615" lon="0.825854">
        <ele>10.7</ele>
      </trkpt>
      <trkpt lat="40.903615" lon="0.82572">
        <ele>9.3</ele>
      </trkpt>
      <trkpt lat="40.903496" lon="0.825501">
        <ele>10.6</ele>
      </trkpt>
      <trkpt lat="40.903351" lon="0.825457">
        <ele>10.4</ele>
      </trkpt>
      <trkpt lat="40.903293" lon="0.82545">
        <ele>9.4</ele>
      </trkpt>
      <trkpt lat="40.903136" lon="0.825377">
        <ele>7.4</ele>
      </trkpt>
      <trkpt lat="40.903111" lon="0.825399">
        <ele>6.3</ele>
      </trkpt>
      <trkpt lat="40.903026" lon="0.825326">
        <ele>6.0</ele>
      </trkpt>
      <trkpt lat="40.903048" lon="0.825159">
        <ele>8.6</ele>
      </trkpt>
      <trkpt lat="40.902976" lon="0.825046">
        <ele>6.1</ele>
      </trkpt>
      <trkpt lat="40.902804" lon="0.824794">
        <ele>6.0</ele>
        <name>les Tres Cales, l&apos;Ametlla de Mar</name>
        <extensions>
          <oa:Extension>
            <oa:mapZoom>16</oa:mapZoom>
          </oa:Extension>
        </extensions>
      </trkpt>
      <trkpt lat="40.902775" lon="0.824751">
        <ele>6.0</ele>
      </trkpt>
      <trkpt lat="40.902717" lon="0.824707">
        <ele>4.7</ele>
      </trkpt>
      <trkpt lat="40.902698" lon="0.824369">
        <ele>5.1</ele>
      </trkpt>
      <trkpt lat="40.902717" lon="0.824248">
        <ele>3.0</ele>
      </trkpt>
      <trkpt lat="40.90274" lon="0.824154">
        <ele>2.2</ele>
      </trkpt>
      <trkpt lat="40.902747" lon="0.824044">
        <ele>2.1</ele>
      </trkpt>
      <trkpt lat="40.902461" lon="0.823939">
        <ele>3.3</ele>
      </trkpt>
      <trkpt lat="40.902423" lon="0.823929">
        <ele>2.9</ele>
      </trkpt>
      <trkpt lat="40.902343" lon="0.823881">
        <ele>4.3</ele>
      </trkpt>
      <trkpt lat="40.90231" lon="0.823906">
        <ele>4.6</ele>
      </trkpt>
      <trkpt lat="40.902291" lon="0.823921">
        <ele>5.0</ele>
      </trkpt>
      <trkpt lat="40.902189" lon="0.824008">
        <ele>9.0</ele>
      </trkpt>
      <trkpt lat="40.90204" lon="0.824332">
        <ele>10.3</ele>
      </trkpt>
      <trkpt lat="40.90201" lon="0.824485">
        <ele>9.7</ele>
      </trkpt>
      <trkpt lat="40.901966" lon="0.824598">
        <ele>10.3</ele>
      </trkpt>
      <trkpt lat="40.901903" lon="0.824674">
        <ele>8.6</ele>
      </trkpt>
      <trkpt lat="40.901776" lon="0.824693">
        <ele>9.7</ele>
      </trkpt>
      <trkpt lat="40.90163" lon="0.824747">
        <ele>8.7</ele>
      </trkpt>
      <trkpt lat="40.901476" lon="0.824652">
        <ele>11.0</ele>
      </trkpt>
      <trkpt lat="40.901305" lon="0.824602">
        <ele>5.0</ele>
      </trkpt>
      <trkpt lat="40.901344" lon="0.824525">
        <ele>9.4</ele>
      </trkpt>
      <trkpt lat="40.901327" lon="0.824467">
        <ele>10.3</ele>
      </trkpt>
      <trkpt lat="40.901206" lon="0.824358">
        <ele>11.4</ele>
      </trkpt>
      <trkpt lat="40.901038" lon="0.824248">
        <ele>11.7</ele>
      </trkpt>
      <trkpt lat="40.90081" lon="0.824033">
        <ele>12.9</ele>
      </trkpt>
      <trkpt lat="40.900601" lon="0.82381">
        <ele>13.4</ele>
      </trkpt>
      <trkpt lat="40.900606" lon="0.82376">
        <ele>13.1</ele>
      </trkpt>
      <trkpt lat="40.900724" lon="0.823279">
        <ele>14.4</ele>
      </trkpt>
      <trkpt lat="40.900714" lon="0.823258">
        <ele>14.4</ele>
      </trkpt>
      <trkpt lat="40.900757" lon="0.822945">
        <ele>14.6</ele>
      </trkpt>
      <trkpt lat="40.900799" lon="0.822632">
        <ele>14.9</ele>
      </trkpt>
      <trkpt lat="40.900726" lon="0.822629">
        <ele>15.0</ele>
      </trkpt>
      <trkpt lat="40.900648" lon="0.822638">
        <ele>15.0</ele>
      </trkpt>
      <trkpt lat="40.900452" lon="0.822662">
        <ele>15.0</ele>
      </trkpt>
      <trkpt lat="40.900417" lon="0.82258">
        <ele>14.1</ele>
      </trkpt>
      <trkpt lat="40.900313" lon="0.822511">
        <ele>7.6</ele>
      </trkpt>
      <trkpt lat="40.900224" lon="0.822777">
        <ele>9.9</ele>
      </trkpt>
      <trkpt lat="40.900216" lon="0.822794">
        <ele>10.1</ele>
      </trkpt>
      <trkpt lat="40.900193" lon="0.82285">
        <ele>10.6</ele>
      </trkpt>
      <trkpt lat="40.90013" lon="0.822879">
        <ele>7.8</ele>
      </trkpt>
      <trkpt lat="40.900039" lon="0.822854">
        <ele>3.8</ele>
      </trkpt>
      <trkpt lat="40.899994" lon="0.822732">
        <ele>1.2</ele>
      </trkpt>
      <trkpt lat="40.899929" lon="0.822558">
        <ele>1.4</ele>
      </trkpt>
      <trkpt lat="40.899917" lon="0.822522">
        <ele>1.3</ele>
      </trkpt>
      <trkpt lat="40.899775" lon="0.822384">
        <ele>1.9</ele>
      </trkpt>
      <trkpt lat="40.899628" lon="0.822257">
        <ele>2.9</ele>
      </trkpt>
      <trkpt lat="40.899408" lon="0.822185">
        <ele>4.7</ele>
      </trkpt>
      <trkpt lat="40.89918" lon="0.822092">
        <ele>8.3</ele>
      </trkpt>
      <trkpt lat="40.898908" lon="0.821987">
        <ele>12.3</ele>
      </trkpt>
      <trkpt lat="40.898641" lon="0.821834">
        <ele>11.9</ele>
      </trkpt>
      <trkpt lat="40.898492" lon="0.821684">
        <ele>13.0</ele>
      </trkpt>
      <trkpt lat="40.898393" lon="0.821495">
        <ele>12.9</ele>
      </trkpt>
      <trkpt lat="40.898308" lon="0.821295">
        <ele>13.1</ele>
      </trkpt>
      <trkpt lat="40.898176" lon="0.821091">
        <ele>13.7</ele>
      </trkpt>
      <trkpt lat="40.897944" lon="0.820763">
        <ele>13.5</ele>
      </trkpt>
      <trkpt lat="40.897903" lon="0.820701">
        <ele>13.0</ele>
      </trkpt>
      <trkpt lat="40.897908" lon="0.820625">
        <ele>12.7</ele>
      </trkpt>
      <trkpt lat="40.897912" lon="0.820601">
        <ele>12.7</ele>
      </trkpt>
      <trkpt lat="40.897931" lon="0.820395">
        <ele>12.5</ele>
      </trkpt>
      <trkpt lat="40.898008" lon="0.820108">
        <ele>12.7</ele>
      </trkpt>
      <trkpt lat="40.898021" lon="0.819907">
        <ele>12.7</ele>
      </trkpt>
      <trkpt lat="40.897983" lon="0.819762">
        <ele>12.6</ele>
      </trkpt>
      <trkpt lat="40.897988" lon="0.81959">
        <ele>12.8</ele>
      </trkpt>
      <trkpt lat="40.898099" lon="0.819557">
        <ele>13.3</ele>
      </trkpt>
      <trkpt lat="40.898088" lon="0.819517">
        <ele>13.4</ele>
      </trkpt>
      <trkpt lat="40.898081" lon="0.819483">
        <ele>13.4</ele>
      </trkpt>
      <trkpt lat="40.898078" lon="0.819447">
        <ele>13.4</ele>
      </trkpt>
      <trkpt lat="40.898076" lon="0.819414">
        <ele>13.2</ele>
      </trkpt>
      <trkpt lat="40.898069" lon="0.819383">
        <ele>13.1</ele>
      </trkpt>
      <trkpt lat="40.898053" lon="0.819351">
        <ele>13.1</ele>
      </trkpt>
      <trkpt lat="40.898035" lon="0.819336">
        <ele>13.1</ele>
      </trkpt>
      <trkpt lat="40.897951" lon="0.819264">
        <ele>13.5</ele>
      </trkpt>
      <trkpt lat="40.897872" lon="0.819213">
        <ele>13.7</ele>
      </trkpt>
      <trkpt lat="40.897787" lon="0.819158">
        <ele>14.1</ele>
      </trkpt>
      <trkpt lat="40.897765" lon="0.819143">
        <ele>14.3</ele>
      </trkpt>
      <trkpt lat="40.897592" lon="0.819015">
        <ele>15.1</ele>
      </trkpt>
      <trkpt lat="40.897438" lon="0.818913">
        <ele>15.4</ele>
      </trkpt>
      <trkpt lat="40.897259" lon="0.818724">
        <ele>15.7</ele>
      </trkpt>
      <trkpt lat="40.897196" lon="0.818651">
        <ele>15.6</ele>
      </trkpt>
      <trkpt lat="40.897147" lon="0.818595">
        <ele>15.6</ele>
      </trkpt>
      <trkpt lat="40.897127" lon="0.818595">
        <ele>15.6</ele>
      </trkpt>
      <trkpt lat="40.897101" lon="0.818622">
        <ele>15.5</ele>
      </trkpt>
      <trkpt lat="40.897034" lon="0.818689">
        <ele>15.2</ele>
      </trkpt>
      <trkpt lat="40.896907" lon="0.818614">
        <ele>14.9</ele>
      </trkpt>
      <trkpt lat="40.89673" lon="0.818487">
        <ele>15.6</ele>
      </trkpt>
      <trkpt lat="40.896601" lon="0.818312">
        <ele>15.7</ele>
      </trkpt>
      <trkpt lat="40.896494" lon="0.818214">
        <ele>15.7</ele>
      </trkpt>
      <trkpt lat="40.896182" lon="0.81792">
        <ele>15.6</ele>
        <name>la Cala Nova, l&apos;Ametlla de Mar, Baix Ebre</name>
        <extensions>
          <oa:Extension>
            <oa:mapZoom>16</oa:mapZoom>
          </oa:Extension>
        </extensions>
      </trkpt>
      <trkpt lat="40.89616" lon="0.8179">
        <ele>15.6</ele>
      </trkpt>
      <trkpt lat="40.895964" lon="0.817719">
        <ele>15.3</ele>
      </trkpt>
      <trkpt lat="40.895768" lon="0.817538">
        <ele>15.2</ele>
      </trkpt>
      <trkpt lat="40.895488" lon="0.817271">
        <ele>11.8</ele>
      </trkpt>
      <trkpt lat="40.895397" lon="0.817566">
        <ele>8.3</ele>
      </trkpt>
      <trkpt lat="40.895307" lon="0.817856">
        <ele>3.5</ele>
      </trkpt>
      <trkpt lat="40.895212" lon="0.817808">
        <ele>3.4</ele>
      </trkpt>
      <trkpt lat="40.895167" lon="0.817796">
        <ele>3.8</ele>
      </trkpt>
      <trkpt lat="40.89513" lon="0.817744">
        <ele>7.0</ele>
      </trkpt>
      <trkpt lat="40.895133" lon="0.817721">
        <ele>7.8</ele>
      </trkpt>
      <trkpt lat="40.895149" lon="0.817681">
        <ele>8.2</ele>
      </trkpt>
      <trkpt lat="40.895134" lon="0.817661">
        <ele>9.4</ele>
      </trkpt>
      <trkpt lat="40.895083" lon="0.817711">
        <ele>10.0</ele>
      </trkpt>
      <trkpt lat="40.895023" lon="0.817726">
        <ele>11.2</ele>
      </trkpt>
      <trkpt lat="40.894861" lon="0.817892">
        <ele>12.8</ele>
      </trkpt>
      <trkpt lat="40.894642" lon="0.818049">
        <ele>12.1</ele>
      </trkpt>
      <trkpt lat="40.894489" lon="0.818144">
        <ele>10.9</ele>
      </trkpt>
      <trkpt lat="40.89417" lon="0.818105">
        <ele>10.8</ele>
      </trkpt>
      <trkpt lat="40.894035" lon="0.817857">
        <ele>13.0</ele>
      </trkpt>
      <trkpt lat="40.893935" lon="0.817756">
        <ele>13.3</ele>
      </trkpt>
      <trkpt lat="40.893704" lon="0.817663">
        <ele>12.7</ele>
      </trkpt>
      <trkpt lat="40.89357" lon="0.817681">
        <ele>12.4</ele>
      </trkpt>
      <trkpt lat="40.893437" lon="0.817696">
        <ele>11.4</ele>
      </trkpt>
      <trkpt lat="40.893361" lon="0.817559">
        <ele>10.7</ele>
      </trkpt>
      <trkpt lat="40.893295" lon="0.81723">
        <ele>8.5</ele>
      </trkpt>
      <trkpt lat="40.89332" lon="0.816997">
        <ele>6.5</ele>
      </trkpt>
      <trkpt lat="40.8934" lon="0.816827">
        <ele>8.1</ele>
      </trkpt>
      <trkpt lat="40.893665" lon="0.816552">
        <ele>9.1</ele>
      </trkpt>
      <trkpt lat="40.893906" lon="0.816374">
        <ele>9.7</ele>
      </trkpt>
      <trkpt lat="40.893953" lon="0.816343">
        <ele>9.6</ele>
      </trkpt>
      <trkpt lat="40.893945" lon="0.8163">
        <ele>8.3</ele>
      </trkpt>
      <trkpt lat="40.893992" lon="0.816181">
        <ele>4.8</ele>
      </trkpt>
      <trkpt lat="40.893942" lon="0.816134">
        <ele>2.6</ele>
      </trkpt>
      <trkpt lat="40.893833" lon="0.816125">
        <ele>1.2</ele>
      </trkpt>
      <trkpt lat="40.893741" lon="0.81613">
        <ele>1.5</ele>
      </trkpt>
      <trkpt lat="40.893602" lon="0.816065">
        <ele>1.4</ele>
      </trkpt>
      <trkpt lat="40.893507" lon="0.815875">
        <ele>1.8</ele>
      </trkpt>
      <trkpt lat="40.893549" lon="0.815806">
        <ele>2.7</ele>
      </trkpt>
      <trkpt lat="40.89371" lon="0.81567">
        <ele>6.0</ele>
      </trkpt>
      <trkpt lat="40.893695" lon="0.815625">
        <ele>7.3</ele>
      </trkpt>
      <trkpt lat="40.893553" lon="0.815574">
        <ele>12.3</ele>
      </trkpt>
      <trkpt lat="40.893417" lon="0.815642">
        <ele>13.2</ele>
      </trkpt>
      <trkpt lat="40.893303" lon="0.815767">
        <ele>12.6</ele>
      </trkpt>
      <trkpt lat="40.893174" lon="0.815888">
        <ele>12.3</ele>
      </trkpt>
      <trkpt lat="40.893042" lon="0.816005">
        <ele>12.9</ele>
      </trkpt>
      <trkpt lat="40.892877" lon="0.816268">
        <ele>10.7</ele>
      </trkpt>
      <trkpt lat="40.892783" lon="0.816425">
        <ele>10.7</ele>
      </trkpt>
      <trkpt lat="40.892739" lon="0.816533">
        <ele>10.2</ele>
      </trkpt>
      <trkpt lat="40.89268" lon="0.816648">
        <ele>11.1</ele>
      </trkpt>
      <trkpt lat="40.892662" lon="0.816678">
        <ele>11.2</ele>
      </trkpt>
      <trkpt lat="40.892608" lon="0.816809">
        <ele>10.4</ele>
      </trkpt>
      <trkpt lat="40.892412" lon="0.816837">
        <ele>8.5</ele>
      </trkpt>
      <trkpt lat="40.892214" lon="0.816841">
        <ele>8.1</ele>
      </trkpt>
      <trkpt lat="40.892143" lon="0.8168">
        <ele>7.1</ele>
      </trkpt>
      <trkpt lat="40.892115" lon="0.816648">
        <ele>6.0</ele>
      </trkpt>
      <trkpt lat="40.89207" lon="0.816399">
        <ele>10.1</ele>
      </trkpt>
      <trkpt lat="40.892087" lon="0.816257">
        <ele>11.1</ele>
      </trkpt>
      <trkpt lat="40.892085" lon="0.816074">
        <ele>10.8</ele>
      </trkpt>
      <trkpt lat="40.892084" lon="0.815817">
        <ele>11.1</ele>
      </trkpt>
      <trkpt lat="40.892152" lon="0.815461">
        <ele>11.3</ele>
      </trkpt>
      <trkpt lat="40.892256" lon="0.81523">
        <ele>9.5</ele>
      </trkpt>
      <trkpt lat="40.892317" lon="0.815095">
        <ele>10.3</ele>
      </trkpt>
      <trkpt lat="40.892319" lon="0.814989">
        <ele>10.4</ele>
      </trkpt>
      <trkpt lat="40.892229" lon="0.814784">
        <ele>11.6</ele>
      </trkpt>
      <trkpt lat="40.892214" lon="0.814713">
        <ele>11.6</ele>
      </trkpt>
      <trkpt lat="40.892214" lon="0.814456">
        <ele>11.4</ele>
      </trkpt>
      <trkpt lat="40.892205" lon="0.81423">
        <ele>10.8</ele>
      </trkpt>
      <trkpt lat="40.892207" lon="0.814057">
        <ele>9.9</ele>
      </trkpt>
      <trkpt lat="40.892208" lon="0.813973">
        <ele>9.7</ele>
      </trkpt>
      <trkpt lat="40.892111" lon="0.814001">
        <ele>10.1</ele>
      </trkpt>
      <trkpt lat="40.892022" lon="0.814014">
        <ele>10.2</ele>
      </trkpt>
      <trkpt lat="40.891944" lon="0.813982">
        <ele>10.5</ele>
      </trkpt>
      <trkpt lat="40.891819" lon="0.813932">
        <ele>11.4</ele>
      </trkpt>
      <trkpt lat="40.891681" lon="0.813861">
        <ele>3.4</ele>
      </trkpt>
      <trkpt lat="40.891503" lon="0.813453">
        <ele>12.0</ele>
      </trkpt>
      <trkpt lat="40.891399" lon="0.813257">
        <ele>13.6</ele>
      </trkpt>
      <trkpt lat="40.891201" lon="0.813049">
        <ele>13.7</ele>
      </trkpt>
      <trkpt lat="40.891124" lon="0.812968">
        <ele>12.1</ele>
      </trkpt>
      <trkpt lat="40.8911" lon="0.812927">
        <ele>10.6</ele>
      </trkpt>
      <trkpt lat="40.891048" lon="0.812876">
        <ele>9.1</ele>
      </trkpt>
      <trkpt lat="40.891024" lon="0.812649">
        <ele>7.8</ele>
      </trkpt>
      <trkpt lat="40.890932" lon="0.812526">
        <ele>7.9</ele>
      </trkpt>
      <trkpt lat="40.890863" lon="0.812473">
        <ele>6.6</ele>
      </trkpt>
      <trkpt lat="40.890721" lon="0.812364">
        <ele>8.8</ele>
      </trkpt>
      <trkpt lat="40.890525" lon="0.812354">
        <ele>9.3</ele>
      </trkpt>
      <trkpt lat="40.890244" lon="0.812317">
        <ele>10.2</ele>
      </trkpt>
      <trkpt lat="40.890054" lon="0.811992">
        <ele>7.0</ele>
      </trkpt>
      <trkpt lat="40.889896" lon="0.811675">
        <ele>9.0</ele>
      </trkpt>
      <trkpt lat="40.889854" lon="0.811479">
        <ele>11.6</ele>
      </trkpt>
      <trkpt lat="40.889741" lon="0.811302">
        <ele>9.9</ele>
      </trkpt>
      <trkpt lat="40.88973" lon="0.811023">
        <ele>6.7</ele>
      </trkpt>
      <trkpt lat="40.889653" lon="0.810799">
        <ele>5.2</ele>
      </trkpt>
      <trkpt lat="40.889442" lon="0.810497">
        <ele>9.3</ele>
      </trkpt>
      <trkpt lat="40.889533" lon="0.810101">
        <ele>6.4</ele>
      </trkpt>
      <trkpt lat="40.889558" lon="0.809957">
        <ele>5.4</ele>
      </trkpt>
      <trkpt lat="40.889529" lon="0.809949">
        <ele>4.8</ele>
      </trkpt>
      <trkpt lat="40.889484" lon="0.809938">
        <ele>5.4</ele>
      </trkpt>
      <trkpt lat="40.889174" lon="0.810199">
        <ele>7.6</ele>
      </trkpt>
      <trkpt lat="40.889054" lon="0.810255">
        <ele>8.1</ele>
      </trkpt>
      <trkpt lat="40.888889" lon="0.810362">
        <ele>10.2</ele>
      </trkpt>
      <trkpt lat="40.888692" lon="0.810213">
        <ele>10.7</ele>
      </trkpt>
      <trkpt lat="40.888505" lon="0.810064">
        <ele>10.3</ele>
      </trkpt>
      <trkpt lat="40.888396" lon="0.809766">
        <ele>7.4</ele>
      </trkpt>
      <trkpt lat="40.888315" lon="0.809645">
        <ele>5.7</ele>
      </trkpt>
      <trkpt lat="40.88821" lon="0.809584">
        <ele>8.1</ele>
      </trkpt>
      <trkpt lat="40.888118" lon="0.809472">
        <ele>10.6</ele>
      </trkpt>
      <trkpt lat="40.88803" lon="0.809347">
        <ele>9.7</ele>
      </trkpt>
      <trkpt lat="40.887995" lon="0.809176">
        <ele>7.1</ele>
        <name>l&apos;Ametlla de Mar, Baix Ebre</name>
        <extensions>
          <oa:Extension>
            <oa:mapZoom>16</oa:mapZoom>
          </oa:Extension>
        </extensions>
      </trkpt>
      <trkpt lat="40.887967" lon="0.809035">
        <ele>5.0</ele>
      </trkpt>
      <trkpt lat="40.887836" lon="0.808895">
        <ele>4.1</ele>
      </trkpt>
      <trkpt lat="40.887825" lon="0.808835">
        <ele>3.7</ele>
      </trkpt>
      <trkpt lat="40.887824" lon="0.80877">
        <ele>2.9</ele>
      </trkpt>
      <trkpt lat="40.887896" lon="0.808588">
        <ele>2.8</ele>
      </trkpt>
      <trkpt lat="40.88792" lon="0.808552">
        <ele>3.2</ele>
      </trkpt>
      <trkpt lat="40.887932" lon="0.808513">
        <ele>3.1</ele>
      </trkpt>
      <trkpt lat="40.887931" lon="0.808476">
        <ele>2.9</ele>
      </trkpt>
      <trkpt lat="40.887917" lon="0.808449">
        <ele>2.8</ele>
      </trkpt>
      <trkpt lat="40.8879" lon="0.808443">
        <ele>2.7</ele>
      </trkpt>
      <trkpt lat="40.887666" lon="0.808441">
        <ele>4.8</ele>
      </trkpt>
      <trkpt lat="40.887432" lon="0.808438">
        <ele>5.3</ele>
      </trkpt>
      <trkpt lat="40.887322" lon="0.808392">
        <ele>6.9</ele>
      </trkpt>
      <trkpt lat="40.887291" lon="0.808285">
        <ele>8.3</ele>
      </trkpt>
      <trkpt lat="40.887192" lon="0.80795">
        <ele>5.5</ele>
      </trkpt>
      <trkpt lat="40.887073" lon="0.807675">
        <ele>5.7</ele>
      </trkpt>
      <trkpt lat="40.887178" lon="0.807372">
        <ele>8.5</ele>
      </trkpt>
      <trkpt lat="40.887234" lon="0.807111">
        <ele>6.2</ele>
      </trkpt>
      <trkpt lat="40.88716" lon="0.806795">
        <ele>4.3</ele>
      </trkpt>
      <trkpt lat="40.887071" lon="0.806709">
        <ele>2.5</ele>
      </trkpt>
      <trkpt lat="40.886865" lon="0.806543">
        <ele>2.1</ele>
      </trkpt>
      <trkpt lat="40.886748" lon="0.806454">
        <ele>1.6</ele>
      </trkpt>
      <trkpt lat="40.886734" lon="0.806375">
        <ele>1.6</ele>
      </trkpt>
      <trkpt lat="40.886682" lon="0.80631">
        <ele>1.3</ele>
      </trkpt>
      <trkpt lat="40.886666" lon="0.806296">
        <ele>1.4</ele>
      </trkpt>
      <trkpt lat="40.886647" lon="0.806291">
        <ele>1.5</ele>
      </trkpt>
      <trkpt lat="40.886626" lon="0.806304">
        <ele>1.5</ele>
      </trkpt>
      <trkpt lat="40.886594" lon="0.806365">
        <ele>1.5</ele>
      </trkpt>
      <trkpt lat="40.886555" lon="0.806509">
        <ele>1.5</ele>
      </trkpt>
      <trkpt lat="40.886534" lon="0.806647">
        <ele>1.5</ele>
      </trkpt>
      <trkpt lat="40.886524" lon="0.806865">
        <ele>2.3</ele>
      </trkpt>
      <trkpt lat="40.886453" lon="0.80707">
        <ele>4.2</ele>
      </trkpt>
      <trkpt lat="40.886476" lon="0.807086">
        <ele>3.9</ele>
      </trkpt>
      <trkpt lat="40.886373" lon="0.807352">
        <ele>4.1</ele>
      </trkpt>
      <trkpt lat="40.886359" lon="0.807473">
        <ele>4.2</ele>
      </trkpt>
      <trkpt lat="40.886259" lon="0.807748">
        <ele>3.8</ele>
      </trkpt>
      <trkpt lat="40.88625" lon="0.807778">
        <ele>3.4</ele>
      </trkpt>
      <trkpt lat="40.886189" lon="0.807784">
        <ele>4.2</ele>
      </trkpt>
      <trkpt lat="40.886111" lon="0.807787">
        <ele>4.8</ele>
      </trkpt>
      <trkpt lat="40.886033" lon="0.807787">
        <ele>4.3</ele>
      </trkpt>
      <trkpt lat="40.885959" lon="0.807772">
        <ele>3.7</ele>
      </trkpt>
      <trkpt lat="40.885909" lon="0.807742">
        <ele>4.5</ele>
      </trkpt>
      <trkpt lat="40.885879" lon="0.807722">
        <ele>4.3</ele>
      </trkpt>
      <trkpt lat="40.885847" lon="0.807689">
        <ele>4.1</ele>
      </trkpt>
      <trkpt lat="40.885796" lon="0.807597">
        <ele>4.0</ele>
      </trkpt>
      <trkpt lat="40.885742" lon="0.807409">
        <ele>3.5</ele>
      </trkpt>
      <trkpt lat="40.885689" lon="0.807292">
        <ele>3.8</ele>
      </trkpt>
      <trkpt lat="40.885713" lon="0.807262">
        <ele>5.3</ele>
      </trkpt>
      <trkpt lat="40.885531" lon="0.807058">
        <ele>2.1</ele>
      </trkpt>
      <trkpt lat="40.885416" lon="0.806971">
        <ele>3.2</ele>
      </trkpt>
      <trkpt lat="40.885306" lon="0.806881">
        <ele>3.0</ele>
      </trkpt>
      <trkpt lat="40.885194" lon="0.806784">
        <ele>2.5</ele>
      </trkpt>
      <trkpt lat="40.885119" lon="0.806701">
        <ele>2.5</ele>
      </trkpt>
      <trkpt lat="40.885064" lon="0.806583">
        <ele>2.4</ele>
      </trkpt>
      <trkpt lat="40.884981" lon="0.806446">
        <ele>2.0</ele>
      </trkpt>
      <trkpt lat="40.884972" lon="0.80643">
        <ele>2.1</ele>
      </trkpt>
      <trkpt lat="40.884941" lon="0.806382">
        <ele>2.2</ele>
      </trkpt>
      <trkpt lat="40.884922" lon="0.806328">
        <ele>1.7</ele>
      </trkpt>
      <trkpt lat="40.884931" lon="0.806272">
        <ele>2.3</ele>
      </trkpt>
      <trkpt lat="40.884957" lon="0.806028">
        <ele>3.5</ele>
      </trkpt>
      <trkpt lat="40.884979" lon="0.805813">
        <ele>3.3</ele>
      </trkpt>
      <trkpt lat="40.884969" lon="0.805757">
        <ele>3.3</ele>
      </trkpt>
      <trkpt lat="40.884961" lon="0.805741">
        <ele>3.4</ele>
        <name>Passeig Marítim, l&apos;Ametlla de Mar, Baix Ebre</name>
        <extensions>
          <oa:Extension>
            <oa:mapZoom>16</oa:mapZoom>
          </oa:Extension>
        </extensions>
      </trkpt>
      <trkpt lat="40.88483" lon="0.805486">
        <ele>4.0</ele>
      </trkpt>
      <trkpt lat="40.884783" lon="0.805397">
        <ele>6.0</ele>
      </trkpt>
      <trkpt lat="40.88478" lon="0.805345">
        <ele>7.2</ele>
      </trkpt>
      <trkpt lat="40.884754" lon="0.805318">
        <ele>7.5</ele>
      </trkpt>
      <trkpt lat="40.884678" lon="0.805267">
        <ele>7.3</ele>
      </trkpt>
      <trkpt lat="40.884586" lon="0.805217">
        <ele>7.0</ele>
      </trkpt>
      <trkpt lat="40.884455" lon="0.805184">
        <ele>7.5</ele>
      </trkpt>
      <trkpt lat="40.884332" lon="0.80518">
        <ele>7.5</ele>
      </trkpt>
      <trkpt lat="40.884105" lon="0.805145">
        <ele>7.3</ele>
      </trkpt>
      <trkpt lat="40.884095" lon="0.805117">
        <ele>6.8</ele>
      </trkpt>
      <trkpt lat="40.884084" lon="0.805089">
        <ele>6.6</ele>
      </trkpt>
      <trkpt lat="40.884333" lon="0.80505">
        <ele>8.2</ele>
      </trkpt>
      <trkpt lat="40.884582" lon="0.805011">
        <ele>10.3</ele>
      </trkpt>
      <trkpt lat="40.884647" lon="0.804993">
        <ele>10.7</ele>
      </trkpt>
      <trkpt lat="40.884768" lon="0.804944">
        <ele>11.4</ele>
      </trkpt>
      <trkpt lat="40.884759" lon="0.80493">
        <ele>11.4</ele>
      </trkpt>
      <trkpt lat="40.884736" lon="0.804895">
        <ele>11.2</ele>
      </trkpt>
      <trkpt lat="40.884759" lon="0.804878">
        <ele>11.3</ele>
      </trkpt>
      <trkpt lat="40.884802" lon="0.80484">
        <ele>11.6</ele>
      </trkpt>
      <trkpt lat="40.884864" lon="0.804733">
        <ele>12.1</ele>
      </trkpt>
      <trkpt lat="40.884975" lon="0.804533">
        <ele>13.0</ele>
      </trkpt>
      <trkpt lat="40.885133" lon="0.804213">
        <ele>14.4</ele>
      </trkpt>
      <trkpt lat="40.885176" lon="0.804124">
        <ele>14.7</ele>
      </trkpt>
      <trkpt lat="40.885258" lon="0.803956">
        <ele>15.1</ele>
      </trkpt>
      <trkpt lat="40.885363" lon="0.803732">
        <ele>15.6</ele>
      </trkpt>
      <trkpt lat="40.885412" lon="0.803628">
        <ele>15.6</ele>
      </trkpt>
      <trkpt lat="40.885476" lon="0.803494">
        <ele>15.8</ele>
      </trkpt>
      <trkpt lat="40.885562" lon="0.803312">
        <ele>16.0</ele>
      </trkpt>
      <trkpt lat="40.885582" lon="0.80327">
        <ele>16.1</ele>
      </trkpt>
      <trkpt lat="40.885717" lon="0.803001">
        <ele>16.5</ele>
      </trkpt>
      <trkpt lat="40.885755" lon="0.802924">
        <ele>16.7</ele>
      </trkpt>
      <trkpt lat="40.885795" lon="0.802844">
        <ele>16.9</ele>
      </trkpt>
      <trkpt lat="40.885999" lon="0.802429">
        <ele>18.0</ele>
      </trkpt>
      <trkpt lat="40.886206" lon="0.802">
        <ele>18.9</ele>
      </trkpt>
      <trkpt lat="40.886262" lon="0.801884">
        <ele>19.2</ele>
      </trkpt>
      <trkpt lat="40.886301" lon="0.801806">
        <ele>19.4</ele>
      </trkpt>
      <trkpt lat="40.886429" lon="0.801546">
        <ele>20.2</ele>
        <name>Avinguda del Batlle Josep Pijoan, l&apos;Ametlla de Mar, Baix Ebre</name>
        <extensions>
          <oa:Extension>
            <oa:mapZoom>16</oa:mapZoom>
            <oa:routingFailed>true</oa:routingFailed>
          </oa:Extension>
        </extensions>
      </trkpt>
      <trkpt lat="40.8862" lon="0.800452">
        <ele>20.99735</ele>
        <name>l&apos;Ametlla de Mar, l&apos;Ametlla de Mar, Baix Ebre</name>
        <extensions>
          <oa:Extension>
            <oa:mapZoom>16</oa:mapZoom>
          </oa:Extension>
        </extensions>
      </trkpt>
    </trkseg>
  </trk>
</gpx>