<?xml version="1.0" encoding="UTF-8" standalone="yes"?>
<gpx version="1.1" creator="outdooractive - http://www.outdooractive.com" xmlns="http://www.topografix.com/GPX/1/1" xmlns:oa="http://www.outdooractive.com/GPX/Extensions/1" xmlns:xsi="http://www.w3.org/2001/XMLSchema-instance" xsi:schemaLocation="http://www.topografix.com/GPX/1/1 http://www.topografix.com/GPX/1/1/gpx.xsd http://www.outdooractive.com/GPX/Extensions/1 https://www.outdooractive.com/schema/gpx_extensions.xsd">
  <metadata>
    <name>GR92 E22 Garraf–Vilanova i la Geltrú</name>
    <author>
      <name>Jari Tossavainen - Community</name>
    </author>
    <link href="https://www.outdooractive.com/r/353453963"/>
    <time>2026-09-21T11:10:33.187Z</time>
    <extensions>
      <oa:oaCategory>longDistanceHikingTrail</oa:oaCategory>
    </extensions>
  </metadata>
  <trk>
    <name>GR92 E22 Garraf–Vilanova i la Geltrú</name>
    <type>longDistanceHikingTrail</type>
    <trkseg>
      <trkpt lat="41.254379" lon="1.902531">
        <ele>17.1</ele>
        <name>Garraf, Sitges, Garraf</name>
        <extensions>
          <oa:Extension>
            <oa:mapZoom>18</oa:mapZoom>
          </oa:Extension>
        </extensions>
      </trkpt>
      <trkpt lat="41.25447" lon="1.902705">
        <ele>17.1</ele>
      </trkpt>
      <trkpt lat="41.254494" lon="1.902752">
        <ele>17.1</ele>
      </trkpt>
      <trkpt lat="41.25453" lon="1.90272">
        <ele>17.6</ele>
      </trkpt>
      <trkpt lat="41.254606" lon="1.902655">
        <ele>17.5</ele>
      </trkpt>
      <trkpt lat="41.254755" lon="1.902524">
        <ele>17.4</ele>
      </trkpt>
      <trkpt lat="41.254897" lon="1.902769">
        <ele>17.5</ele>
      </trkpt>
      <trkpt lat="41.254953" lon="1.902877">
        <ele>17.5</ele>
      </trkpt>
      <trkpt lat="41.255097" lon="1.903138">
        <ele>17.6</ele>
      </trkpt>
      <trkpt lat="41.255186" lon="1.903296">
        <ele>17.8</ele>
      </trkpt>
      <trkpt lat="41.25529" lon="1.903375">
        <ele>18.1</ele>
      </trkpt>
      <trkpt lat="41.255368" lon="1.903407">
        <ele>18.6</ele>
      </trkpt>
      <trkpt lat="41.255506" lon="1.903423">
        <ele>19.4</ele>
      </trkpt>
      <trkpt lat="41.255656" lon="1.903402">
        <ele>20.2</ele>
      </trkpt>
      <trkpt lat="41.255735" lon="1.903391">
        <ele>20.8</ele>
      </trkpt>
      <trkpt lat="41.255858" lon="1.903373">
        <ele>21.6</ele>
      </trkpt>
      <trkpt lat="41.255913" lon="1.903363">
        <ele>22.0</ele>
      </trkpt>
      <trkpt lat="41.255992" lon="1.903362">
        <ele>22.7</ele>
      </trkpt>
      <trkpt lat="41.256059" lon="1.903343">
        <ele>23.0</ele>
      </trkpt>
      <trkpt lat="41.256083" lon="1.903317">
        <ele>22.8</ele>
      </trkpt>
      <trkpt lat="41.256104" lon="1.903286">
        <ele>22.4</ele>
      </trkpt>
      <trkpt lat="41.256118" lon="1.903194">
        <ele>22.2</ele>
      </trkpt>
      <trkpt lat="41.25607" lon="1.902886">
        <ele>25.8</ele>
      </trkpt>
      <trkpt lat="41.256084" lon="1.902586">
        <ele>28.4</ele>
      </trkpt>
      <trkpt lat="41.256224" lon="1.902448">
        <ele>29.8</ele>
      </trkpt>
      <trkpt lat="41.256341" lon="1.902458">
        <ele>30.0</ele>
      </trkpt>
      <trkpt lat="41.256452" lon="1.902493">
        <ele>30.0</ele>
      </trkpt>
      <trkpt lat="41.256602" lon="1.90259">
        <ele>30.3</ele>
      </trkpt>
      <trkpt lat="41.256739" lon="1.902696">
        <ele>30.1</ele>
      </trkpt>
      <trkpt lat="41.256814" lon="1.902716">
        <ele>30.3</ele>
        <name>Avinguda del Castell, Sitges, Garraf</name>
        <extensions>
          <oa:Extension>
            <oa:mapZoom>17</oa:mapZoom>
          </oa:Extension>
        </extensions>
      </trkpt>
      <trkpt lat="41.256844" lon="1.902724">
        <ele>30.4</ele>
      </trkpt>
      <trkpt lat="41.256922" lon="1.902736">
        <ele>30.6</ele>
      </trkpt>
      <trkpt lat="41.257032" lon="1.902723">
        <ele>30.7</ele>
      </trkpt>
      <trkpt lat="41.257231" lon="1.902652">
        <ele>31.3</ele>
      </trkpt>
      <trkpt lat="41.257558" lon="1.902535">
        <ele>32.0</ele>
      </trkpt>
      <trkpt lat="41.257929" lon="1.902418">
        <ele>33.9</ele>
      </trkpt>
      <trkpt lat="41.258072" lon="1.90237">
        <ele>36.3</ele>
      </trkpt>
      <trkpt lat="41.258088" lon="1.902054">
        <ele>41.2</ele>
      </trkpt>
      <trkpt lat="41.258184" lon="1.901715">
        <ele>47.9</ele>
      </trkpt>
      <trkpt lat="41.258237" lon="1.901534">
        <ele>50.8</ele>
      </trkpt>
      <trkpt lat="41.258259" lon="1.901485">
        <ele>51.8</ele>
      </trkpt>
      <trkpt lat="41.258379" lon="1.901311">
        <ele>56.4</ele>
      </trkpt>
      <trkpt lat="41.258398" lon="1.901257">
        <ele>57.3</ele>
      </trkpt>
      <trkpt lat="41.258385" lon="1.901211">
        <ele>57.9</ele>
      </trkpt>
      <trkpt lat="41.258332" lon="1.90116">
        <ele>58.8</ele>
      </trkpt>
      <trkpt lat="41.258211" lon="1.901103">
        <ele>60.6</ele>
      </trkpt>
      <trkpt lat="41.258084" lon="1.90108">
        <ele>63.5</ele>
      </trkpt>
      <trkpt lat="41.258023" lon="1.90107">
        <ele>64.2</ele>
      </trkpt>
      <trkpt lat="41.258004" lon="1.901059">
        <ele>64.4</ele>
      </trkpt>
      <trkpt lat="41.257995" lon="1.90102">
        <ele>64.6</ele>
      </trkpt>
      <trkpt lat="41.258003" lon="1.900989">
        <ele>64.8</ele>
      </trkpt>
      <trkpt lat="41.258132" lon="1.900856">
        <ele>69.4</ele>
      </trkpt>
      <trkpt lat="41.25846" lon="1.900576">
        <ele>76.2</ele>
      </trkpt>
      <trkpt lat="41.258656" lon="1.900564">
        <ele>79.2</ele>
      </trkpt>
      <trkpt lat="41.258812" lon="1.900692">
        <ele>81.4</ele>
      </trkpt>
      <trkpt lat="41.258999" lon="1.900852">
        <ele>86.2</ele>
      </trkpt>
      <trkpt lat="41.259087" lon="1.900788">
        <ele>88.1</ele>
      </trkpt>
      <trkpt lat="41.259108" lon="1.900677">
        <ele>88.5</ele>
      </trkpt>
      <trkpt lat="41.259107" lon="1.900564">
        <ele>89.0</ele>
      </trkpt>
      <trkpt lat="41.259095" lon="1.900297">
        <ele>91.8</ele>
      </trkpt>
      <trkpt lat="41.259219" lon="1.900005">
        <ele>95.1</ele>
      </trkpt>
      <trkpt lat="41.259299" lon="1.899669">
        <ele>96.2</ele>
      </trkpt>
      <trkpt lat="41.259391" lon="1.899398">
        <ele>96.5</ele>
      </trkpt>
      <trkpt lat="41.259539" lon="1.899178">
        <ele>96.6</ele>
      </trkpt>
      <trkpt lat="41.259569" lon="1.899114">
        <ele>96.3</ele>
        <name>camí del Castellet GR 92, Sitges, Garraf</name>
        <extensions>
          <oa:Extension>
            <oa:mapZoom>16</oa:mapZoom>
          </oa:Extension>
        </extensions>
      </trkpt>
      <trkpt lat="41.259699" lon="1.898834">
        <ele>95.1</ele>
      </trkpt>
      <trkpt lat="41.259839" lon="1.898459">
        <ele>94.5</ele>
      </trkpt>
      <trkpt lat="41.259867" lon="1.898359">
        <ele>94.4</ele>
      </trkpt>
      <trkpt lat="41.259926" lon="1.898359">
        <ele>95.7</ele>
      </trkpt>
      <trkpt lat="41.260022" lon="1.898595">
        <ele>97.6</ele>
      </trkpt>
      <trkpt lat="41.260086" lon="1.898918">
        <ele>99.8</ele>
      </trkpt>
      <trkpt lat="41.260166" lon="1.899154">
        <ele>102.8</ele>
      </trkpt>
      <trkpt lat="41.26025" lon="1.899214">
        <ele>105.0</ele>
      </trkpt>
      <trkpt lat="41.260354" lon="1.899158">
        <ele>106.3</ele>
      </trkpt>
      <trkpt lat="41.260458" lon="1.898806">
        <ele>113.5</ele>
      </trkpt>
      <trkpt lat="41.260518" lon="1.898658">
        <ele>117.1</ele>
      </trkpt>
      <trkpt lat="41.260558" lon="1.898499">
        <ele>120.6</ele>
      </trkpt>
      <trkpt lat="41.26055" lon="1.898375">
        <ele>123.8</ele>
      </trkpt>
      <trkpt lat="41.260598" lon="1.898171">
        <ele>128.6</ele>
      </trkpt>
      <trkpt lat="41.26075" lon="1.897963">
        <ele>131.2</ele>
      </trkpt>
      <trkpt lat="41.260914" lon="1.897859">
        <ele>131.7</ele>
      </trkpt>
      <trkpt lat="41.26114" lon="1.897822">
        <ele>135.3</ele>
      </trkpt>
      <trkpt lat="41.261367" lon="1.897785">
        <ele>137.9</ele>
      </trkpt>
      <trkpt lat="41.261117" lon="1.897624">
        <ele>142.9</ele>
      </trkpt>
      <trkpt lat="41.261241" lon="1.897576">
        <ele>146.2</ele>
      </trkpt>
      <trkpt lat="41.261421" lon="1.89752">
        <ele>147.9</ele>
      </trkpt>
      <trkpt lat="41.261565" lon="1.897428">
        <ele>151.3</ele>
      </trkpt>
      <trkpt lat="41.261585" lon="1.897232">
        <ele>151.3</ele>
      </trkpt>
      <trkpt lat="41.261509" lon="1.89712">
        <ele>152.1</ele>
      </trkpt>
      <trkpt lat="41.261406" lon="1.896844">
        <ele>153.0</ele>
      </trkpt>
      <trkpt lat="41.261409" lon="1.896485">
        <ele>154.4</ele>
      </trkpt>
      <trkpt lat="41.261393" lon="1.896277">
        <ele>155.5</ele>
      </trkpt>
      <trkpt lat="41.261441" lon="1.89585">
        <ele>152.3</ele>
      </trkpt>
      <trkpt lat="41.261481" lon="1.895442">
        <ele>151.7</ele>
      </trkpt>
      <trkpt lat="41.261609" lon="1.895138">
        <ele>152.9</ele>
      </trkpt>
      <trkpt lat="41.261681" lon="1.894819">
        <ele>150.4</ele>
      </trkpt>
      <trkpt lat="41.261713" lon="1.894439">
        <ele>152.1</ele>
      </trkpt>
      <trkpt lat="41.261785" lon="1.89404">
        <ele>151.0</ele>
      </trkpt>
      <trkpt lat="41.26204" lon="1.894015">
        <ele>151.6</ele>
      </trkpt>
      <trkpt lat="41.262188" lon="1.893928">
        <ele>152.1</ele>
      </trkpt>
      <trkpt lat="41.262436" lon="1.893948">
        <ele>153.1</ele>
      </trkpt>
      <trkpt lat="41.262736" lon="1.89386">
        <ele>152.0</ele>
      </trkpt>
      <trkpt lat="41.262967" lon="1.893768">
        <ele>155.0</ele>
      </trkpt>
      <trkpt lat="41.263055" lon="1.893752">
        <ele>156.5</ele>
      </trkpt>
      <trkpt lat="41.26321" lon="1.893893">
        <ele>160.7</ele>
      </trkpt>
      <trkpt lat="41.263171" lon="1.893612">
        <ele>162.7</ele>
      </trkpt>
      <trkpt lat="41.263151" lon="1.89344">
        <ele>165.6</ele>
      </trkpt>
      <trkpt lat="41.263235" lon="1.89314">
        <ele>171.6</ele>
      </trkpt>
      <trkpt lat="41.263255" lon="1.892917">
        <ele>170.7</ele>
      </trkpt>
      <trkpt lat="41.263394" lon="1.892863">
        <ele>172.3</ele>
      </trkpt>
      <trkpt lat="41.263443" lon="1.892845">
        <ele>173.3</ele>
      </trkpt>
      <trkpt lat="41.26373" lon="1.892781">
        <ele>176.3</ele>
      </trkpt>
      <trkpt lat="41.263882" lon="1.892793">
        <ele>180.5</ele>
      </trkpt>
      <trkpt lat="41.264038" lon="1.892845">
        <ele>184.6</ele>
      </trkpt>
      <trkpt lat="41.26413" lon="1.892913">
        <ele>188.7</ele>
      </trkpt>
      <trkpt lat="41.264178" lon="1.893033">
        <ele>189.6</ele>
      </trkpt>
      <trkpt lat="41.264246" lon="1.893085">
        <ele>193.2</ele>
      </trkpt>
      <trkpt lat="41.264222" lon="1.892845">
        <ele>195.0</ele>
      </trkpt>
      <trkpt lat="41.264218" lon="1.892533">
        <ele>201.7</ele>
      </trkpt>
      <trkpt lat="41.264126" lon="1.892325">
        <ele>203.9</ele>
      </trkpt>
      <trkpt lat="41.264089" lon="1.891929">
        <ele>210.3</ele>
      </trkpt>
      <trkpt lat="41.264123" lon="1.89176">
        <ele>214.4</ele>
      </trkpt>
      <trkpt lat="41.264153" lon="1.891696">
        <ele>216.3</ele>
      </trkpt>
      <trkpt lat="41.264217" lon="1.891765">
        <ele>218.8</ele>
      </trkpt>
      <trkpt lat="41.264271" lon="1.89188">
        <ele>220.7</ele>
      </trkpt>
      <trkpt lat="41.264327" lon="1.891916">
        <ele>222.8</ele>
      </trkpt>
      <trkpt lat="41.264325" lon="1.891839">
        <ele>223.7</ele>
      </trkpt>
      <trkpt lat="41.264355" lon="1.891709">
        <ele>227.1</ele>
      </trkpt>
      <trkpt lat="41.264335" lon="1.891619">
        <ele>228.1</ele>
      </trkpt>
      <trkpt lat="41.264335" lon="1.891504">
        <ele>230.3</ele>
      </trkpt>
      <trkpt lat="41.264355" lon="1.89145">
        <ele>232.2</ele>
      </trkpt>
      <trkpt lat="41.264391" lon="1.891489">
        <ele>233.1</ele>
      </trkpt>
      <trkpt lat="41.264432" lon="1.89152">
        <ele>234.9</ele>
      </trkpt>
      <trkpt lat="41.264463" lon="1.891578">
        <ele>235.8</ele>
      </trkpt>
      <trkpt lat="41.264504" lon="1.891604">
        <ele>237.4</ele>
      </trkpt>
      <trkpt lat="41.264555" lon="1.891563">
        <ele>239.5</ele>
      </trkpt>
      <trkpt lat="41.264593" lon="1.891553">
        <ele>240.6</ele>
      </trkpt>
      <trkpt lat="41.264588" lon="1.891468">
        <ele>241.4</ele>
      </trkpt>
      <trkpt lat="41.264655" lon="1.891397">
        <ele>242.7</ele>
      </trkpt>
      <trkpt lat="41.264639" lon="1.891202">
        <ele>245.3</ele>
      </trkpt>
      <trkpt lat="41.264644" lon="1.89088">
        <ele>247.2</ele>
      </trkpt>
      <trkpt lat="41.264673" lon="1.890629">
        <ele>253.0</ele>
      </trkpt>
      <trkpt lat="41.264708" lon="1.890402">
        <ele>259.2</ele>
      </trkpt>
      <trkpt lat="41.264818" lon="1.890087">
        <ele>263.0</ele>
      </trkpt>
      <trkpt lat="41.264887" lon="1.88988">
        <ele>263.3</ele>
      </trkpt>
      <trkpt lat="41.264946" lon="1.889719">
        <ele>265.3</ele>
      </trkpt>
      <trkpt lat="41.265005" lon="1.889504">
        <ele>269.4</ele>
      </trkpt>
      <trkpt lat="41.265128" lon="1.889328">
        <ele>270.1</ele>
      </trkpt>
      <trkpt lat="41.265138" lon="1.889316">
        <ele>270.1</ele>
        <name>camí vell de Garraf GR 92, Sitges, Garraf</name>
        <extensions>
          <oa:Extension>
            <oa:mapZoom>16</oa:mapZoom>
          </oa:Extension>
        </extensions>
      </trkpt>
      <trkpt lat="41.265261" lon="1.889172">
        <ele>270.8</ele>
      </trkpt>
      <trkpt lat="41.265455" lon="1.88898">
        <ele>271.7</ele>
      </trkpt>
      <trkpt lat="41.265598" lon="1.888839">
        <ele>271.9</ele>
      </trkpt>
      <trkpt lat="41.265739" lon="1.888638">
        <ele>272.6</ele>
      </trkpt>
      <trkpt lat="41.265846" lon="1.888456">
        <ele>272.9</ele>
      </trkpt>
      <trkpt lat="41.265956" lon="1.888147">
        <ele>274.9</ele>
      </trkpt>
      <trkpt lat="41.266094" lon="1.88787">
        <ele>274.3</ele>
      </trkpt>
      <trkpt lat="41.266266" lon="1.887602">
        <ele>274.6</ele>
      </trkpt>
      <trkpt lat="41.266279" lon="1.88752">
        <ele>275.4</ele>
      </trkpt>
      <trkpt lat="41.266422" lon="1.887413">
        <ele>275.7</ele>
      </trkpt>
      <trkpt lat="41.266588" lon="1.887369">
        <ele>276.0</ele>
      </trkpt>
      <trkpt lat="41.266644" lon="1.887402">
        <ele>275.6</ele>
      </trkpt>
      <trkpt lat="41.266754" lon="1.887533">
        <ele>276.9</ele>
      </trkpt>
      <trkpt lat="41.267" lon="1.887594">
        <ele>282.0</ele>
      </trkpt>
      <trkpt lat="41.267107" lon="1.887609">
        <ele>283.2</ele>
      </trkpt>
      <trkpt lat="41.267163" lon="1.887459">
        <ele>286.2</ele>
      </trkpt>
      <trkpt lat="41.267144" lon="1.887376">
        <ele>287.2</ele>
      </trkpt>
      <trkpt lat="41.267089" lon="1.887139">
        <ele>288.4</ele>
      </trkpt>
      <trkpt lat="41.267038" lon="1.886922">
        <ele>289.6</ele>
      </trkpt>
      <trkpt lat="41.267064" lon="1.886781">
        <ele>292.3</ele>
      </trkpt>
      <trkpt lat="41.266992" lon="1.886574">
        <ele>292.5</ele>
      </trkpt>
      <trkpt lat="41.266974" lon="1.886282">
        <ele>293.7</ele>
      </trkpt>
      <trkpt lat="41.266909" lon="1.885979">
        <ele>293.1</ele>
      </trkpt>
      <trkpt lat="41.266951" lon="1.88579">
        <ele>293.2</ele>
      </trkpt>
      <trkpt lat="41.266923" lon="1.885804">
        <ele>292.9</ele>
      </trkpt>
      <trkpt lat="41.266843" lon="1.885805">
        <ele>292.5</ele>
      </trkpt>
      <trkpt lat="41.266757" lon="1.885784">
        <ele>292.5</ele>
      </trkpt>
      <trkpt lat="41.266676" lon="1.885744">
        <ele>292.1</ele>
      </trkpt>
      <trkpt lat="41.266601" lon="1.885692">
        <ele>292.2</ele>
      </trkpt>
      <trkpt lat="41.266396" lon="1.885428">
        <ele>292.0</ele>
      </trkpt>
      <trkpt lat="41.266207" lon="1.885188">
        <ele>292.4</ele>
      </trkpt>
      <trkpt lat="41.266109" lon="1.885035">
        <ele>292.8</ele>
      </trkpt>
      <trkpt lat="41.266041" lon="1.884889">
        <ele>294.1</ele>
      </trkpt>
      <trkpt lat="41.265915" lon="1.88441">
        <ele>297.0</ele>
      </trkpt>
      <trkpt lat="41.265807" lon="1.884189">
        <ele>298.2</ele>
      </trkpt>
      <trkpt lat="41.265772" lon="1.884139">
        <ele>298.3</ele>
      </trkpt>
      <trkpt lat="41.265743" lon="1.884115">
        <ele>298.2</ele>
      </trkpt>
      <trkpt lat="41.265701" lon="1.884111">
        <ele>297.8</ele>
      </trkpt>
      <trkpt lat="41.265557" lon="1.884211">
        <ele>295.9</ele>
      </trkpt>
      <trkpt lat="41.265328" lon="1.884384">
        <ele>292.5</ele>
      </trkpt>
      <trkpt lat="41.265099" lon="1.884557">
        <ele>289.5</ele>
      </trkpt>
      <trkpt lat="41.265007" lon="1.884614">
        <ele>288.2</ele>
      </trkpt>
      <trkpt lat="41.264937" lon="1.884624">
        <ele>287.2</ele>
      </trkpt>
      <trkpt lat="41.264862" lon="1.884617">
        <ele>286.1</ele>
      </trkpt>
      <trkpt lat="41.264629" lon="1.884596">
        <ele>282.8</ele>
      </trkpt>
      <trkpt lat="41.264396" lon="1.884575">
        <ele>280.4</ele>
      </trkpt>
      <trkpt lat="41.264303" lon="1.884555">
        <ele>279.0</ele>
      </trkpt>
      <trkpt lat="41.264213" lon="1.884516">
        <ele>278.0</ele>
      </trkpt>
      <trkpt lat="41.263992" lon="1.884402">
        <ele>274.9</ele>
      </trkpt>
      <trkpt lat="41.263772" lon="1.884288">
        <ele>271.3</ele>
      </trkpt>
      <trkpt lat="41.263409" lon="1.884102">
        <ele>265.8</ele>
      </trkpt>
      <trkpt lat="41.263349" lon="1.88408">
        <ele>264.7</ele>
      </trkpt>
      <trkpt lat="41.26329" lon="1.884068">
        <ele>263.9</ele>
      </trkpt>
      <trkpt lat="41.263241" lon="1.88407">
        <ele>263.2</ele>
      </trkpt>
      <trkpt lat="41.263199" lon="1.884099">
        <ele>262.7</ele>
      </trkpt>
      <trkpt lat="41.263154" lon="1.884139">
        <ele>262.2</ele>
      </trkpt>
      <trkpt lat="41.263067" lon="1.884231">
        <ele>260.5</ele>
      </trkpt>
      <trkpt lat="41.263035" lon="1.884246">
        <ele>260.0</ele>
      </trkpt>
      <trkpt lat="41.262993" lon="1.88424">
        <ele>259.3</ele>
      </trkpt>
      <trkpt lat="41.262947" lon="1.884197">
        <ele>258.4</ele>
      </trkpt>
      <trkpt lat="41.262908" lon="1.884132">
        <ele>257.6</ele>
      </trkpt>
      <trkpt lat="41.262814" lon="1.883945">
        <ele>255.5</ele>
      </trkpt>
      <trkpt lat="41.262757" lon="1.883783">
        <ele>254.2</ele>
      </trkpt>
      <trkpt lat="41.26269" lon="1.883463">
        <ele>251.5</ele>
      </trkpt>
      <trkpt lat="41.262644" lon="1.88323">
        <ele>249.6</ele>
      </trkpt>
      <trkpt lat="41.262621" lon="1.88301">
        <ele>247.8</ele>
      </trkpt>
      <trkpt lat="41.262621" lon="1.882946">
        <ele>247.3</ele>
      </trkpt>
      <trkpt lat="41.262628" lon="1.882873">
        <ele>246.8</ele>
      </trkpt>
      <trkpt lat="41.262661" lon="1.882725">
        <ele>245.9</ele>
      </trkpt>
      <trkpt lat="41.262755" lon="1.882262">
        <ele>243.2</ele>
      </trkpt>
      <trkpt lat="41.262806" lon="1.88208">
        <ele>241.7</ele>
      </trkpt>
      <trkpt lat="41.262813" lon="1.881997">
        <ele>240.9</ele>
      </trkpt>
      <trkpt lat="41.262805" lon="1.881936">
        <ele>240.3</ele>
      </trkpt>
      <trkpt lat="41.262783" lon="1.881876">
        <ele>239.7</ele>
      </trkpt>
      <trkpt lat="41.262729" lon="1.881753">
        <ele>238.7</ele>
      </trkpt>
      <trkpt lat="41.262591" lon="1.88145">
        <ele>236.1</ele>
      </trkpt>
      <trkpt lat="41.262453" lon="1.881147">
        <ele>234.2</ele>
      </trkpt>
      <trkpt lat="41.262216" lon="1.880708">
        <ele>232.7</ele>
      </trkpt>
      <trkpt lat="41.26198" lon="1.880268">
        <ele>229.9</ele>
      </trkpt>
      <trkpt lat="41.261861" lon="1.880039">
        <ele>229.5</ele>
        <name>Camí de Can Lluçà GR 92, Sitges, Garraf</name>
        <extensions>
          <oa:Extension>
            <oa:mapZoom>17</oa:mapZoom>
          </oa:Extension>
        </extensions>
      </trkpt>
      <trkpt lat="41.261727" lon="1.879782">
        <ele>229.0</ele>
      </trkpt>
      <trkpt lat="41.261567" lon="1.879507">
        <ele>229.1</ele>
      </trkpt>
      <trkpt lat="41.261468" lon="1.879365">
        <ele>229.5</ele>
      </trkpt>
      <trkpt lat="41.261409" lon="1.879321">
        <ele>229.7</ele>
      </trkpt>
      <trkpt lat="41.261343" lon="1.879311">
        <ele>229.9</ele>
      </trkpt>
      <trkpt lat="41.26126" lon="1.879318">
        <ele>230.1</ele>
      </trkpt>
      <trkpt lat="41.26109" lon="1.879332">
        <ele>230.6</ele>
      </trkpt>
      <trkpt lat="41.260949" lon="1.879337">
        <ele>231.0</ele>
      </trkpt>
      <trkpt lat="41.260824" lon="1.879304">
        <ele>231.2</ele>
      </trkpt>
      <trkpt lat="41.260658" lon="1.879135">
        <ele>231.6</ele>
      </trkpt>
      <trkpt lat="41.260527" lon="1.878948">
        <ele>231.3</ele>
      </trkpt>
      <trkpt lat="41.260451" lon="1.878876">
        <ele>231.2</ele>
      </trkpt>
      <trkpt lat="41.260369" lon="1.878838">
        <ele>230.7</ele>
      </trkpt>
      <trkpt lat="41.260274" lon="1.878662">
        <ele>230.0</ele>
      </trkpt>
      <trkpt lat="41.260188" lon="1.878502">
        <ele>229.9</ele>
      </trkpt>
      <trkpt lat="41.260146" lon="1.878237">
        <ele>229.6</ele>
      </trkpt>
      <trkpt lat="41.260099" lon="1.87809">
        <ele>229.4</ele>
      </trkpt>
      <trkpt lat="41.260031" lon="1.87793">
        <ele>229.7</ele>
      </trkpt>
      <trkpt lat="41.259868" lon="1.877705">
        <ele>229.7</ele>
      </trkpt>
      <trkpt lat="41.259722" lon="1.877593">
        <ele>228.9</ele>
      </trkpt>
      <trkpt lat="41.259653" lon="1.877534">
        <ele>229.0</ele>
      </trkpt>
      <trkpt lat="41.259566" lon="1.877447">
        <ele>230.0</ele>
      </trkpt>
      <trkpt lat="41.259385" lon="1.877304">
        <ele>230.7</ele>
      </trkpt>
      <trkpt lat="41.259233" lon="1.877212">
        <ele>230.9</ele>
      </trkpt>
      <trkpt lat="41.259163" lon="1.877201">
        <ele>230.8</ele>
      </trkpt>
      <trkpt lat="41.259097" lon="1.877158">
        <ele>230.6</ele>
      </trkpt>
      <trkpt lat="41.259001" lon="1.877037">
        <ele>230.5</ele>
      </trkpt>
      <trkpt lat="41.25883" lon="1.876769">
        <ele>229.9</ele>
      </trkpt>
      <trkpt lat="41.258659" lon="1.876502">
        <ele>228.7</ele>
      </trkpt>
      <trkpt lat="41.258596" lon="1.876414">
        <ele>228.0</ele>
      </trkpt>
      <trkpt lat="41.258548" lon="1.876362">
        <ele>227.5</ele>
      </trkpt>
      <trkpt lat="41.258516" lon="1.876352">
        <ele>227.3</ele>
      </trkpt>
      <trkpt lat="41.258482" lon="1.876348">
        <ele>227.0</ele>
      </trkpt>
      <trkpt lat="41.258421" lon="1.876364">
        <ele>226.4</ele>
      </trkpt>
      <trkpt lat="41.258342" lon="1.876413">
        <ele>225.9</ele>
      </trkpt>
      <trkpt lat="41.258135" lon="1.876525">
        <ele>225.1</ele>
      </trkpt>
      <trkpt lat="41.25804" lon="1.87661">
        <ele>224.7</ele>
      </trkpt>
      <trkpt lat="41.257923" lon="1.876746">
        <ele>224.2</ele>
      </trkpt>
      <trkpt lat="41.257724" lon="1.876973">
        <ele>222.4</ele>
      </trkpt>
      <trkpt lat="41.257656" lon="1.877063">
        <ele>221.8</ele>
      </trkpt>
      <trkpt lat="41.257601" lon="1.877152">
        <ele>221.2</ele>
      </trkpt>
      <trkpt lat="41.25757" lon="1.877229">
        <ele>220.8</ele>
      </trkpt>
      <trkpt lat="41.257542" lon="1.877318">
        <ele>220.3</ele>
      </trkpt>
      <trkpt lat="41.257505" lon="1.877386">
        <ele>219.8</ele>
      </trkpt>
      <trkpt lat="41.257449" lon="1.877413">
        <ele>219.3</ele>
      </trkpt>
      <trkpt lat="41.257394" lon="1.877439">
        <ele>218.9</ele>
      </trkpt>
      <trkpt lat="41.257339" lon="1.877456">
        <ele>218.4</ele>
      </trkpt>
      <trkpt lat="41.257303" lon="1.87745">
        <ele>218.0</ele>
      </trkpt>
      <trkpt lat="41.257228" lon="1.877426">
        <ele>217.4</ele>
      </trkpt>
      <trkpt lat="41.257165" lon="1.877375">
        <ele>216.7</ele>
      </trkpt>
      <trkpt lat="41.257083" lon="1.877277">
        <ele>216.0</ele>
      </trkpt>
      <trkpt lat="41.256988" lon="1.877126">
        <ele>215.2</ele>
      </trkpt>
      <trkpt lat="41.256933" lon="1.877062">
        <ele>214.9</ele>
      </trkpt>
      <trkpt lat="41.256868" lon="1.877005">
        <ele>214.6</ele>
      </trkpt>
      <trkpt lat="41.256847" lon="1.876985">
        <ele>214.6</ele>
      </trkpt>
      <trkpt lat="41.256773" lon="1.876941">
        <ele>214.3</ele>
      </trkpt>
      <trkpt lat="41.256612" lon="1.876836">
        <ele>214.2</ele>
      </trkpt>
      <trkpt lat="41.256356" lon="1.876718">
        <ele>214.6</ele>
      </trkpt>
      <trkpt lat="41.256285" lon="1.876718">
        <ele>214.5</ele>
      </trkpt>
      <trkpt lat="41.256211" lon="1.876736">
        <ele>214.2</ele>
      </trkpt>
      <trkpt lat="41.256027" lon="1.876841">
        <ele>213.1</ele>
      </trkpt>
      <trkpt lat="41.25597" lon="1.876857">
        <ele>212.8</ele>
      </trkpt>
      <trkpt lat="41.255917" lon="1.876861">
        <ele>212.6</ele>
      </trkpt>
      <trkpt lat="41.255828" lon="1.876856">
        <ele>212.3</ele>
      </trkpt>
      <trkpt lat="41.255743" lon="1.876813">
        <ele>212.2</ele>
      </trkpt>
      <trkpt lat="41.255456" lon="1.876565">
        <ele>211.5</ele>
      </trkpt>
      <trkpt lat="41.255198" lon="1.876317">
        <ele>210.6</ele>
      </trkpt>
      <trkpt lat="41.25505" lon="1.876194">
        <ele>209.8</ele>
      </trkpt>
      <trkpt lat="41.25499" lon="1.87618">
        <ele>209.2</ele>
      </trkpt>
      <trkpt lat="41.254848" lon="1.876163">
        <ele>208.7</ele>
      </trkpt>
      <trkpt lat="41.254643" lon="1.876172">
        <ele>207.5</ele>
      </trkpt>
      <trkpt lat="41.254451" lon="1.876191">
        <ele>205.5</ele>
      </trkpt>
      <trkpt lat="41.254341" lon="1.876194">
        <ele>204.5</ele>
      </trkpt>
      <trkpt lat="41.254216" lon="1.876197">
        <ele>202.9</ele>
      </trkpt>
      <trkpt lat="41.253965" lon="1.876128">
        <ele>200.6</ele>
      </trkpt>
      <trkpt lat="41.2536" lon="1.876079">
        <ele>199.5</ele>
      </trkpt>
      <trkpt lat="41.253387" lon="1.875964">
        <ele>199.2</ele>
      </trkpt>
      <trkpt lat="41.253148" lon="1.875892">
        <ele>197.4</ele>
      </trkpt>
      <trkpt lat="41.252909" lon="1.875821">
        <ele>196.1</ele>
      </trkpt>
      <trkpt lat="41.252587" lon="1.875722">
        <ele>194.0</ele>
      </trkpt>
      <trkpt lat="41.252265" lon="1.875623">
        <ele>191.7</ele>
      </trkpt>
      <trkpt lat="41.251943" lon="1.875524">
        <ele>189.6</ele>
      </trkpt>
      <trkpt lat="41.251644" lon="1.875425">
        <ele>188.3</ele>
      </trkpt>
      <trkpt lat="41.251544" lon="1.875404">
        <ele>187.7</ele>
      </trkpt>
      <trkpt lat="41.251491" lon="1.875405">
        <ele>187.4</ele>
      </trkpt>
      <trkpt lat="41.25137" lon="1.875422">
        <ele>186.5</ele>
      </trkpt>
      <trkpt lat="41.251173" lon="1.875496">
        <ele>185.6</ele>
      </trkpt>
      <trkpt lat="41.251066" lon="1.875516">
        <ele>184.4</ele>
      </trkpt>
      <trkpt lat="41.251014" lon="1.875532">
        <ele>183.9</ele>
      </trkpt>
      <trkpt lat="41.25091" lon="1.875662">
        <ele>183.3</ele>
      </trkpt>
      <trkpt lat="41.250805" lon="1.875776">
        <ele>182.0</ele>
      </trkpt>
      <trkpt lat="41.250764" lon="1.8758">
        <ele>181.6</ele>
      </trkpt>
      <trkpt lat="41.250709" lon="1.87581">
        <ele>181.2</ele>
      </trkpt>
      <trkpt lat="41.250643" lon="1.87581">
        <ele>180.5</ele>
      </trkpt>
      <trkpt lat="41.250591" lon="1.875797">
        <ele>180.0</ele>
      </trkpt>
      <trkpt lat="41.250541" lon="1.875775">
        <ele>179.5</ele>
      </trkpt>
      <trkpt lat="41.250428" lon="1.875713">
        <ele>178.3</ele>
      </trkpt>
      <trkpt lat="41.250329" lon="1.875687">
        <ele>177.3</ele>
      </trkpt>
      <trkpt lat="41.250256" lon="1.875687">
        <ele>176.6</ele>
      </trkpt>
      <trkpt lat="41.250184" lon="1.875705">
        <ele>176.0</ele>
      </trkpt>
      <trkpt lat="41.250123" lon="1.87574">
        <ele>176.0</ele>
      </trkpt>
      <trkpt lat="41.250063" lon="1.87578">
        <ele>175.6</ele>
      </trkpt>
      <trkpt lat="41.250016" lon="1.87584">
        <ele>175.3</ele>
      </trkpt>
      <trkpt lat="41.249981" lon="1.875869">
        <ele>175.1</ele>
      </trkpt>
      <trkpt lat="41.249882" lon="1.875914">
        <ele>175.2</ele>
      </trkpt>
      <trkpt lat="41.249756" lon="1.875951">
        <ele>175.2</ele>
      </trkpt>
      <trkpt lat="41.249616" lon="1.87598">
        <ele>175.4</ele>
      </trkpt>
      <trkpt lat="41.249524" lon="1.875989">
        <ele>175.7</ele>
      </trkpt>
      <trkpt lat="41.249489" lon="1.875987">
        <ele>175.8</ele>
      </trkpt>
      <trkpt lat="41.249453" lon="1.875975">
        <ele>175.9</ele>
      </trkpt>
      <trkpt lat="41.249413" lon="1.875954">
        <ele>176.1</ele>
      </trkpt>
      <trkpt lat="41.249372" lon="1.875925">
        <ele>176.4</ele>
      </trkpt>
      <trkpt lat="41.249256" lon="1.875792">
        <ele>177.0</ele>
      </trkpt>
      <trkpt lat="41.249205" lon="1.875726">
        <ele>177.0</ele>
      </trkpt>
      <trkpt lat="41.249153" lon="1.875644">
        <ele>177.0</ele>
      </trkpt>
      <trkpt lat="41.24913" lon="1.875572">
        <ele>176.9</ele>
      </trkpt>
      <trkpt lat="41.249113" lon="1.875495">
        <ele>176.8</ele>
      </trkpt>
      <trkpt lat="41.249079" lon="1.875281">
        <ele>176.1</ele>
      </trkpt>
      <trkpt lat="41.24904" lon="1.874898">
        <ele>175.2</ele>
      </trkpt>
      <trkpt lat="41.249002" lon="1.874514">
        <ele>174.5</ele>
      </trkpt>
      <trkpt lat="41.248937" lon="1.873953">
        <ele>172.7</ele>
      </trkpt>
      <trkpt lat="41.248871" lon="1.873391">
        <ele>171.0</ele>
      </trkpt>
      <trkpt lat="41.248867" lon="1.873345">
        <ele>170.9</ele>
        <name>Camí de Can Lluçà GR 92, Sitges, Garraf</name>
        <extensions>
          <oa:Extension>
            <oa:mapZoom>17</oa:mapZoom>
          </oa:Extension>
        </extensions>
      </trkpt>
      <trkpt lat="41.248825" lon="1.872919">
        <ele>170.3</ele>
      </trkpt>
      <trkpt lat="41.248778" lon="1.872447">
        <ele>170.4</ele>
      </trkpt>
      <trkpt lat="41.248731" lon="1.871975">
        <ele>170.5</ele>
      </trkpt>
      <trkpt lat="41.248679" lon="1.871509">
        <ele>172.5</ele>
      </trkpt>
      <trkpt lat="41.248678" lon="1.871295">
        <ele>173.2</ele>
      </trkpt>
      <trkpt lat="41.248687" lon="1.87109">
        <ele>174.6</ele>
      </trkpt>
      <trkpt lat="41.248732" lon="1.870765">
        <ele>173.5</ele>
      </trkpt>
      <trkpt lat="41.248777" lon="1.87044">
        <ele>172.9</ele>
      </trkpt>
      <trkpt lat="41.248783" lon="1.870404">
        <ele>172.8</ele>
      </trkpt>
      <trkpt lat="41.248859" lon="1.869929">
        <ele>172.4</ele>
      </trkpt>
      <trkpt lat="41.248867" lon="1.869705">
        <ele>172.2</ele>
      </trkpt>
      <trkpt lat="41.248856" lon="1.869467">
        <ele>170.9</ele>
      </trkpt>
      <trkpt lat="41.248845" lon="1.869396">
        <ele>170.2</ele>
      </trkpt>
      <trkpt lat="41.24882" lon="1.869295">
        <ele>169.5</ele>
      </trkpt>
      <trkpt lat="41.248751" lon="1.869105">
        <ele>168.2</ele>
      </trkpt>
      <trkpt lat="41.248607" lon="1.868673">
        <ele>164.1</ele>
      </trkpt>
      <trkpt lat="41.248449" lon="1.868221">
        <ele>159.5</ele>
      </trkpt>
      <trkpt lat="41.248348" lon="1.867829">
        <ele>154.3</ele>
      </trkpt>
      <trkpt lat="41.248247" lon="1.867436">
        <ele>151.0</ele>
      </trkpt>
      <trkpt lat="41.248155" lon="1.867092">
        <ele>146.9</ele>
      </trkpt>
      <trkpt lat="41.248061" lon="1.866747">
        <ele>145.3</ele>
      </trkpt>
      <trkpt lat="41.247964" lon="1.866221">
        <ele>141.5</ele>
      </trkpt>
      <trkpt lat="41.247877" lon="1.865899">
        <ele>138.3</ele>
      </trkpt>
      <trkpt lat="41.247848" lon="1.865763">
        <ele>136.8</ele>
      </trkpt>
      <trkpt lat="41.247844" lon="1.865728">
        <ele>136.6</ele>
      </trkpt>
      <trkpt lat="41.24785" lon="1.865695">
        <ele>136.1</ele>
      </trkpt>
      <trkpt lat="41.247873" lon="1.865681">
        <ele>135.3</ele>
      </trkpt>
      <trkpt lat="41.247902" lon="1.865689">
        <ele>134.6</ele>
      </trkpt>
      <trkpt lat="41.247939" lon="1.865731">
        <ele>133.2</ele>
      </trkpt>
      <trkpt lat="41.247993" lon="1.865833">
        <ele>131.7</ele>
      </trkpt>
      <trkpt lat="41.248178" lon="1.866149">
        <ele>128.7</ele>
      </trkpt>
      <trkpt lat="41.248203" lon="1.866195">
        <ele>128.2</ele>
      </trkpt>
      <trkpt lat="41.248221" lon="1.866248">
        <ele>127.8</ele>
      </trkpt>
      <trkpt lat="41.248285" lon="1.866524">
        <ele>127.0</ele>
      </trkpt>
      <trkpt lat="41.248306" lon="1.866574">
        <ele>126.6</ele>
      </trkpt>
      <trkpt lat="41.248478" lon="1.866858">
        <ele>122.4</ele>
      </trkpt>
      <trkpt lat="41.248621" lon="1.867072">
        <ele>120.0</ele>
      </trkpt>
      <trkpt lat="41.248682" lon="1.867193">
        <ele>118.5</ele>
      </trkpt>
      <trkpt lat="41.248709" lon="1.867246">
        <ele>118.5</ele>
      </trkpt>
      <trkpt lat="41.248728" lon="1.86725">
        <ele>118.4</ele>
      </trkpt>
      <trkpt lat="41.24874" lon="1.867233">
        <ele>118.0</ele>
      </trkpt>
      <trkpt lat="41.248751" lon="1.867208">
        <ele>117.5</ele>
      </trkpt>
      <trkpt lat="41.248757" lon="1.867157">
        <ele>115.8</ele>
      </trkpt>
      <trkpt lat="41.248748" lon="1.867084">
        <ele>113.9</ele>
      </trkpt>
      <trkpt lat="41.248731" lon="1.867011">
        <ele>113.0</ele>
      </trkpt>
      <trkpt lat="41.248603" lon="1.866694">
        <ele>110.7</ele>
      </trkpt>
      <trkpt lat="41.248574" lon="1.866538">
        <ele>109.5</ele>
      </trkpt>
      <trkpt lat="41.248534" lon="1.866241">
        <ele>106.1</ele>
      </trkpt>
      <trkpt lat="41.248506" lon="1.865842">
        <ele>102.5</ele>
      </trkpt>
      <trkpt lat="41.248365" lon="1.86528">
        <ele>96.2</ele>
      </trkpt>
      <trkpt lat="41.248327" lon="1.86497">
        <ele>93.5</ele>
      </trkpt>
      <trkpt lat="41.248235" lon="1.864679">
        <ele>90.1</ele>
      </trkpt>
      <trkpt lat="41.248092" lon="1.864403">
        <ele>85.8</ele>
      </trkpt>
      <trkpt lat="41.248102" lon="1.864328">
        <ele>85.8</ele>
      </trkpt>
      <trkpt lat="41.248181" lon="1.864408">
        <ele>85.4</ele>
      </trkpt>
      <trkpt lat="41.248401" lon="1.864794">
        <ele>83.0</ele>
      </trkpt>
      <trkpt lat="41.248618" lon="1.865172">
        <ele>78.9</ele>
      </trkpt>
      <trkpt lat="41.248951" lon="1.865528">
        <ele>74.3</ele>
      </trkpt>
      <trkpt lat="41.249063" lon="1.865778">
        <ele>71.3</ele>
      </trkpt>
      <trkpt lat="41.249181" lon="1.866089">
        <ele>68.0</ele>
      </trkpt>
      <trkpt lat="41.249278" lon="1.866234">
        <ele>65.7</ele>
      </trkpt>
      <trkpt lat="41.249346" lon="1.866227">
        <ele>65.1</ele>
      </trkpt>
      <trkpt lat="41.249593" lon="1.86606">
        <ele>63.9</ele>
      </trkpt>
      <trkpt lat="41.24968" lon="1.866003">
        <ele>63.2</ele>
      </trkpt>
      <trkpt lat="41.249711" lon="1.865985">
        <ele>62.9</ele>
      </trkpt>
      <trkpt lat="41.249752" lon="1.865995">
        <ele>62.7</ele>
      </trkpt>
      <trkpt lat="41.249784" lon="1.866055">
        <ele>62.5</ele>
      </trkpt>
      <trkpt lat="41.249817" lon="1.86609">
        <ele>62.4</ele>
      </trkpt>
      <trkpt lat="41.249851" lon="1.866114">
        <ele>62.2</ele>
      </trkpt>
      <trkpt lat="41.249924" lon="1.866153">
        <ele>61.2</ele>
      </trkpt>
      <trkpt lat="41.249976" lon="1.866146">
        <ele>60.5</ele>
      </trkpt>
      <trkpt lat="41.250006" lon="1.866081">
        <ele>59.8</ele>
      </trkpt>
      <trkpt lat="41.250016" lon="1.865975">
        <ele>58.8</ele>
      </trkpt>
      <trkpt lat="41.250012" lon="1.865827">
        <ele>57.0</ele>
      </trkpt>
      <trkpt lat="41.250002" lon="1.865651">
        <ele>55.1</ele>
      </trkpt>
      <trkpt lat="41.25003" lon="1.865429">
        <ele>53.9</ele>
      </trkpt>
      <trkpt lat="41.250021" lon="1.86537">
        <ele>53.8</ele>
      </trkpt>
      <trkpt lat="41.250005" lon="1.865319">
        <ele>53.8</ele>
      </trkpt>
      <trkpt lat="41.249964" lon="1.865206">
        <ele>54.0</ele>
      </trkpt>
      <trkpt lat="41.249836" lon="1.864973">
        <ele>53.7</ele>
      </trkpt>
      <trkpt lat="41.249777" lon="1.864864">
        <ele>53.5</ele>
      </trkpt>
      <trkpt lat="41.249425" lon="1.86468">
        <ele>53.4</ele>
      </trkpt>
      <trkpt lat="41.249215" lon="1.864526">
        <ele>53.1</ele>
      </trkpt>
      <trkpt lat="41.249006" lon="1.864372">
        <ele>53.0</ele>
      </trkpt>
      <trkpt lat="41.24871" lon="1.864061">
        <ele>52.7</ele>
      </trkpt>
      <trkpt lat="41.248534" lon="1.863601">
        <ele>52.2</ele>
      </trkpt>
      <trkpt lat="41.248337" lon="1.86323">
        <ele>51.7</ele>
      </trkpt>
      <trkpt lat="41.248072" lon="1.862935">
        <ele>51.3</ele>
      </trkpt>
      <trkpt lat="41.247847" lon="1.862737">
        <ele>51.2</ele>
      </trkpt>
      <trkpt lat="41.247623" lon="1.862538">
        <ele>50.8</ele>
      </trkpt>
      <trkpt lat="41.247512" lon="1.862472">
        <ele>50.8</ele>
      </trkpt>
      <trkpt lat="41.247512" lon="1.862471">
        <ele>50.8</ele>
        <name>GR 92, Sitges, Garraf</name>
        <extensions>
          <oa:Extension>
            <oa:mapZoom>17</oa:mapZoom>
          </oa:Extension>
        </extensions>
      </trkpt>
      <trkpt lat="41.247342" lon="1.862369">
        <ele>50.7</ele>
      </trkpt>
      <trkpt lat="41.24706" lon="1.862199">
        <ele>50.2</ele>
      </trkpt>
      <trkpt lat="41.246782" lon="1.861951">
        <ele>50.1</ele>
      </trkpt>
      <trkpt lat="41.246504" lon="1.861703">
        <ele>49.9</ele>
      </trkpt>
      <trkpt lat="41.246117" lon="1.861468">
        <ele>48.5</ele>
      </trkpt>
      <trkpt lat="41.245867" lon="1.861382">
        <ele>45.8</ele>
      </trkpt>
      <trkpt lat="41.245617" lon="1.861296">
        <ele>43.2</ele>
      </trkpt>
      <trkpt lat="41.245446" lon="1.86122">
        <ele>41.2</ele>
      </trkpt>
      <trkpt lat="41.245111" lon="1.861104">
        <ele>38.0</ele>
      </trkpt>
      <trkpt lat="41.244855" lon="1.861015">
        <ele>35.7</ele>
      </trkpt>
      <trkpt lat="41.244706" lon="1.860964">
        <ele>34.5</ele>
      </trkpt>
      <trkpt lat="41.244319" lon="1.860812">
        <ele>32.0</ele>
      </trkpt>
      <trkpt lat="41.244131" lon="1.860749">
        <ele>31.4</ele>
      </trkpt>
      <trkpt lat="41.243955" lon="1.860724">
        <ele>31.1</ele>
      </trkpt>
      <trkpt lat="41.243785" lon="1.860744">
        <ele>30.9</ele>
      </trkpt>
      <trkpt lat="41.24367" lon="1.860766">
        <ele>30.0</ele>
      </trkpt>
      <trkpt lat="41.243592" lon="1.860764">
        <ele>29.1</ele>
      </trkpt>
      <trkpt lat="41.243507" lon="1.860719">
        <ele>28.2</ele>
      </trkpt>
      <trkpt lat="41.243454" lon="1.860652">
        <ele>27.4</ele>
      </trkpt>
      <trkpt lat="41.243412" lon="1.860565">
        <ele>26.5</ele>
      </trkpt>
      <trkpt lat="41.243356" lon="1.860173">
        <ele>24.8</ele>
      </trkpt>
      <trkpt lat="41.24328" lon="1.859745">
        <ele>21.6</ele>
      </trkpt>
      <trkpt lat="41.243253" lon="1.859598">
        <ele>21.6</ele>
      </trkpt>
      <trkpt lat="41.243002" lon="1.859552">
        <ele>21.4</ele>
      </trkpt>
      <trkpt lat="41.242752" lon="1.859507">
        <ele>21.0</ele>
      </trkpt>
      <trkpt lat="41.242683" lon="1.859464">
        <ele>20.4</ele>
      </trkpt>
      <trkpt lat="41.242629" lon="1.859402">
        <ele>19.9</ele>
      </trkpt>
      <trkpt lat="41.242565" lon="1.859319">
        <ele>19.3</ele>
      </trkpt>
      <trkpt lat="41.242546" lon="1.859231">
        <ele>19.0</ele>
      </trkpt>
      <trkpt lat="41.242526" lon="1.85902">
        <ele>18.6</ele>
      </trkpt>
      <trkpt lat="41.242541" lon="1.858985">
        <ele>18.7</ele>
      </trkpt>
      <trkpt lat="41.242548" lon="1.858947">
        <ele>18.7</ele>
      </trkpt>
      <trkpt lat="41.242547" lon="1.858908">
        <ele>18.8</ele>
      </trkpt>
      <trkpt lat="41.242537" lon="1.85887">
        <ele>18.9</ele>
      </trkpt>
      <trkpt lat="41.242521" lon="1.858837">
        <ele>18.9</ele>
      </trkpt>
      <trkpt lat="41.242498" lon="1.858812">
        <ele>19.0</ele>
      </trkpt>
      <trkpt lat="41.242495" lon="1.858724">
        <ele>19.3</ele>
      </trkpt>
      <trkpt lat="41.242446" lon="1.858418">
        <ele>21.3</ele>
      </trkpt>
      <trkpt lat="41.242541" lon="1.857943">
        <ele>24.6</ele>
      </trkpt>
      <trkpt lat="41.242566" lon="1.857641">
        <ele>27.1</ele>
      </trkpt>
      <trkpt lat="41.24253" lon="1.857461">
        <ele>28.5</ele>
      </trkpt>
      <trkpt lat="41.242409" lon="1.857068">
        <ele>31.0</ele>
      </trkpt>
      <trkpt lat="41.242225" lon="1.856537">
        <ele>35.0</ele>
      </trkpt>
      <trkpt lat="41.242093" lon="1.856061">
        <ele>39.4</ele>
      </trkpt>
      <trkpt lat="41.242017" lon="1.85577">
        <ele>40.9</ele>
      </trkpt>
      <trkpt lat="41.241954" lon="1.855728">
        <ele>40.8</ele>
      </trkpt>
      <trkpt lat="41.241902" lon="1.85574">
        <ele>40.7</ele>
      </trkpt>
      <trkpt lat="41.241826" lon="1.855764">
        <ele>40.6</ele>
      </trkpt>
      <trkpt lat="41.241619" lon="1.855926">
        <ele>40.2</ele>
      </trkpt>
      <trkpt lat="41.241406" lon="1.856133">
        <ele>40.5</ele>
      </trkpt>
      <trkpt lat="41.241218" lon="1.856406">
        <ele>40.4</ele>
      </trkpt>
      <trkpt lat="41.241045" lon="1.856634">
        <ele>40.4</ele>
      </trkpt>
      <trkpt lat="41.240878" lon="1.856832">
        <ele>40.5</ele>
      </trkpt>
      <trkpt lat="41.240817" lon="1.856879">
        <ele>41.1</ele>
      </trkpt>
      <trkpt lat="41.240732" lon="1.856917">
        <ele>43.5</ele>
      </trkpt>
      <trkpt lat="41.240683" lon="1.856834">
        <ele>46.5</ele>
      </trkpt>
      <trkpt lat="41.240629" lon="1.856699">
        <ele>50.0</ele>
      </trkpt>
      <trkpt lat="41.240633" lon="1.856637">
        <ele>50.6</ele>
      </trkpt>
      <trkpt lat="41.240477" lon="1.856602">
        <ele>56.8</ele>
      </trkpt>
      <trkpt lat="41.240458" lon="1.856587">
        <ele>57.7</ele>
      </trkpt>
      <trkpt lat="41.240398" lon="1.856375">
        <ele>61.2</ele>
      </trkpt>
      <trkpt lat="41.240295" lon="1.856544">
        <ele>63.8</ele>
      </trkpt>
      <trkpt lat="41.240189" lon="1.856259">
        <ele>70.3</ele>
      </trkpt>
      <trkpt lat="41.240134" lon="1.856089">
        <ele>73.0</ele>
      </trkpt>
      <trkpt lat="41.240041" lon="1.856323">
        <ele>75.9</ele>
      </trkpt>
      <trkpt lat="41.239953" lon="1.856129">
        <ele>80.7</ele>
      </trkpt>
      <trkpt lat="41.239845" lon="1.855798">
        <ele>85.9</ele>
      </trkpt>
      <trkpt lat="41.239745" lon="1.855536">
        <ele>90.3</ele>
      </trkpt>
      <trkpt lat="41.239727" lon="1.855892">
        <ele>91.7</ele>
      </trkpt>
      <trkpt lat="41.239624" lon="1.855727">
        <ele>97.0</ele>
      </trkpt>
      <trkpt lat="41.239585" lon="1.855569">
        <ele>99.4</ele>
      </trkpt>
      <trkpt lat="41.239539" lon="1.855676">
        <ele>101.7</ele>
      </trkpt>
      <trkpt lat="41.239421" lon="1.855423">
        <ele>109.5</ele>
      </trkpt>
      <trkpt lat="41.239353" lon="1.855263">
        <ele>113.6</ele>
      </trkpt>
      <trkpt lat="41.239314" lon="1.855427">
        <ele>116.0</ele>
      </trkpt>
      <trkpt lat="41.239231" lon="1.855541">
        <ele>119.4</ele>
      </trkpt>
      <trkpt lat="41.239096" lon="1.85563">
        <ele>121.6</ele>
      </trkpt>
      <trkpt lat="41.239133" lon="1.855491">
        <ele>124.7</ele>
      </trkpt>
      <trkpt lat="41.239119" lon="1.855296">
        <ele>127.9</ele>
      </trkpt>
      <trkpt lat="41.239097" lon="1.855202">
        <ele>129.9</ele>
      </trkpt>
      <trkpt lat="41.239079" lon="1.855127">
        <ele>131.9</ele>
      </trkpt>
      <trkpt lat="41.239042" lon="1.854667">
        <ele>140.4</ele>
      </trkpt>
      <trkpt lat="41.239024" lon="1.854564">
        <ele>142.5</ele>
      </trkpt>
      <trkpt lat="41.239015" lon="1.854314">
        <ele>146.7</ele>
      </trkpt>
      <trkpt lat="41.238925" lon="1.854514">
        <ele>149.6</ele>
      </trkpt>
      <trkpt lat="41.23884" lon="1.85468">
        <ele>154.3</ele>
      </trkpt>
      <trkpt lat="41.238791" lon="1.85479">
        <ele>157.3</ele>
      </trkpt>
      <trkpt lat="41.238754" lon="1.854682">
        <ele>159.5</ele>
      </trkpt>
      <trkpt lat="41.238732" lon="1.854597">
        <ele>161.3</ele>
      </trkpt>
      <trkpt lat="41.238662" lon="1.854369">
        <ele>167.7</ele>
      </trkpt>
      <trkpt lat="41.238607" lon="1.854339">
        <ele>170.9</ele>
      </trkpt>
      <trkpt lat="41.23851" lon="1.854365">
        <ele>174.7</ele>
      </trkpt>
      <trkpt lat="41.238566" lon="1.854135">
        <ele>175.3</ele>
      </trkpt>
      <trkpt lat="41.238534" lon="1.854079">
        <ele>175.2</ele>
      </trkpt>
      <trkpt lat="41.23852" lon="1.854017">
        <ele>175.6</ele>
      </trkpt>
      <trkpt lat="41.238518" lon="1.853919">
        <ele>176.2</ele>
      </trkpt>
      <trkpt lat="41.238522" lon="1.853804">
        <ele>176.6</ele>
      </trkpt>
      <trkpt lat="41.238518" lon="1.853743">
        <ele>176.4</ele>
      </trkpt>
      <trkpt lat="41.238498" lon="1.853672">
        <ele>176.1</ele>
      </trkpt>
      <trkpt lat="41.238428" lon="1.853519">
        <ele>174.9</ele>
      </trkpt>
      <trkpt lat="41.238488" lon="1.853517">
        <ele>178.4</ele>
      </trkpt>
      <trkpt lat="41.238512" lon="1.853526">
        <ele>179.8</ele>
      </trkpt>
      <trkpt lat="41.238536" lon="1.853562">
        <ele>180.8</ele>
      </trkpt>
      <trkpt lat="41.238572" lon="1.853634">
        <ele>181.4</ele>
      </trkpt>
      <trkpt lat="41.238604" lon="1.853693">
        <ele>181.1</ele>
      </trkpt>
      <trkpt lat="41.238636" lon="1.853714">
        <ele>181.5</ele>
      </trkpt>
      <trkpt lat="41.238677" lon="1.853717">
        <ele>181.6</ele>
      </trkpt>
      <trkpt lat="41.238732" lon="1.853669">
        <ele>182.7</ele>
      </trkpt>
      <trkpt lat="41.238786" lon="1.853675">
        <ele>181.7</ele>
      </trkpt>
      <trkpt lat="41.23883" lon="1.853629">
        <ele>181.2</ele>
      </trkpt>
      <trkpt lat="41.238867" lon="1.853568">
        <ele>181.5</ele>
      </trkpt>
      <trkpt lat="41.238893" lon="1.853485">
        <ele>182.3</ele>
      </trkpt>
      <trkpt lat="41.238944" lon="1.853226">
        <ele>183.3</ele>
      </trkpt>
      <trkpt lat="41.238959" lon="1.853139">
        <ele>183.6</ele>
      </trkpt>
      <trkpt lat="41.238971" lon="1.853021">
        <ele>183.7</ele>
      </trkpt>
      <trkpt lat="41.238968" lon="1.852922">
        <ele>183.8</ele>
      </trkpt>
      <trkpt lat="41.238982" lon="1.852786">
        <ele>183.4</ele>
      </trkpt>
      <trkpt lat="41.239008" lon="1.852581">
        <ele>183.1</ele>
      </trkpt>
      <trkpt lat="41.239037" lon="1.852303">
        <ele>179.9</ele>
      </trkpt>
      <trkpt lat="41.239097" lon="1.852266">
        <ele>180.2</ele>
      </trkpt>
      <trkpt lat="41.239141" lon="1.852218">
        <ele>180.1</ele>
      </trkpt>
      <trkpt lat="41.239194" lon="1.852108">
        <ele>181.7</ele>
      </trkpt>
      <trkpt lat="41.239213" lon="1.852036">
        <ele>182.9</ele>
      </trkpt>
      <trkpt lat="41.239223" lon="1.851954">
        <ele>184.1</ele>
      </trkpt>
      <trkpt lat="41.23925" lon="1.851822">
        <ele>185.9</ele>
      </trkpt>
      <trkpt lat="41.239258" lon="1.851779">
        <ele>186.4</ele>
      </trkpt>
      <trkpt lat="41.239273" lon="1.851703">
        <ele>187.4</ele>
      </trkpt>
      <trkpt lat="41.239287" lon="1.851579">
        <ele>189.0</ele>
      </trkpt>
      <trkpt lat="41.239307" lon="1.851343">
        <ele>191.7</ele>
      </trkpt>
      <trkpt lat="41.239335" lon="1.85119">
        <ele>194.0</ele>
      </trkpt>
      <trkpt lat="41.239378" lon="1.851054">
        <ele>195.6</ele>
      </trkpt>
      <trkpt lat="41.239407" lon="1.850958">
        <ele>196.5</ele>
      </trkpt>
      <trkpt lat="41.239438" lon="1.850893">
        <ele>197.4</ele>
      </trkpt>
      <trkpt lat="41.239467" lon="1.850835">
        <ele>198.3</ele>
      </trkpt>
      <trkpt lat="41.239495" lon="1.850809">
        <ele>198.8</ele>
      </trkpt>
      <trkpt lat="41.239525" lon="1.850787">
        <ele>199.1</ele>
      </trkpt>
      <trkpt lat="41.239706" lon="1.850475">
        <ele>201.2</ele>
      </trkpt>
      <trkpt lat="41.239829" lon="1.850226">
        <ele>198.1</ele>
      </trkpt>
      <trkpt lat="41.239968" lon="1.850059">
        <ele>194.2</ele>
      </trkpt>
      <trkpt lat="41.240226" lon="1.849824">
        <ele>190.1</ele>
        <name>GR 92, Sitges, Garraf</name>
        <extensions>
          <oa:Extension>
            <oa:mapZoom>16</oa:mapZoom>
          </oa:Extension>
        </extensions>
      </trkpt>
      <trkpt lat="41.240273" lon="1.849781">
        <ele>189.4</ele>
      </trkpt>
      <trkpt lat="41.240377" lon="1.84965">
        <ele>187.3</ele>
      </trkpt>
      <trkpt lat="41.240469" lon="1.849475">
        <ele>186.9</ele>
      </trkpt>
      <trkpt lat="41.240541" lon="1.849282">
        <ele>187.7</ele>
      </trkpt>
      <trkpt lat="41.240582" lon="1.8491">
        <ele>188.1</ele>
      </trkpt>
      <trkpt lat="41.240674" lon="1.848528">
        <ele>193.0</ele>
      </trkpt>
      <trkpt lat="41.240737" lon="1.84833">
        <ele>196.8</ele>
      </trkpt>
      <trkpt lat="41.240791" lon="1.848235">
        <ele>198.4</ele>
      </trkpt>
      <trkpt lat="41.240872" lon="1.848142">
        <ele>199.4</ele>
      </trkpt>
      <trkpt lat="41.241194" lon="1.847883">
        <ele>204.3</ele>
      </trkpt>
      <trkpt lat="41.241307" lon="1.847766">
        <ele>208.4</ele>
      </trkpt>
      <trkpt lat="41.241503" lon="1.847506">
        <ele>211.6</ele>
      </trkpt>
      <trkpt lat="41.241707" lon="1.847355">
        <ele>214.5</ele>
      </trkpt>
      <trkpt lat="41.241911" lon="1.847204">
        <ele>218.5</ele>
      </trkpt>
      <trkpt lat="41.241983" lon="1.847135">
        <ele>219.7</ele>
      </trkpt>
      <trkpt lat="41.242071" lon="1.847051">
        <ele>221.3</ele>
      </trkpt>
      <trkpt lat="41.242362" lon="1.846613">
        <ele>231.0</ele>
      </trkpt>
      <trkpt lat="41.242407" lon="1.84651">
        <ele>233.0</ele>
      </trkpt>
      <trkpt lat="41.242453" lon="1.84633">
        <ele>234.5</ele>
      </trkpt>
      <trkpt lat="41.242514" lon="1.845969">
        <ele>237.3</ele>
      </trkpt>
      <trkpt lat="41.242576" lon="1.845608">
        <ele>238.4</ele>
      </trkpt>
      <trkpt lat="41.242568" lon="1.84529">
        <ele>241.2</ele>
      </trkpt>
      <trkpt lat="41.242567" lon="1.845251">
        <ele>241.7</ele>
      </trkpt>
      <trkpt lat="41.242518" lon="1.844862">
        <ele>243.6</ele>
      </trkpt>
      <trkpt lat="41.242539" lon="1.844719">
        <ele>244.6</ele>
      </trkpt>
      <trkpt lat="41.242601" lon="1.844586">
        <ele>244.2</ele>
      </trkpt>
      <trkpt lat="41.242817" lon="1.844292">
        <ele>241.3</ele>
      </trkpt>
      <trkpt lat="41.243033" lon="1.843997">
        <ele>239.4</ele>
      </trkpt>
      <trkpt lat="41.243288" lon="1.843595">
        <ele>238.5</ele>
      </trkpt>
      <trkpt lat="41.243543" lon="1.843194">
        <ele>238.0</ele>
      </trkpt>
      <trkpt lat="41.243613" lon="1.843057">
        <ele>236.9</ele>
      </trkpt>
      <trkpt lat="41.243745" lon="1.842665">
        <ele>236.7</ele>
      </trkpt>
      <trkpt lat="41.243865" lon="1.842102">
        <ele>234.6</ele>
      </trkpt>
      <trkpt lat="41.243989" lon="1.841654">
        <ele>230.4</ele>
      </trkpt>
      <trkpt lat="41.244076" lon="1.841185">
        <ele>228.9</ele>
      </trkpt>
      <trkpt lat="41.244163" lon="1.840715">
        <ele>230.7</ele>
      </trkpt>
      <trkpt lat="41.244299" lon="1.840325">
        <ele>235.7</ele>
      </trkpt>
      <trkpt lat="41.244214" lon="1.84005">
        <ele>237.3</ele>
      </trkpt>
      <trkpt lat="41.244199" lon="1.839945">
        <ele>237.1</ele>
      </trkpt>
      <trkpt lat="41.244189" lon="1.839648">
        <ele>238.8</ele>
      </trkpt>
      <trkpt lat="41.244227" lon="1.839357">
        <ele>242.2</ele>
      </trkpt>
      <trkpt lat="41.24423" lon="1.839024">
        <ele>242.4</ele>
      </trkpt>
      <trkpt lat="41.24421" lon="1.838899">
        <ele>241.8</ele>
      </trkpt>
      <trkpt lat="41.244132" lon="1.838633">
        <ele>237.7</ele>
      </trkpt>
      <trkpt lat="41.244058" lon="1.838206">
        <ele>235.7</ele>
      </trkpt>
      <trkpt lat="41.24402" lon="1.837774">
        <ele>229.2</ele>
      </trkpt>
      <trkpt lat="41.24398" lon="1.837661">
        <ele>225.2</ele>
      </trkpt>
      <trkpt lat="41.243744" lon="1.837296">
        <ele>209.8</ele>
      </trkpt>
      <trkpt lat="41.243594" lon="1.837153">
        <ele>203.7</ele>
      </trkpt>
      <trkpt lat="41.243484" lon="1.837013">
        <ele>198.5</ele>
      </trkpt>
      <trkpt lat="41.24337" lon="1.836814">
        <ele>193.0</ele>
      </trkpt>
      <trkpt lat="41.243284" lon="1.836566">
        <ele>188.0</ele>
      </trkpt>
      <trkpt lat="41.243192" lon="1.836366">
        <ele>185.5</ele>
      </trkpt>
      <trkpt lat="41.243139" lon="1.836178">
        <ele>183.9</ele>
      </trkpt>
      <trkpt lat="41.243081" lon="1.836076">
        <ele>184.6</ele>
      </trkpt>
      <trkpt lat="41.242978" lon="1.835966">
        <ele>186.3</ele>
      </trkpt>
      <trkpt lat="41.242907" lon="1.835819">
        <ele>188.3</ele>
      </trkpt>
      <trkpt lat="41.242878" lon="1.835696">
        <ele>189.7</ele>
      </trkpt>
      <trkpt lat="41.242864" lon="1.835454">
        <ele>193.2</ele>
      </trkpt>
      <trkpt lat="41.24281" lon="1.835294">
        <ele>196.1</ele>
      </trkpt>
      <trkpt lat="41.242757" lon="1.835032">
        <ele>198.4</ele>
      </trkpt>
      <trkpt lat="41.242664" lon="1.83483">
        <ele>199.8</ele>
      </trkpt>
      <trkpt lat="41.242637" lon="1.834705">
        <ele>200.5</ele>
      </trkpt>
      <trkpt lat="41.242606" lon="1.834425">
        <ele>200.2</ele>
      </trkpt>
      <trkpt lat="41.242501" lon="1.834009">
        <ele>201.1</ele>
      </trkpt>
      <trkpt lat="41.242468" lon="1.833565">
        <ele>198.0</ele>
      </trkpt>
      <trkpt lat="41.242437" lon="1.833481">
        <ele>197.0</ele>
      </trkpt>
      <trkpt lat="41.242374" lon="1.833381">
        <ele>196.0</ele>
      </trkpt>
      <trkpt lat="41.242191" lon="1.833193">
        <ele>194.3</ele>
      </trkpt>
      <trkpt lat="41.242008" lon="1.833004">
        <ele>192.3</ele>
      </trkpt>
      <trkpt lat="41.241935" lon="1.832887">
        <ele>190.3</ele>
      </trkpt>
      <trkpt lat="41.24187" lon="1.832744">
        <ele>188.0</ele>
      </trkpt>
      <trkpt lat="41.241834" lon="1.832602">
        <ele>185.8</ele>
      </trkpt>
      <trkpt lat="41.241845" lon="1.832411">
        <ele>181.5</ele>
      </trkpt>
      <trkpt lat="41.241904" lon="1.832132">
        <ele>174.8</ele>
      </trkpt>
      <trkpt lat="41.241911" lon="1.832042">
        <ele>173.1</ele>
      </trkpt>
      <trkpt lat="41.241898" lon="1.831807">
        <ele>170.5</ele>
      </trkpt>
      <trkpt lat="41.241915" lon="1.831535">
        <ele>169.0</ele>
      </trkpt>
      <trkpt lat="41.24191" lon="1.83137">
        <ele>168.5</ele>
      </trkpt>
      <trkpt lat="41.241883" lon="1.831231">
        <ele>167.1</ele>
      </trkpt>
      <trkpt lat="41.241844" lon="1.831112">
        <ele>164.2</ele>
      </trkpt>
      <trkpt lat="41.2418" lon="1.831038">
        <ele>161.3</ele>
      </trkpt>
      <trkpt lat="41.241629" lon="1.830838">
        <ele>151.5</ele>
      </trkpt>
      <trkpt lat="41.241458" lon="1.830639">
        <ele>141.8</ele>
      </trkpt>
      <trkpt lat="41.241418" lon="1.830563">
        <ele>137.2</ele>
      </trkpt>
      <trkpt lat="41.241379" lon="1.830393">
        <ele>134.9</ele>
      </trkpt>
      <trkpt lat="41.241444" lon="1.830373">
        <ele>134.9</ele>
      </trkpt>
      <trkpt lat="41.241538" lon="1.830366">
        <ele>134.4</ele>
      </trkpt>
      <trkpt lat="41.241655" lon="1.83038">
        <ele>134.3</ele>
      </trkpt>
      <trkpt lat="41.241731" lon="1.830394">
        <ele>134.4</ele>
      </trkpt>
      <trkpt lat="41.241821" lon="1.830402">
        <ele>134.6</ele>
      </trkpt>
      <trkpt lat="41.24188" lon="1.830399">
        <ele>134.6</ele>
      </trkpt>
      <trkpt lat="41.241939" lon="1.830384">
        <ele>134.6</ele>
      </trkpt>
      <trkpt lat="41.242008" lon="1.830357">
        <ele>134.4</ele>
      </trkpt>
      <trkpt lat="41.242055" lon="1.830328">
        <ele>134.4</ele>
      </trkpt>
      <trkpt lat="41.242105" lon="1.830282">
        <ele>134.0</ele>
      </trkpt>
      <trkpt lat="41.242149" lon="1.830224">
        <ele>133.7</ele>
      </trkpt>
      <trkpt lat="41.242183" lon="1.830166">
        <ele>133.6</ele>
      </trkpt>
      <trkpt lat="41.242229" lon="1.830061">
        <ele>133.6</ele>
      </trkpt>
      <trkpt lat="41.242275" lon="1.829912">
        <ele>133.6</ele>
      </trkpt>
      <trkpt lat="41.242337" lon="1.829682">
        <ele>133.9</ele>
      </trkpt>
      <trkpt lat="41.242405" lon="1.829581">
        <ele>134.2</ele>
      </trkpt>
      <trkpt lat="41.242489" lon="1.829533">
        <ele>134.3</ele>
      </trkpt>
      <trkpt lat="41.242606" lon="1.829513">
        <ele>133.5</ele>
      </trkpt>
      <trkpt lat="41.242746" lon="1.829516">
        <ele>134.5</ele>
      </trkpt>
      <trkpt lat="41.242825" lon="1.829507">
        <ele>134.3</ele>
      </trkpt>
      <trkpt lat="41.242913" lon="1.829479">
        <ele>134.5</ele>
      </trkpt>
      <trkpt lat="41.243006" lon="1.829441">
        <ele>134.5</ele>
      </trkpt>
      <trkpt lat="41.243091" lon="1.829393">
        <ele>134.7</ele>
      </trkpt>
      <trkpt lat="41.243189" lon="1.829303">
        <ele>134.6</ele>
      </trkpt>
      <trkpt lat="41.243274" lon="1.829204">
        <ele>134.4</ele>
      </trkpt>
      <trkpt lat="41.243361" lon="1.829089">
        <ele>134.6</ele>
      </trkpt>
      <trkpt lat="41.243422" lon="1.828985">
        <ele>134.6</ele>
      </trkpt>
      <trkpt lat="41.243462" lon="1.828898">
        <ele>134.7</ele>
      </trkpt>
      <trkpt lat="41.243491" lon="1.828816">
        <ele>134.8</ele>
      </trkpt>
      <trkpt lat="41.243517" lon="1.828716">
        <ele>134.7</ele>
      </trkpt>
      <trkpt lat="41.243529" lon="1.828578">
        <ele>134.7</ele>
      </trkpt>
      <trkpt lat="41.243548" lon="1.828342">
        <ele>134.5</ele>
      </trkpt>
      <trkpt lat="41.243554" lon="1.82829">
        <ele>134.4</ele>
      </trkpt>
      <trkpt lat="41.243565" lon="1.828209">
        <ele>134.3</ele>
      </trkpt>
      <trkpt lat="41.243575" lon="1.828145">
        <ele>134.4</ele>
        <name>Carrer de la Trinitat, Sitges, Garraf</name>
        <extensions>
          <oa:Extension>
            <oa:mapZoom>17</oa:mapZoom>
          </oa:Extension>
        </extensions>
      </trkpt>
      <trkpt lat="41.243582" lon="1.828103">
        <ele>134.5</ele>
      </trkpt>
      <trkpt lat="41.243611" lon="1.827946">
        <ele>134.4</ele>
      </trkpt>
      <trkpt lat="41.243626" lon="1.827869">
        <ele>134.4</ele>
      </trkpt>
      <trkpt lat="41.243631" lon="1.827764">
        <ele>134.3</ele>
      </trkpt>
      <trkpt lat="41.243625" lon="1.827658">
        <ele>134.1</ele>
      </trkpt>
      <trkpt lat="41.243605" lon="1.827554">
        <ele>133.6</ele>
      </trkpt>
      <trkpt lat="41.243583" lon="1.827387">
        <ele>133.0</ele>
      </trkpt>
      <trkpt lat="41.243532" lon="1.827162">
        <ele>132.6</ele>
      </trkpt>
      <trkpt lat="41.243522" lon="1.827049">
        <ele>132.3</ele>
      </trkpt>
      <trkpt lat="41.243518" lon="1.826882">
        <ele>130.9</ele>
      </trkpt>
      <trkpt lat="41.243514" lon="1.82677">
        <ele>129.6</ele>
      </trkpt>
      <trkpt lat="41.243507" lon="1.826646">
        <ele>128.6</ele>
      </trkpt>
      <trkpt lat="41.24349" lon="1.826559">
        <ele>128.0</ele>
      </trkpt>
      <trkpt lat="41.243457" lon="1.82646">
        <ele>127.2</ele>
      </trkpt>
      <trkpt lat="41.243362" lon="1.826278">
        <ele>125.4</ele>
      </trkpt>
      <trkpt lat="41.243269" lon="1.826166">
        <ele>123.8</ele>
      </trkpt>
      <trkpt lat="41.243225" lon="1.826078">
        <ele>123.0</ele>
      </trkpt>
      <trkpt lat="41.24321" lon="1.826024">
        <ele>122.3</ele>
      </trkpt>
      <trkpt lat="41.243201" lon="1.825965">
        <ele>121.9</ele>
      </trkpt>
      <trkpt lat="41.243202" lon="1.825899">
        <ele>121.2</ele>
      </trkpt>
      <trkpt lat="41.243205" lon="1.825581">
        <ele>118.1</ele>
      </trkpt>
      <trkpt lat="41.243193" lon="1.825464">
        <ele>117.0</ele>
      </trkpt>
      <trkpt lat="41.243158" lon="1.82534">
        <ele>115.8</ele>
      </trkpt>
      <trkpt lat="41.243085" lon="1.825123">
        <ele>113.5</ele>
      </trkpt>
      <trkpt lat="41.24299" lon="1.824909">
        <ele>110.5</ele>
      </trkpt>
      <trkpt lat="41.242942" lon="1.824775">
        <ele>108.8</ele>
      </trkpt>
      <trkpt lat="41.242925" lon="1.824687">
        <ele>108.0</ele>
      </trkpt>
      <trkpt lat="41.242916" lon="1.82458">
        <ele>107.1</ele>
      </trkpt>
      <trkpt lat="41.242912" lon="1.824474">
        <ele>106.1</ele>
      </trkpt>
      <trkpt lat="41.242915" lon="1.824345">
        <ele>104.7</ele>
      </trkpt>
      <trkpt lat="41.242912" lon="1.8243">
        <ele>104.2</ele>
      </trkpt>
      <trkpt lat="41.242894" lon="1.824259">
        <ele>103.6</ele>
      </trkpt>
      <trkpt lat="41.242867" lon="1.824234">
        <ele>103.0</ele>
      </trkpt>
      <trkpt lat="41.24283" lon="1.824235">
        <ele>102.2</ele>
      </trkpt>
      <trkpt lat="41.242798" lon="1.824241">
        <ele>101.2</ele>
      </trkpt>
      <trkpt lat="41.242672" lon="1.824182">
        <ele>93.0</ele>
      </trkpt>
      <trkpt lat="41.242628" lon="1.824079">
        <ele>89.8</ele>
      </trkpt>
      <trkpt lat="41.242584" lon="1.824155">
        <ele>89.2</ele>
      </trkpt>
      <trkpt lat="41.242314" lon="1.824109">
        <ele>76.0</ele>
      </trkpt>
      <trkpt lat="41.242044" lon="1.824063">
        <ele>69.0</ele>
      </trkpt>
      <trkpt lat="41.241957" lon="1.824252">
        <ele>68.6</ele>
      </trkpt>
      <trkpt lat="41.24191" lon="1.82413">
        <ele>67.7</ele>
      </trkpt>
      <trkpt lat="41.241878" lon="1.824106">
        <ele>65.8</ele>
      </trkpt>
      <trkpt lat="41.241728" lon="1.824045">
        <ele>59.1</ele>
      </trkpt>
      <trkpt lat="41.241716" lon="1.824044">
        <ele>58.7</ele>
      </trkpt>
      <trkpt lat="41.241705" lon="1.824048">
        <ele>58.5</ele>
      </trkpt>
      <trkpt lat="41.241611" lon="1.824119">
        <ele>56.2</ele>
      </trkpt>
      <trkpt lat="41.2416" lon="1.824124">
        <ele>55.8</ele>
      </trkpt>
      <trkpt lat="41.241588" lon="1.824128">
        <ele>55.3</ele>
      </trkpt>
      <trkpt lat="41.241482" lon="1.824144">
        <ele>51.2</ele>
      </trkpt>
      <trkpt lat="41.241336" lon="1.824159">
        <ele>47.5</ele>
      </trkpt>
      <trkpt lat="41.241291" lon="1.824152">
        <ele>46.6</ele>
      </trkpt>
      <trkpt lat="41.241245" lon="1.823728">
        <ele>43.5</ele>
      </trkpt>
      <trkpt lat="41.241185" lon="1.823496">
        <ele>42.0</ele>
      </trkpt>
      <trkpt lat="41.241117" lon="1.823259">
        <ele>40.0</ele>
      </trkpt>
      <trkpt lat="41.241043" lon="1.823065">
        <ele>38.0</ele>
      </trkpt>
      <trkpt lat="41.240938" lon="1.82287">
        <ele>36.0</ele>
      </trkpt>
      <trkpt lat="41.240852" lon="1.822914">
        <ele>35.0</ele>
      </trkpt>
      <trkpt lat="41.240659" lon="1.823189">
        <ele>33.0</ele>
      </trkpt>
      <trkpt lat="41.240623" lon="1.823163">
        <ele>32.4</ele>
      </trkpt>
      <trkpt lat="41.240585" lon="1.823167">
        <ele>31.8</ele>
      </trkpt>
      <trkpt lat="41.240559" lon="1.823189">
        <ele>31.4</ele>
      </trkpt>
      <trkpt lat="41.240542" lon="1.823227">
        <ele>31.2</ele>
      </trkpt>
      <trkpt lat="41.240331" lon="1.823169">
        <ele>28.5</ele>
      </trkpt>
      <trkpt lat="41.240253" lon="1.823147">
        <ele>27.9</ele>
      </trkpt>
      <trkpt lat="41.240127" lon="1.823106">
        <ele>26.8</ele>
      </trkpt>
      <trkpt lat="41.239793" lon="1.822992">
        <ele>24.2</ele>
      </trkpt>
      <trkpt lat="41.239628" lon="1.822936">
        <ele>23.2</ele>
      </trkpt>
      <trkpt lat="41.239467" lon="1.822798">
        <ele>22.6</ele>
      </trkpt>
      <trkpt lat="41.239429" lon="1.822757">
        <ele>22.4</ele>
      </trkpt>
      <trkpt lat="41.239411" lon="1.822693">
        <ele>22.3</ele>
      </trkpt>
      <trkpt lat="41.239388" lon="1.822641">
        <ele>22.2</ele>
      </trkpt>
      <trkpt lat="41.239313" lon="1.822574">
        <ele>22.1</ele>
      </trkpt>
      <trkpt lat="41.239258" lon="1.82256">
        <ele>22.0</ele>
      </trkpt>
      <trkpt lat="41.239216" lon="1.822559">
        <ele>21.9</ele>
      </trkpt>
      <trkpt lat="41.239165" lon="1.822578">
        <ele>21.8</ele>
      </trkpt>
      <trkpt lat="41.239129" lon="1.822604">
        <ele>21.8</ele>
      </trkpt>
      <trkpt lat="41.239112" lon="1.822618">
        <ele>21.8</ele>
      </trkpt>
      <trkpt lat="41.239061" lon="1.82263">
        <ele>21.8</ele>
      </trkpt>
      <trkpt lat="41.238999" lon="1.822636">
        <ele>21.7</ele>
      </trkpt>
      <trkpt lat="41.23891" lon="1.822635">
        <ele>21.5</ele>
      </trkpt>
      <trkpt lat="41.23877" lon="1.82263">
        <ele>20.3</ele>
      </trkpt>
      <trkpt lat="41.238726" lon="1.822626">
        <ele>18.2</ele>
      </trkpt>
      <trkpt lat="41.238617" lon="1.822624">
        <ele>20.8</ele>
      </trkpt>
      <trkpt lat="41.238558" lon="1.822634">
        <ele>21.2</ele>
      </trkpt>
      <trkpt lat="41.238533" lon="1.822637">
        <ele>21.2</ele>
      </trkpt>
      <trkpt lat="41.238472" lon="1.822656">
        <ele>21.3</ele>
      </trkpt>
      <trkpt lat="41.238428" lon="1.822678">
        <ele>21.5</ele>
      </trkpt>
      <trkpt lat="41.238393" lon="1.8227">
        <ele>21.7</ele>
      </trkpt>
      <trkpt lat="41.23833" lon="1.822758">
        <ele>21.9</ele>
      </trkpt>
      <trkpt lat="41.238276" lon="1.822819">
        <ele>22.1</ele>
      </trkpt>
      <trkpt lat="41.238175" lon="1.822987">
        <ele>22.6</ele>
      </trkpt>
      <trkpt lat="41.238083" lon="1.823175">
        <ele>23.6</ele>
      </trkpt>
      <trkpt lat="41.23803" lon="1.82329">
        <ele>24.2</ele>
      </trkpt>
      <trkpt lat="41.237971" lon="1.823399">
        <ele>24.7</ele>
      </trkpt>
      <trkpt lat="41.237927" lon="1.823459">
        <ele>25.0</ele>
      </trkpt>
      <trkpt lat="41.237856" lon="1.823519">
        <ele>25.5</ele>
      </trkpt>
      <trkpt lat="41.237809" lon="1.823544">
        <ele>25.9</ele>
      </trkpt>
      <trkpt lat="41.23776" lon="1.82356">
        <ele>26.3</ele>
      </trkpt>
      <trkpt lat="41.237713" lon="1.823569">
        <ele>26.6</ele>
        <name>Carrer de la Riera d&apos;Aiguadolç, Barcelona</name>
        <extensions>
          <oa:Extension>
            <oa:mapZoom>17</oa:mapZoom>
          </oa:Extension>
        </extensions>
      </trkpt>
      <trkpt lat="41.2377" lon="1.823572">
        <ele>26.7</ele>
      </trkpt>
      <trkpt lat="41.237529" lon="1.823588">
        <ele>24.5</ele>
      </trkpt>
      <trkpt lat="41.23748" lon="1.823588">
        <ele>26.7</ele>
      </trkpt>
      <trkpt lat="41.237436" lon="1.823583">
        <ele>26.8</ele>
      </trkpt>
      <trkpt lat="41.237433" lon="1.823547">
        <ele>26.8</ele>
      </trkpt>
      <trkpt lat="41.237423" lon="1.823513">
        <ele>26.9</ele>
      </trkpt>
      <trkpt lat="41.237417" lon="1.823434">
        <ele>26.9</ele>
      </trkpt>
      <trkpt lat="41.237417" lon="1.823394">
        <ele>27.0</ele>
      </trkpt>
      <trkpt lat="41.237421" lon="1.823309">
        <ele>27.2</ele>
      </trkpt>
      <trkpt lat="41.237428" lon="1.823172">
        <ele>27.3</ele>
      </trkpt>
      <trkpt lat="41.237429" lon="1.823101">
        <ele>27.1</ele>
      </trkpt>
      <trkpt lat="41.237426" lon="1.823019">
        <ele>26.8</ele>
      </trkpt>
      <trkpt lat="41.237416" lon="1.822896">
        <ele>26.4</ele>
      </trkpt>
      <trkpt lat="41.237408" lon="1.822641">
        <ele>25.6</ele>
      </trkpt>
      <trkpt lat="41.237384" lon="1.822196">
        <ele>22.9</ele>
      </trkpt>
      <trkpt lat="41.23736" lon="1.821751">
        <ele>20.7</ele>
      </trkpt>
      <trkpt lat="41.237336" lon="1.821306">
        <ele>20.2</ele>
      </trkpt>
      <trkpt lat="41.237269" lon="1.821313">
        <ele>20.0</ele>
      </trkpt>
      <trkpt lat="41.237202" lon="1.821312">
        <ele>19.7</ele>
      </trkpt>
      <trkpt lat="41.2371" lon="1.821293">
        <ele>19.2</ele>
      </trkpt>
      <trkpt lat="41.236978" lon="1.821266">
        <ele>18.8</ele>
      </trkpt>
      <trkpt lat="41.236912" lon="1.821236">
        <ele>18.4</ele>
      </trkpt>
      <trkpt lat="41.236839" lon="1.821178">
        <ele>18.1</ele>
      </trkpt>
      <trkpt lat="41.236739" lon="1.821075">
        <ele>17.6</ele>
      </trkpt>
      <trkpt lat="41.236666" lon="1.820952">
        <ele>17.1</ele>
        <name>Carrer de Ramon Planes, Barcelona</name>
        <extensions>
          <oa:Extension>
            <oa:mapZoom>17</oa:mapZoom>
          </oa:Extension>
        </extensions>
      </trkpt>
      <trkpt lat="41.236589" lon="1.820824">
        <ele>16.5</ele>
      </trkpt>
      <trkpt lat="41.236498" lon="1.820549">
        <ele>15.5</ele>
      </trkpt>
      <trkpt lat="41.236484" lon="1.820445">
        <ele>15.7</ele>
      </trkpt>
      <trkpt lat="41.236479" lon="1.820342">
        <ele>15.6</ele>
      </trkpt>
      <trkpt lat="41.236499" lon="1.820204">
        <ele>15.2</ele>
      </trkpt>
      <trkpt lat="41.236505" lon="1.82016">
        <ele>15.1</ele>
      </trkpt>
      <trkpt lat="41.236532" lon="1.819913">
        <ele>13.9</ele>
      </trkpt>
      <trkpt lat="41.23653" lon="1.819842">
        <ele>13.5</ele>
      </trkpt>
      <trkpt lat="41.236516" lon="1.819771">
        <ele>13.1</ele>
      </trkpt>
      <trkpt lat="41.236453" lon="1.819654">
        <ele>12.4</ele>
      </trkpt>
      <trkpt lat="41.236432" lon="1.819582">
        <ele>12.1</ele>
      </trkpt>
      <trkpt lat="41.236425" lon="1.819479">
        <ele>11.6</ele>
      </trkpt>
      <trkpt lat="41.23641" lon="1.819179">
        <ele>11.0</ele>
      </trkpt>
      <trkpt lat="41.236395" lon="1.818879">
        <ele>11.8</ele>
      </trkpt>
      <trkpt lat="41.236397" lon="1.818699">
        <ele>12.5</ele>
      </trkpt>
      <trkpt lat="41.23641" lon="1.8186">
        <ele>13.0</ele>
      </trkpt>
      <trkpt lat="41.236446" lon="1.818511">
        <ele>13.5</ele>
      </trkpt>
      <trkpt lat="41.236502" lon="1.818432">
        <ele>14.0</ele>
      </trkpt>
      <trkpt lat="41.236438" lon="1.81833">
        <ele>14.1</ele>
      </trkpt>
      <trkpt lat="41.236346" lon="1.818289">
        <ele>13.3</ele>
      </trkpt>
      <trkpt lat="41.236244" lon="1.818277">
        <ele>12.5</ele>
      </trkpt>
      <trkpt lat="41.236155" lon="1.818283">
        <ele>11.8</ele>
      </trkpt>
      <trkpt lat="41.236059" lon="1.818275">
        <ele>11.9</ele>
      </trkpt>
      <trkpt lat="41.236022" lon="1.818186">
        <ele>12.1</ele>
      </trkpt>
      <trkpt lat="41.236092" lon="1.817917">
        <ele>13.8</ele>
      </trkpt>
      <trkpt lat="41.236158" lon="1.817587">
        <ele>16.0</ele>
      </trkpt>
      <trkpt lat="41.236192" lon="1.817304">
        <ele>16.7</ele>
      </trkpt>
      <trkpt lat="41.236199" lon="1.817236">
        <ele>16.5</ele>
      </trkpt>
      <trkpt lat="41.236264" lon="1.816765">
        <ele>14.0</ele>
      </trkpt>
      <trkpt lat="41.236253" lon="1.816681">
        <ele>13.4</ele>
      </trkpt>
      <trkpt lat="41.236212" lon="1.816366">
        <ele>8.8</ele>
      </trkpt>
      <trkpt lat="41.236119" lon="1.816049">
        <ele>8.0</ele>
      </trkpt>
      <trkpt lat="41.236129" lon="1.815876">
        <ele>6.9</ele>
      </trkpt>
      <trkpt lat="41.236147" lon="1.815653">
        <ele>5.5</ele>
      </trkpt>
      <trkpt lat="41.236264" lon="1.81543">
        <ele>3.6</ele>
      </trkpt>
      <trkpt lat="41.236292" lon="1.815284">
        <ele>3.5</ele>
      </trkpt>
      <trkpt lat="41.236311" lon="1.815127">
        <ele>2.3</ele>
      </trkpt>
      <trkpt lat="41.23631" lon="1.815116">
        <ele>2.3</ele>
        <name>Carrer del Port de n&apos;Alegre, España (Spain)</name>
        <extensions>
          <oa:Extension>
            <oa:mapZoom>17</oa:mapZoom>
          </oa:Extension>
        </extensions>
      </trkpt>
      <trkpt lat="41.236295" lon="1.814925">
        <ele>2.9</ele>
      </trkpt>
      <trkpt lat="41.236231" lon="1.814584">
        <ele>2.6</ele>
      </trkpt>
      <trkpt lat="41.236117" lon="1.814067">
        <ele>2.4</ele>
      </trkpt>
      <trkpt lat="41.236032" lon="1.813687">
        <ele>2.0</ele>
      </trkpt>
      <trkpt lat="41.23603" lon="1.813616">
        <ele>2.3</ele>
      </trkpt>
      <trkpt lat="41.235776" lon="1.813293">
        <ele>1.9</ele>
      </trkpt>
      <trkpt lat="41.235711" lon="1.813169">
        <ele>3.1</ele>
      </trkpt>
      <trkpt lat="41.235673" lon="1.813147">
        <ele>3.2</ele>
      </trkpt>
      <trkpt lat="41.235635" lon="1.81316">
        <ele>2.9</ele>
      </trkpt>
      <trkpt lat="41.235525" lon="1.813226">
        <ele>3.8</ele>
      </trkpt>
      <trkpt lat="41.235447" lon="1.81328">
        <ele>3.4</ele>
      </trkpt>
      <trkpt lat="41.235406" lon="1.813273">
        <ele>4.9</ele>
      </trkpt>
      <trkpt lat="41.235399" lon="1.813271">
        <ele>5.1</ele>
      </trkpt>
      <trkpt lat="41.235374" lon="1.813236">
        <ele>5.7</ele>
      </trkpt>
      <trkpt lat="41.23535" lon="1.813189">
        <ele>5.6</ele>
      </trkpt>
      <trkpt lat="41.235353" lon="1.813182">
        <ele>5.5</ele>
      </trkpt>
      <trkpt lat="41.235369" lon="1.81315">
        <ele>5.4</ele>
      </trkpt>
      <trkpt lat="41.235229" lon="1.812937">
        <ele>6.3</ele>
      </trkpt>
      <trkpt lat="41.235098" lon="1.81274">
        <ele>8.8</ele>
      </trkpt>
      <trkpt lat="41.235019" lon="1.812658">
        <ele>9.7</ele>
      </trkpt>
      <trkpt lat="41.235009" lon="1.812642">
        <ele>9.8</ele>
      </trkpt>
      <trkpt lat="41.235004" lon="1.812635">
        <ele>9.9</ele>
      </trkpt>
      <trkpt lat="41.234922" lon="1.812421">
        <ele>10.9</ele>
      </trkpt>
      <trkpt lat="41.234914" lon="1.812407">
        <ele>10.9</ele>
      </trkpt>
      <trkpt lat="41.234837" lon="1.812274">
        <ele>10.9</ele>
      </trkpt>
      <trkpt lat="41.234825" lon="1.812254">
        <ele>10.9</ele>
      </trkpt>
      <trkpt lat="41.234809" lon="1.812226">
        <ele>11.0</ele>
      </trkpt>
      <trkpt lat="41.234767" lon="1.812154">
        <ele>11.2</ele>
      </trkpt>
      <trkpt lat="41.234762" lon="1.812146">
        <ele>11.3</ele>
      </trkpt>
      <trkpt lat="41.234693" lon="1.811998">
        <ele>11.4</ele>
      </trkpt>
      <trkpt lat="41.234669" lon="1.811965">
        <ele>11.4</ele>
      </trkpt>
      <trkpt lat="41.234596" lon="1.811921">
        <ele>10.4</ele>
      </trkpt>
      <trkpt lat="41.234579" lon="1.811889">
        <ele>9.2</ele>
      </trkpt>
      <trkpt lat="41.234572" lon="1.811864">
        <ele>8.3</ele>
      </trkpt>
      <trkpt lat="41.234482" lon="1.811516">
        <ele>7.7</ele>
      </trkpt>
      <trkpt lat="41.23448" lon="1.811471">
        <ele>9.5</ele>
      </trkpt>
      <trkpt lat="41.234488" lon="1.811449">
        <ele>11.1</ele>
      </trkpt>
      <trkpt lat="41.234507" lon="1.811435">
        <ele>11.4</ele>
      </trkpt>
      <trkpt lat="41.23447" lon="1.811345">
        <ele>10.7</ele>
      </trkpt>
      <trkpt lat="41.234412" lon="1.811254">
        <ele>6.3</ele>
      </trkpt>
      <trkpt lat="41.23432" lon="1.81112">
        <ele>4.5</ele>
      </trkpt>
      <trkpt lat="41.234265" lon="1.811042">
        <ele>3.4</ele>
      </trkpt>
      <trkpt lat="41.234261" lon="1.811018">
        <ele>3.4</ele>
      </trkpt>
      <trkpt lat="41.234266" lon="1.811002">
        <ele>3.5</ele>
      </trkpt>
      <trkpt lat="41.234278" lon="1.810993">
        <ele>3.5</ele>
      </trkpt>
      <trkpt lat="41.234293" lon="1.810999">
        <ele>3.5</ele>
      </trkpt>
      <trkpt lat="41.234325" lon="1.811029">
        <ele>3.3</ele>
      </trkpt>
      <trkpt lat="41.234344" lon="1.811055">
        <ele>2.7</ele>
      </trkpt>
      <trkpt lat="41.234353" lon="1.811065">
        <ele>2.5</ele>
      </trkpt>
      <trkpt lat="41.234358" lon="1.811068">
        <ele>2.4</ele>
      </trkpt>
      <trkpt lat="41.234365" lon="1.811067">
        <ele>2.2</ele>
      </trkpt>
      <trkpt lat="41.234372" lon="1.811061">
        <ele>2.0</ele>
      </trkpt>
      <trkpt lat="41.234381" lon="1.811043">
        <ele>1.7</ele>
      </trkpt>
      <trkpt lat="41.234383" lon="1.811035">
        <ele>1.7</ele>
      </trkpt>
      <trkpt lat="41.234381" lon="1.811024">
        <ele>1.7</ele>
      </trkpt>
      <trkpt lat="41.234358" lon="1.810993">
        <ele>1.8</ele>
      </trkpt>
      <trkpt lat="41.234287" lon="1.810924">
        <ele>2.3</ele>
      </trkpt>
      <trkpt lat="41.23432" lon="1.810855">
        <ele>1.7</ele>
      </trkpt>
      <trkpt lat="41.234357" lon="1.810794">
        <ele>1.7</ele>
      </trkpt>
      <trkpt lat="41.234514" lon="1.810582">
        <ele>1.9</ele>
      </trkpt>
      <trkpt lat="41.234642" lon="1.810355">
        <ele>2.0</ele>
      </trkpt>
      <trkpt lat="41.234698" lon="1.810195">
        <ele>2.0</ele>
      </trkpt>
      <trkpt lat="41.234752" lon="1.809942">
        <ele>2.1</ele>
      </trkpt>
      <trkpt lat="41.234807" lon="1.809656">
        <ele>2.2</ele>
      </trkpt>
      <trkpt lat="41.234815" lon="1.809287">
        <ele>2.3</ele>
      </trkpt>
      <trkpt lat="41.23478" lon="1.808887">
        <ele>2.5</ele>
      </trkpt>
      <trkpt lat="41.234761" lon="1.808705">
        <ele>2.6</ele>
      </trkpt>
      <trkpt lat="41.234741" lon="1.808534">
        <ele>3.6</ele>
      </trkpt>
      <trkpt lat="41.234632" lon="1.80796">
        <ele>2.9</ele>
      </trkpt>
      <trkpt lat="41.234579" lon="1.807693">
        <ele>3.0</ele>
      </trkpt>
      <trkpt lat="41.234571" lon="1.807653">
        <ele>3.3</ele>
      </trkpt>
      <trkpt lat="41.234532" lon="1.807428">
        <ele>3.4</ele>
      </trkpt>
      <trkpt lat="41.234472" lon="1.807075">
        <ele>3.2</ele>
      </trkpt>
      <trkpt lat="41.234431" lon="1.806897">
        <ele>3.6</ele>
      </trkpt>
      <trkpt lat="41.234396" lon="1.806745">
        <ele>3.2</ele>
      </trkpt>
      <trkpt lat="41.234353" lon="1.806562">
        <ele>3.4</ele>
      </trkpt>
      <trkpt lat="41.234249" lon="1.806283">
        <ele>3.5</ele>
      </trkpt>
      <trkpt lat="41.234138" lon="1.805977">
        <ele>3.4</ele>
      </trkpt>
      <trkpt lat="41.234049" lon="1.80575">
        <ele>3.4</ele>
        <name>Passeig de la Ribera, Barcelona</name>
        <extensions>
          <oa:Extension>
            <oa:mapZoom>17</oa:mapZoom>
          </oa:Extension>
        </extensions>
      </trkpt>
      <trkpt lat="41.234041" lon="1.805729">
        <ele>3.4</ele>
      </trkpt>
      <trkpt lat="41.233893" lon="1.80535">
        <ele>3.4</ele>
      </trkpt>
      <trkpt lat="41.23381" lon="1.805253">
        <ele>3.2</ele>
      </trkpt>
      <trkpt lat="41.233762" lon="1.80514">
        <ele>3.2</ele>
      </trkpt>
      <trkpt lat="41.233664" lon="1.804915">
        <ele>3.0</ele>
      </trkpt>
      <trkpt lat="41.233576" lon="1.804711">
        <ele>3.2</ele>
      </trkpt>
      <trkpt lat="41.233561" lon="1.804677">
        <ele>3.0</ele>
      </trkpt>
      <trkpt lat="41.233483" lon="1.804485">
        <ele>2.8</ele>
      </trkpt>
      <trkpt lat="41.233379" lon="1.804226">
        <ele>2.9</ele>
      </trkpt>
      <trkpt lat="41.233236" lon="1.803867">
        <ele>2.8</ele>
      </trkpt>
      <trkpt lat="41.233078" lon="1.80348">
        <ele>2.7</ele>
      </trkpt>
      <trkpt lat="41.232921" lon="1.803091">
        <ele>3.0</ele>
      </trkpt>
      <trkpt lat="41.232832" lon="1.802882">
        <ele>2.9</ele>
      </trkpt>
      <trkpt lat="41.232743" lon="1.802677">
        <ele>2.9</ele>
      </trkpt>
      <trkpt lat="41.23256" lon="1.802242">
        <ele>3.4</ele>
      </trkpt>
      <trkpt lat="41.232541" lon="1.802195">
        <ele>2.7</ele>
      </trkpt>
      <trkpt lat="41.232767" lon="1.80204">
        <ele>2.7</ele>
      </trkpt>
      <trkpt lat="41.232763" lon="1.802025">
        <ele>2.7</ele>
      </trkpt>
      <trkpt lat="41.232759" lon="1.802015">
        <ele>2.7</ele>
      </trkpt>
      <trkpt lat="41.232691" lon="1.801817">
        <ele>2.7</ele>
      </trkpt>
      <trkpt lat="41.232829" lon="1.801725">
        <ele>4.2</ele>
      </trkpt>
      <trkpt lat="41.232825" lon="1.801713">
        <ele>4.2</ele>
      </trkpt>
      <trkpt lat="41.232693" lon="1.801379">
        <ele>4.1</ele>
      </trkpt>
      <trkpt lat="41.232562" lon="1.801044">
        <ele>4.0</ele>
      </trkpt>
      <trkpt lat="41.232496" lon="1.800884">
        <ele>3.9</ele>
      </trkpt>
      <trkpt lat="41.232471" lon="1.800821">
        <ele>4.0</ele>
      </trkpt>
      <trkpt lat="41.23228" lon="1.800358">
        <ele>3.9</ele>
      </trkpt>
      <trkpt lat="41.232106" lon="1.799934">
        <ele>3.9</ele>
      </trkpt>
      <trkpt lat="41.232054" lon="1.799817">
        <ele>4.0</ele>
      </trkpt>
      <trkpt lat="41.232015" lon="1.799718">
        <ele>4.0</ele>
      </trkpt>
      <trkpt lat="41.231925" lon="1.799518">
        <ele>4.0</ele>
      </trkpt>
      <trkpt lat="41.231778" lon="1.799177">
        <ele>4.1</ele>
      </trkpt>
      <trkpt lat="41.231631" lon="1.798837">
        <ele>4.2</ele>
      </trkpt>
      <trkpt lat="41.231489" lon="1.7985">
        <ele>4.2</ele>
      </trkpt>
      <trkpt lat="41.231459" lon="1.798435">
        <ele>4.3</ele>
      </trkpt>
      <trkpt lat="41.231395" lon="1.79829">
        <ele>4.3</ele>
      </trkpt>
      <trkpt lat="41.231329" lon="1.798145">
        <ele>4.3</ele>
      </trkpt>
      <trkpt lat="41.231156" lon="1.797761">
        <ele>4.3</ele>
      </trkpt>
      <trkpt lat="41.230984" lon="1.797378">
        <ele>4.5</ele>
      </trkpt>
      <trkpt lat="41.230868" lon="1.797111">
        <ele>4.6</ele>
      </trkpt>
      <trkpt lat="41.230753" lon="1.796844">
        <ele>4.6</ele>
      </trkpt>
      <trkpt lat="41.230557" lon="1.796419">
        <ele>4.9</ele>
      </trkpt>
      <trkpt lat="41.230361" lon="1.795994">
        <ele>4.7</ele>
      </trkpt>
      <trkpt lat="41.230154" lon="1.795515">
        <ele>4.8</ele>
      </trkpt>
      <trkpt lat="41.230076" lon="1.795356">
        <ele>4.9</ele>
        <name>Passeig Marítim, Sitges, Garraf</name>
        <extensions>
          <oa:Extension>
            <oa:mapZoom>16</oa:mapZoom>
          </oa:Extension>
        </extensions>
      </trkpt>
      <trkpt lat="41.230008" lon="1.795218">
        <ele>4.9</ele>
      </trkpt>
      <trkpt lat="41.229863" lon="1.794922">
        <ele>5.2</ele>
      </trkpt>
      <trkpt lat="41.229709" lon="1.79459">
        <ele>5.4</ele>
      </trkpt>
      <trkpt lat="41.229556" lon="1.794258">
        <ele>5.7</ele>
      </trkpt>
      <trkpt lat="41.229411" lon="1.793979">
        <ele>5.9</ele>
      </trkpt>
      <trkpt lat="41.229266" lon="1.7937">
        <ele>6.1</ele>
      </trkpt>
      <trkpt lat="41.229244" lon="1.79366">
        <ele>6.1</ele>
      </trkpt>
      <trkpt lat="41.229112" lon="1.793405">
        <ele>6.1</ele>
      </trkpt>
      <trkpt lat="41.22898" lon="1.79315">
        <ele>6.1</ele>
      </trkpt>
      <trkpt lat="41.228858" lon="1.792923">
        <ele>5.8</ele>
      </trkpt>
      <trkpt lat="41.22883" lon="1.792866">
        <ele>5.8</ele>
      </trkpt>
      <trkpt lat="41.228726" lon="1.79267">
        <ele>5.5</ele>
      </trkpt>
      <trkpt lat="41.228496" lon="1.792262">
        <ele>5.4</ele>
      </trkpt>
      <trkpt lat="41.228266" lon="1.791854">
        <ele>5.3</ele>
      </trkpt>
      <trkpt lat="41.228047" lon="1.791462">
        <ele>5.0</ele>
      </trkpt>
      <trkpt lat="41.227869" lon="1.791176">
        <ele>4.8</ele>
      </trkpt>
      <trkpt lat="41.227691" lon="1.790889">
        <ele>4.7</ele>
      </trkpt>
      <trkpt lat="41.227392" lon="1.790498">
        <ele>4.4</ele>
      </trkpt>
      <trkpt lat="41.227092" lon="1.790107">
        <ele>4.0</ele>
      </trkpt>
      <trkpt lat="41.227051" lon="1.79006">
        <ele>4.1</ele>
      </trkpt>
      <trkpt lat="41.226879" lon="1.789865">
        <ele>3.3</ele>
      </trkpt>
      <trkpt lat="41.226857" lon="1.78984">
        <ele>3.4</ele>
      </trkpt>
      <trkpt lat="41.226615" lon="1.789598">
        <ele>3.4</ele>
      </trkpt>
      <trkpt lat="41.226373" lon="1.789355">
        <ele>3.4</ele>
      </trkpt>
      <trkpt lat="41.226025" lon="1.789038">
        <ele>3.6</ele>
      </trkpt>
      <trkpt lat="41.225676" lon="1.788721">
        <ele>3.6</ele>
      </trkpt>
      <trkpt lat="41.225341" lon="1.788364">
        <ele>3.4</ele>
      </trkpt>
      <trkpt lat="41.225273" lon="1.788292">
        <ele>3.5</ele>
      </trkpt>
      <trkpt lat="41.225182" lon="1.788144">
        <ele>3.5</ele>
      </trkpt>
      <trkpt lat="41.2251" lon="1.78801">
        <ele>3.6</ele>
      </trkpt>
      <trkpt lat="41.22488" lon="1.787557">
        <ele>3.3</ele>
      </trkpt>
      <trkpt lat="41.224709" lon="1.78704">
        <ele>3.3</ele>
      </trkpt>
      <trkpt lat="41.224676" lon="1.786738">
        <ele>3.3</ele>
      </trkpt>
      <trkpt lat="41.224555" lon="1.786258">
        <ele>3.2</ele>
      </trkpt>
      <trkpt lat="41.224434" lon="1.785778">
        <ele>3.1</ele>
      </trkpt>
      <trkpt lat="41.224313" lon="1.785297">
        <ele>3.3</ele>
      </trkpt>
      <trkpt lat="41.224192" lon="1.784817">
        <ele>3.4</ele>
      </trkpt>
      <trkpt lat="41.224101" lon="1.784455">
        <ele>3.3</ele>
      </trkpt>
      <trkpt lat="41.224071" lon="1.784481">
        <ele>2.4</ele>
      </trkpt>
      <trkpt lat="41.224078" lon="1.784534">
        <ele>2.1</ele>
      </trkpt>
      <trkpt lat="41.224053" lon="1.784548">
        <ele>1.5</ele>
      </trkpt>
      <trkpt lat="41.224031" lon="1.784485">
        <ele>1.0</ele>
      </trkpt>
      <trkpt lat="41.223928" lon="1.784086">
        <ele>1.2</ele>
      </trkpt>
      <trkpt lat="41.223824" lon="1.783686">
        <ele>2.1</ele>
      </trkpt>
      <trkpt lat="41.223721" lon="1.783286">
        <ele>1.5</ele>
      </trkpt>
      <trkpt lat="41.223627" lon="1.782857">
        <ele>0.8</ele>
      </trkpt>
      <trkpt lat="41.223584" lon="1.782659">
        <ele>1.6</ele>
      </trkpt>
      <trkpt lat="41.223556" lon="1.782322">
        <ele>1.7</ele>
      </trkpt>
      <trkpt lat="41.223527" lon="1.781985">
        <ele>1.9</ele>
      </trkpt>
      <trkpt lat="41.223584" lon="1.781478">
        <ele>2.1</ele>
      </trkpt>
      <trkpt lat="41.223693" lon="1.781135">
        <ele>1.8</ele>
      </trkpt>
      <trkpt lat="41.223802" lon="1.780791">
        <ele>1.3</ele>
      </trkpt>
      <trkpt lat="41.223824" lon="1.780735">
        <ele>1.5</ele>
      </trkpt>
      <trkpt lat="41.22382" lon="1.780732">
        <ele>1.5</ele>
      </trkpt>
      <trkpt lat="41.223816" lon="1.780728">
        <ele>1.5</ele>
      </trkpt>
      <trkpt lat="41.223813" lon="1.780723">
        <ele>1.5</ele>
      </trkpt>
      <trkpt lat="41.22381" lon="1.780718">
        <ele>1.5</ele>
      </trkpt>
      <trkpt lat="41.223808" lon="1.780713">
        <ele>1.5</ele>
      </trkpt>
      <trkpt lat="41.223806" lon="1.780707">
        <ele>1.5</ele>
      </trkpt>
      <trkpt lat="41.223805" lon="1.780701">
        <ele>1.5</ele>
      </trkpt>
      <trkpt lat="41.223805" lon="1.780694">
        <ele>1.5</ele>
      </trkpt>
      <trkpt lat="41.223805" lon="1.780688">
        <ele>1.5</ele>
      </trkpt>
      <trkpt lat="41.223806" lon="1.780682">
        <ele>1.5</ele>
      </trkpt>
      <trkpt lat="41.223808" lon="1.780676">
        <ele>1.5</ele>
      </trkpt>
      <trkpt lat="41.22381" lon="1.78067">
        <ele>1.5</ele>
      </trkpt>
      <trkpt lat="41.223813" lon="1.780666">
        <ele>1.5</ele>
      </trkpt>
      <trkpt lat="41.223817" lon="1.780661">
        <ele>1.5</ele>
      </trkpt>
      <trkpt lat="41.22382" lon="1.780657">
        <ele>1.5</ele>
      </trkpt>
      <trkpt lat="41.223825" lon="1.780654">
        <ele>1.5</ele>
      </trkpt>
      <trkpt lat="41.223816" lon="1.780617">
        <ele>1.5</ele>
      </trkpt>
      <trkpt lat="41.223805" lon="1.780577">
        <ele>1.5</ele>
      </trkpt>
      <trkpt lat="41.223773" lon="1.780465">
        <ele>1.6</ele>
      </trkpt>
      <trkpt lat="41.223767" lon="1.780065">
        <ele>1.9</ele>
      </trkpt>
      <trkpt lat="41.223841" lon="1.779637">
        <ele>2.3</ele>
      </trkpt>
      <trkpt lat="41.22392" lon="1.779237">
        <ele>2.6</ele>
      </trkpt>
      <trkpt lat="41.22394" lon="1.778874">
        <ele>2.4</ele>
      </trkpt>
      <trkpt lat="41.223926" lon="1.778333">
        <ele>2.6</ele>
      </trkpt>
      <trkpt lat="41.223897" lon="1.777922">
        <ele>2.8</ele>
      </trkpt>
      <trkpt lat="41.223885" lon="1.777767">
        <ele>2.9</ele>
        <name>Camí dels Colls, Sitges, Garraf</name>
        <extensions>
          <oa:Extension>
            <oa:mapZoom>16</oa:mapZoom>
          </oa:Extension>
        </extensions>
      </trkpt>
      <trkpt lat="41.223867" lon="1.777511">
        <ele>3.0</ele>
      </trkpt>
      <trkpt lat="41.223807" lon="1.776935">
        <ele>2.3</ele>
      </trkpt>
      <trkpt lat="41.22378" lon="1.776559">
        <ele>2.5</ele>
      </trkpt>
      <trkpt lat="41.223753" lon="1.776183">
        <ele>3.1</ele>
      </trkpt>
      <trkpt lat="41.223564" lon="1.775651">
        <ele>3.4</ele>
      </trkpt>
      <trkpt lat="41.223375" lon="1.77512">
        <ele>3.4</ele>
      </trkpt>
      <trkpt lat="41.223294" lon="1.774822">
        <ele>2.2</ele>
      </trkpt>
      <trkpt lat="41.223212" lon="1.774524">
        <ele>4.5</ele>
      </trkpt>
      <trkpt lat="41.2235" lon="1.774322">
        <ele>4.8</ele>
      </trkpt>
      <trkpt lat="41.223495" lon="1.774301">
        <ele>5.0</ele>
      </trkpt>
      <trkpt lat="41.223474" lon="1.774226">
        <ele>5.5</ele>
      </trkpt>
      <trkpt lat="41.223406" lon="1.774065">
        <ele>5.6</ele>
      </trkpt>
      <trkpt lat="41.223372" lon="1.774022">
        <ele>5.3</ele>
      </trkpt>
      <trkpt lat="41.223304" lon="1.774019">
        <ele>4.9</ele>
      </trkpt>
      <trkpt lat="41.223202" lon="1.774026">
        <ele>5.4</ele>
      </trkpt>
      <trkpt lat="41.223162" lon="1.774001">
        <ele>5.3</ele>
      </trkpt>
      <trkpt lat="41.223088" lon="1.773991">
        <ele>5.6</ele>
      </trkpt>
      <trkpt lat="41.223046" lon="1.77389">
        <ele>6.3</ele>
      </trkpt>
      <trkpt lat="41.223024" lon="1.773829">
        <ele>7.0</ele>
      </trkpt>
      <trkpt lat="41.222969" lon="1.773674">
        <ele>8.9</ele>
      </trkpt>
      <trkpt lat="41.222929" lon="1.773399">
        <ele>11.3</ele>
      </trkpt>
      <trkpt lat="41.222875" lon="1.773249">
        <ele>13.1</ele>
      </trkpt>
      <trkpt lat="41.222836" lon="1.773155">
        <ele>13.9</ele>
      </trkpt>
      <trkpt lat="41.222859" lon="1.773091">
        <ele>14.6</ele>
      </trkpt>
      <trkpt lat="41.222892" lon="1.773024">
        <ele>14.8</ele>
      </trkpt>
      <trkpt lat="41.22287" lon="1.772919">
        <ele>13.9</ele>
      </trkpt>
      <trkpt lat="41.222807" lon="1.772819">
        <ele>16.6</ele>
      </trkpt>
      <trkpt lat="41.222797" lon="1.772704">
        <ele>14.9</ele>
      </trkpt>
      <trkpt lat="41.222668" lon="1.772425">
        <ele>15.1</ele>
      </trkpt>
      <trkpt lat="41.222596" lon="1.772403">
        <ele>18.7</ele>
      </trkpt>
      <trkpt lat="41.222563" lon="1.772258">
        <ele>18.4</ele>
      </trkpt>
      <trkpt lat="41.222491" lon="1.771962">
        <ele>17.0</ele>
      </trkpt>
      <trkpt lat="41.222408" lon="1.771709">
        <ele>17.9</ele>
      </trkpt>
      <trkpt lat="41.222344" lon="1.77153">
        <ele>19.9</ele>
      </trkpt>
      <trkpt lat="41.222266" lon="1.771433">
        <ele>28.7</ele>
      </trkpt>
      <trkpt lat="41.222236" lon="1.771382">
        <ele>28.7</ele>
      </trkpt>
      <trkpt lat="41.222219" lon="1.771263">
        <ele>28.8</ele>
      </trkpt>
      <trkpt lat="41.222181" lon="1.771189">
        <ele>28.3</ele>
      </trkpt>
      <trkpt lat="41.222108" lon="1.771128">
        <ele>27.8</ele>
      </trkpt>
      <trkpt lat="41.222032" lon="1.771062">
        <ele>27.1</ele>
      </trkpt>
      <trkpt lat="41.222" lon="1.770908">
        <ele>24.6</ele>
      </trkpt>
      <trkpt lat="41.221991" lon="1.770778">
        <ele>22.1</ele>
      </trkpt>
      <trkpt lat="41.221948" lon="1.770682">
        <ele>19.8</ele>
      </trkpt>
      <trkpt lat="41.221929" lon="1.770487">
        <ele>16.1</ele>
      </trkpt>
      <trkpt lat="41.221918" lon="1.770429">
        <ele>15.5</ele>
      </trkpt>
      <trkpt lat="41.221883" lon="1.770338">
        <ele>14.7</ele>
      </trkpt>
      <trkpt lat="41.221868" lon="1.770255">
        <ele>14.3</ele>
      </trkpt>
      <trkpt lat="41.221801" lon="1.769817">
        <ele>13.1</ele>
      </trkpt>
      <trkpt lat="41.22179" lon="1.769719">
        <ele>12.4</ele>
      </trkpt>
      <trkpt lat="41.22166" lon="1.769378">
        <ele>11.6</ele>
      </trkpt>
      <trkpt lat="41.22156" lon="1.768967">
        <ele>12.9</ele>
      </trkpt>
      <trkpt lat="41.22152" lon="1.768697">
        <ele>14.6</ele>
      </trkpt>
      <trkpt lat="41.221526" lon="1.768632">
        <ele>14.4</ele>
      </trkpt>
      <trkpt lat="41.221516" lon="1.768558">
        <ele>14.0</ele>
      </trkpt>
      <trkpt lat="41.221416" lon="1.768243">
        <ele>12.6</ele>
      </trkpt>
      <trkpt lat="41.221412" lon="1.768098">
        <ele>12.9</ele>
      </trkpt>
      <trkpt lat="41.221437" lon="1.767988">
        <ele>12.5</ele>
      </trkpt>
      <trkpt lat="41.221311" lon="1.767491">
        <ele>12.7</ele>
      </trkpt>
      <trkpt lat="41.221184" lon="1.766994">
        <ele>12.6</ele>
      </trkpt>
      <trkpt lat="41.221057" lon="1.766497">
        <ele>12.7</ele>
      </trkpt>
      <trkpt lat="41.220981" lon="1.766195">
        <ele>13.1</ele>
      </trkpt>
      <trkpt lat="41.220905" lon="1.765893">
        <ele>13.1</ele>
      </trkpt>
      <trkpt lat="41.22085" lon="1.765688">
        <ele>13.3</ele>
      </trkpt>
      <trkpt lat="41.220826" lon="1.765603">
        <ele>13.5</ele>
      </trkpt>
      <trkpt lat="41.220734" lon="1.76528">
        <ele>14.4</ele>
      </trkpt>
      <trkpt lat="41.220643" lon="1.764957">
        <ele>16.6</ele>
      </trkpt>
      <trkpt lat="41.220552" lon="1.764587">
        <ele>15.5</ele>
      </trkpt>
      <trkpt lat="41.220461" lon="1.764218">
        <ele>14.1</ele>
      </trkpt>
      <trkpt lat="41.220452" lon="1.764175">
        <ele>13.7</ele>
      </trkpt>
      <trkpt lat="41.220441" lon="1.764122">
        <ele>13.4</ele>
      </trkpt>
      <trkpt lat="41.220364" lon="1.763764">
        <ele>13.6</ele>
      </trkpt>
      <trkpt lat="41.220288" lon="1.763407">
        <ele>13.6</ele>
      </trkpt>
      <trkpt lat="41.220204" lon="1.763142">
        <ele>13.9</ele>
      </trkpt>
      <trkpt lat="41.220011" lon="1.762722">
        <ele>21.1</ele>
      </trkpt>
      <trkpt lat="41.219916" lon="1.762397">
        <ele>28.8</ele>
      </trkpt>
      <trkpt lat="41.219871" lon="1.76227">
        <ele>31.4</ele>
      </trkpt>
      <trkpt lat="41.219859" lon="1.762153">
        <ele>33.0</ele>
      </trkpt>
      <trkpt lat="41.219882" lon="1.76195">
        <ele>33.8</ele>
      </trkpt>
      <trkpt lat="41.219937" lon="1.761695">
        <ele>33.8</ele>
      </trkpt>
      <trkpt lat="41.219961" lon="1.761553">
        <ele>33.3</ele>
      </trkpt>
      <trkpt lat="41.219957" lon="1.76152">
        <ele>33.3</ele>
      </trkpt>
      <trkpt lat="41.219955" lon="1.761502">
        <ele>33.3</ele>
      </trkpt>
      <trkpt lat="41.219923" lon="1.761445">
        <ele>33.4</ele>
      </trkpt>
      <trkpt lat="41.219899" lon="1.761422">
        <ele>33.4</ele>
      </trkpt>
      <trkpt lat="41.219861" lon="1.761403">
        <ele>33.3</ele>
      </trkpt>
      <trkpt lat="41.219814" lon="1.761361">
        <ele>32.5</ele>
      </trkpt>
      <trkpt lat="41.219735" lon="1.761216">
        <ele>29.0</ele>
      </trkpt>
      <trkpt lat="41.21971" lon="1.761079">
        <ele>26.2</ele>
      </trkpt>
      <trkpt lat="41.219704" lon="1.760696">
        <ele>17.6</ele>
      </trkpt>
      <trkpt lat="41.219715" lon="1.760471">
        <ele>15.4</ele>
      </trkpt>
      <trkpt lat="41.219729" lon="1.760404">
        <ele>14.9</ele>
      </trkpt>
      <trkpt lat="41.219745" lon="1.760326">
        <ele>14.5</ele>
      </trkpt>
      <trkpt lat="41.219769" lon="1.759998">
        <ele>14.0</ele>
      </trkpt>
      <trkpt lat="41.219747" lon="1.759591">
        <ele>14.6</ele>
      </trkpt>
      <trkpt lat="41.219726" lon="1.759536">
        <ele>14.8</ele>
      </trkpt>
      <trkpt lat="41.219699" lon="1.759057">
        <ele>19.7</ele>
      </trkpt>
      <trkpt lat="41.21969" lon="1.758808">
        <ele>20.8</ele>
      </trkpt>
      <trkpt lat="41.219712" lon="1.758563">
        <ele>16.9</ele>
      </trkpt>
      <trkpt lat="41.21973" lon="1.758371">
        <ele>16.1</ele>
      </trkpt>
      <trkpt lat="41.219793" lon="1.757893">
        <ele>14.4</ele>
      </trkpt>
      <trkpt lat="41.219815" lon="1.75757">
        <ele>14.4</ele>
      </trkpt>
      <trkpt lat="41.219779" lon="1.757456">
        <ele>13.9</ele>
      </trkpt>
      <trkpt lat="41.219747" lon="1.757414">
        <ele>13.9</ele>
      </trkpt>
      <trkpt lat="41.219736" lon="1.757227">
        <ele>14.9</ele>
      </trkpt>
      <trkpt lat="41.219748" lon="1.756991">
        <ele>18.3</ele>
      </trkpt>
      <trkpt lat="41.219778" lon="1.756766">
        <ele>20.8</ele>
      </trkpt>
      <trkpt lat="41.219772" lon="1.756479">
        <ele>21.6</ele>
      </trkpt>
      <trkpt lat="41.219827" lon="1.755987">
        <ele>16.1</ele>
      </trkpt>
      <trkpt lat="41.219863" lon="1.755705">
        <ele>15.0</ele>
      </trkpt>
      <trkpt lat="41.219891" lon="1.755466">
        <ele>14.2</ele>
      </trkpt>
      <trkpt lat="41.219951" lon="1.755155">
        <ele>13.8</ele>
      </trkpt>
      <trkpt lat="41.219966" lon="1.754825">
        <ele>13.7</ele>
      </trkpt>
      <trkpt lat="41.219981" lon="1.754495">
        <ele>13.7</ele>
      </trkpt>
      <trkpt lat="41.219971" lon="1.754182">
        <ele>13.6</ele>
      </trkpt>
      <trkpt lat="41.219961" lon="1.75387">
        <ele>13.3</ele>
      </trkpt>
      <trkpt lat="41.21995" lon="1.753522">
        <ele>13.4</ele>
      </trkpt>
      <trkpt lat="41.219939" lon="1.753175">
        <ele>13.3</ele>
      </trkpt>
      <trkpt lat="41.219899" lon="1.752785">
        <ele>13.3</ele>
      </trkpt>
      <trkpt lat="41.219858" lon="1.752395">
        <ele>13.2</ele>
      </trkpt>
      <trkpt lat="41.219822" lon="1.752185">
        <ele>12.8</ele>
      </trkpt>
      <trkpt lat="41.219792" lon="1.752054">
        <ele>12.8</ele>
      </trkpt>
      <trkpt lat="41.219763" lon="1.752012">
        <ele>12.8</ele>
        <name>Sant Pere de Ribes, Garraf</name>
        <extensions>
          <oa:Extension>
            <oa:mapZoom>16</oa:mapZoom>
          </oa:Extension>
        </extensions>
      </trkpt>
      <trkpt lat="41.219673" lon="1.751887">
        <ele>12.9</ele>
      </trkpt>
      <trkpt lat="41.219454" lon="1.751739">
        <ele>15.1</ele>
      </trkpt>
      <trkpt lat="41.219362" lon="1.751646">
        <ele>16.9</ele>
      </trkpt>
      <trkpt lat="41.21929" lon="1.751573">
        <ele>17.9</ele>
      </trkpt>
      <trkpt lat="41.219094" lon="1.751523">
        <ele>17.1</ele>
      </trkpt>
      <trkpt lat="41.218884" lon="1.751444">
        <ele>13.5</ele>
      </trkpt>
      <trkpt lat="41.218682" lon="1.751308">
        <ele>11.2</ele>
      </trkpt>
      <trkpt lat="41.218613" lon="1.751098">
        <ele>11.8</ele>
      </trkpt>
      <trkpt lat="41.218484" lon="1.750731">
        <ele>10.4</ele>
      </trkpt>
      <trkpt lat="41.218472" lon="1.750608">
        <ele>10.0</ele>
      </trkpt>
      <trkpt lat="41.218467" lon="1.750538">
        <ele>9.3</ele>
      </trkpt>
      <trkpt lat="41.218416" lon="1.75037">
        <ele>9.1</ele>
      </trkpt>
      <trkpt lat="41.218284" lon="1.750076">
        <ele>10.2</ele>
      </trkpt>
      <trkpt lat="41.21827" lon="1.750045">
        <ele>10.3</ele>
      </trkpt>
      <trkpt lat="41.218219" lon="1.749929">
        <ele>9.8</ele>
      </trkpt>
      <trkpt lat="41.218142" lon="1.749656">
        <ele>9.2</ele>
      </trkpt>
      <trkpt lat="41.21809" lon="1.749395">
        <ele>8.5</ele>
      </trkpt>
      <trkpt lat="41.218049" lon="1.749278">
        <ele>8.0</ele>
      </trkpt>
      <trkpt lat="41.218021" lon="1.749198">
        <ele>7.7</ele>
      </trkpt>
      <trkpt lat="41.21803" lon="1.749047">
        <ele>8.1</ele>
      </trkpt>
      <trkpt lat="41.218048" lon="1.748989">
        <ele>8.4</ele>
      </trkpt>
      <trkpt lat="41.218105" lon="1.748923">
        <ele>9.3</ele>
      </trkpt>
      <trkpt lat="41.218427" lon="1.748735">
        <ele>11.7</ele>
      </trkpt>
      <trkpt lat="41.218739" lon="1.748541">
        <ele>12.8</ele>
      </trkpt>
      <trkpt lat="41.218831" lon="1.748469">
        <ele>12.7</ele>
      </trkpt>
      <trkpt lat="41.219007" lon="1.748377">
        <ele>12.0</ele>
      </trkpt>
      <trkpt lat="41.219057" lon="1.748283">
        <ele>11.4</ele>
      </trkpt>
      <trkpt lat="41.219075" lon="1.748194">
        <ele>11.2</ele>
      </trkpt>
      <trkpt lat="41.219029" lon="1.747832">
        <ele>11.0</ele>
      </trkpt>
      <trkpt lat="41.218983" lon="1.747469">
        <ele>11.9</ele>
      </trkpt>
      <trkpt lat="41.218975" lon="1.747326">
        <ele>12.5</ele>
      </trkpt>
      <trkpt lat="41.218918" lon="1.747061">
        <ele>11.7</ele>
      </trkpt>
      <trkpt lat="41.218844" lon="1.746632">
        <ele>11.0</ele>
      </trkpt>
      <trkpt lat="41.21877" lon="1.746204">
        <ele>12.1</ele>
      </trkpt>
      <trkpt lat="41.218746" lon="1.745992">
        <ele>11.9</ele>
      </trkpt>
      <trkpt lat="41.218697" lon="1.745542">
        <ele>11.7</ele>
      </trkpt>
      <trkpt lat="41.218622" lon="1.745117">
        <ele>11.8</ele>
      </trkpt>
      <trkpt lat="41.218597" lon="1.744815">
        <ele>11.1</ele>
      </trkpt>
      <trkpt lat="41.218573" lon="1.744513">
        <ele>11.5</ele>
      </trkpt>
      <trkpt lat="41.218472" lon="1.744148">
        <ele>12.9</ele>
      </trkpt>
      <trkpt lat="41.218456" lon="1.743967">
        <ele>14.6</ele>
      </trkpt>
      <trkpt lat="41.218478" lon="1.743733">
        <ele>14.9</ele>
      </trkpt>
      <trkpt lat="41.218484" lon="1.743494">
        <ele>13.7</ele>
      </trkpt>
      <trkpt lat="41.218483" lon="1.743449">
        <ele>13.7</ele>
      </trkpt>
      <trkpt lat="41.218475" lon="1.743097">
        <ele>12.6</ele>
      </trkpt>
      <trkpt lat="41.218406" lon="1.742881">
        <ele>11.7</ele>
      </trkpt>
      <trkpt lat="41.218481" lon="1.742506">
        <ele>13.5</ele>
      </trkpt>
      <trkpt lat="41.218491" lon="1.742441">
        <ele>13.7</ele>
      </trkpt>
      <trkpt lat="41.218512" lon="1.742411">
        <ele>13.7</ele>
      </trkpt>
      <trkpt lat="41.218546" lon="1.742163">
        <ele>13.6</ele>
      </trkpt>
      <trkpt lat="41.218565" lon="1.741744">
        <ele>13.9</ele>
      </trkpt>
      <trkpt lat="41.218602" lon="1.741177">
        <ele>18.3</ele>
      </trkpt>
      <trkpt lat="41.21854" lon="1.741107">
        <ele>17.6</ele>
      </trkpt>
      <trkpt lat="41.218396" lon="1.740707">
        <ele>17.2</ele>
      </trkpt>
      <trkpt lat="41.218298" lon="1.740311">
        <ele>17.0</ele>
      </trkpt>
      <trkpt lat="41.218258" lon="1.74009">
        <ele>16.7</ele>
      </trkpt>
      <trkpt lat="41.218252" lon="1.740058">
        <ele>16.6</ele>
      </trkpt>
      <trkpt lat="41.21824" lon="1.739995">
        <ele>16.6</ele>
      </trkpt>
      <trkpt lat="41.218113" lon="1.739816">
        <ele>16.4</ele>
      </trkpt>
      <trkpt lat="41.217988" lon="1.739661">
        <ele>16.3</ele>
      </trkpt>
      <trkpt lat="41.217862" lon="1.7395">
        <ele>16.3</ele>
      </trkpt>
      <trkpt lat="41.217776" lon="1.739278">
        <ele>15.9</ele>
      </trkpt>
      <trkpt lat="41.217711" lon="1.739024">
        <ele>15.7</ele>
      </trkpt>
      <trkpt lat="41.217706" lon="1.739002">
        <ele>15.6</ele>
      </trkpt>
      <trkpt lat="41.217689" lon="1.738931">
        <ele>15.3</ele>
      </trkpt>
      <trkpt lat="41.217576" lon="1.738381">
        <ele>13.0</ele>
      </trkpt>
      <trkpt lat="41.217463" lon="1.737832">
        <ele>11.0</ele>
      </trkpt>
      <trkpt lat="41.21735" lon="1.737283">
        <ele>9.0</ele>
      </trkpt>
      <trkpt lat="41.217315" lon="1.737118">
        <ele>8.0</ele>
      </trkpt>
      <trkpt lat="41.217328" lon="1.737116">
        <ele>8.0</ele>
      </trkpt>
      <trkpt lat="41.217352" lon="1.737111">
        <ele>8.2</ele>
      </trkpt>
      <trkpt lat="41.217394" lon="1.737327">
        <ele>9.8</ele>
      </trkpt>
      <trkpt lat="41.2174" lon="1.73736">
        <ele>9.9</ele>
      </trkpt>
      <trkpt lat="41.217368" lon="1.737371">
        <ele>9.3</ele>
        <name>Espai Far, Vilanova i la Geltrú, Garraf</name>
        <extensions>
          <oa:Extension>
            <oa:mapZoom>17</oa:mapZoom>
          </oa:Extension>
        </extensions>
      </trkpt>
      <trkpt lat="41.21735" lon="1.737283">
        <ele>9.0</ele>
      </trkpt>
      <trkpt lat="41.217315" lon="1.737118">
        <ele>8.0</ele>
      </trkpt>
      <trkpt lat="41.217303" lon="1.73706">
        <ele>7.8</ele>
      </trkpt>
      <trkpt lat="41.21725" lon="1.736787">
        <ele>6.2</ele>
      </trkpt>
      <trkpt lat="41.217198" lon="1.736543">
        <ele>4.9</ele>
      </trkpt>
      <trkpt lat="41.21718" lon="1.736384">
        <ele>4.4</ele>
      </trkpt>
      <trkpt lat="41.217189" lon="1.736268">
        <ele>4.3</ele>
      </trkpt>
      <trkpt lat="41.217153" lon="1.735774">
        <ele>2.6</ele>
      </trkpt>
      <trkpt lat="41.217149" lon="1.735736">
        <ele>2.5</ele>
      </trkpt>
      <trkpt lat="41.217119" lon="1.735738">
        <ele>2.4</ele>
      </trkpt>
      <trkpt lat="41.217097" lon="1.735745">
        <ele>2.2</ele>
      </trkpt>
      <trkpt lat="41.217066" lon="1.735754">
        <ele>1.9</ele>
      </trkpt>
      <trkpt lat="41.217059" lon="1.735723">
        <ele>2.5</ele>
      </trkpt>
      <trkpt lat="41.216959" lon="1.735683">
        <ele>3.2</ele>
      </trkpt>
      <trkpt lat="41.21694" lon="1.735618">
        <ele>3.4</ele>
      </trkpt>
      <trkpt lat="41.216919" lon="1.735557">
        <ele>3.3</ele>
      </trkpt>
      <trkpt lat="41.216911" lon="1.735528">
        <ele>3.2</ele>
      </trkpt>
      <trkpt lat="41.216911" lon="1.735469">
        <ele>3.2</ele>
      </trkpt>
      <trkpt lat="41.216947" lon="1.735255">
        <ele>3.3</ele>
      </trkpt>
      <trkpt lat="41.216934" lon="1.735201">
        <ele>3.3</ele>
      </trkpt>
      <trkpt lat="41.216914" lon="1.73514">
        <ele>3.3</ele>
      </trkpt>
      <trkpt lat="41.216907" lon="1.735109">
        <ele>3.2</ele>
      </trkpt>
      <trkpt lat="41.216792" lon="1.734755">
        <ele>2.9</ele>
      </trkpt>
      <trkpt lat="41.216783" lon="1.734724">
        <ele>2.9</ele>
      </trkpt>
      <trkpt lat="41.21674" lon="1.734523">
        <ele>2.9</ele>
      </trkpt>
      <trkpt lat="41.216622" lon="1.734117">
        <ele>2.7</ele>
      </trkpt>
      <trkpt lat="41.216503" lon="1.73371">
        <ele>2.5</ele>
      </trkpt>
      <trkpt lat="41.216488" lon="1.733639">
        <ele>2.4</ele>
      </trkpt>
      <trkpt lat="41.216426" lon="1.733379">
        <ele>2.3</ele>
      </trkpt>
      <trkpt lat="41.216405" lon="1.733286">
        <ele>2.2</ele>
      </trkpt>
      <trkpt lat="41.216385" lon="1.733202">
        <ele>2.1</ele>
      </trkpt>
      <trkpt lat="41.216366" lon="1.733126">
        <ele>2.2</ele>
      </trkpt>
      <trkpt lat="41.216364" lon="1.733116">
        <ele>2.2</ele>
      </trkpt>
      <trkpt lat="41.216273" lon="1.732797">
        <ele>2.2</ele>
      </trkpt>
      <trkpt lat="41.21617" lon="1.732371">
        <ele>1.9</ele>
      </trkpt>
      <trkpt lat="41.216162" lon="1.732332">
        <ele>1.9</ele>
      </trkpt>
      <trkpt lat="41.216155" lon="1.732309">
        <ele>1.9</ele>
      </trkpt>
      <trkpt lat="41.216153" lon="1.732301">
        <ele>1.9</ele>
      </trkpt>
      <trkpt lat="41.216151" lon="1.732292">
        <ele>1.9</ele>
      </trkpt>
      <trkpt lat="41.216094" lon="1.732059">
        <ele>2.1</ele>
      </trkpt>
      <trkpt lat="41.216024" lon="1.73177">
        <ele>2.3</ele>
      </trkpt>
      <trkpt lat="41.215903" lon="1.731267">
        <ele>1.9</ele>
      </trkpt>
      <trkpt lat="41.215942" lon="1.731254">
        <ele>1.9</ele>
      </trkpt>
      <trkpt lat="41.215985" lon="1.73124">
        <ele>2.0</ele>
      </trkpt>
      <trkpt lat="41.216049" lon="1.731205">
        <ele>2.0</ele>
      </trkpt>
      <trkpt lat="41.21608" lon="1.731194">
        <ele>2.1</ele>
      </trkpt>
      <trkpt lat="41.216101" lon="1.731186">
        <ele>2.2</ele>
      </trkpt>
      <trkpt lat="41.216091" lon="1.731104">
        <ele>2.2</ele>
      </trkpt>
      <trkpt lat="41.216104" lon="1.731072">
        <ele>2.2</ele>
      </trkpt>
      <trkpt lat="41.216118" lon="1.731056">
        <ele>2.3</ele>
      </trkpt>
      <trkpt lat="41.216259" lon="1.73099">
        <ele>2.5</ele>
      </trkpt>
      <trkpt lat="41.216272" lon="1.730989">
        <ele>2.5</ele>
      </trkpt>
      <trkpt lat="41.216294" lon="1.730974">
        <ele>2.5</ele>
      </trkpt>
      <trkpt lat="41.216334" lon="1.730958">
        <ele>2.7</ele>
      </trkpt>
      <trkpt lat="41.216336" lon="1.730942">
        <ele>2.7</ele>
      </trkpt>
      <trkpt lat="41.216474" lon="1.730863">
        <ele>2.9</ele>
      </trkpt>
      <trkpt lat="41.216576" lon="1.730804">
        <ele>3.4</ele>
      </trkpt>
      <trkpt lat="41.21659" lon="1.730807">
        <ele>3.4</ele>
      </trkpt>
      <trkpt lat="41.216631" lon="1.730786">
        <ele>3.5</ele>
      </trkpt>
      <trkpt lat="41.21666" lon="1.730768">
        <ele>3.6</ele>
      </trkpt>
      <trkpt lat="41.216662" lon="1.730749">
        <ele>3.6</ele>
      </trkpt>
      <trkpt lat="41.216979" lon="1.730525">
        <ele>4.6</ele>
      </trkpt>
      <trkpt lat="41.217005" lon="1.730504">
        <ele>4.6</ele>
      </trkpt>
      <trkpt lat="41.216996" lon="1.730478">
        <ele>4.6</ele>
      </trkpt>
      <trkpt lat="41.216977" lon="1.730431">
        <ele>4.6</ele>
      </trkpt>
      <trkpt lat="41.217002" lon="1.730413">
        <ele>4.7</ele>
      </trkpt>
      <trkpt lat="41.217035" lon="1.73039">
        <ele>4.7</ele>
      </trkpt>
      <trkpt lat="41.21724" lon="1.730244">
        <ele>5.3</ele>
      </trkpt>
      <trkpt lat="41.217445" lon="1.730099">
        <ele>5.8</ele>
      </trkpt>
      <trkpt lat="41.21746" lon="1.730054">
        <ele>5.9</ele>
      </trkpt>
      <trkpt lat="41.217747" lon="1.729862">
        <ele>6.6</ele>
      </trkpt>
      <trkpt lat="41.21776" lon="1.729846">
        <ele>6.5</ele>
      </trkpt>
      <trkpt lat="41.217758" lon="1.729818">
        <ele>6.6</ele>
      </trkpt>
      <trkpt lat="41.217745" lon="1.729826">
        <ele>6.6</ele>
      </trkpt>
      <trkpt lat="41.217675" lon="1.7296">
        <ele>6.7</ele>
      </trkpt>
      <trkpt lat="41.217669" lon="1.729578">
        <ele>6.7</ele>
      </trkpt>
      <trkpt lat="41.217704" lon="1.729564">
        <ele>6.7</ele>
      </trkpt>
      <trkpt lat="41.217732" lon="1.729548">
        <ele>6.8</ele>
      </trkpt>
      <trkpt lat="41.217795" lon="1.729513">
        <ele>6.9</ele>
      </trkpt>
      <trkpt lat="41.217821" lon="1.7295">
        <ele>6.9</ele>
      </trkpt>
      <trkpt lat="41.218108" lon="1.729353">
        <ele>7.4</ele>
      </trkpt>
      <trkpt lat="41.218423" lon="1.729196">
        <ele>8.0</ele>
      </trkpt>
      <trkpt lat="41.218633" lon="1.729092">
        <ele>8.5</ele>
      </trkpt>
      <trkpt lat="41.218722" lon="1.729048">
        <ele>8.6</ele>
      </trkpt>
      <trkpt lat="41.218736" lon="1.729034">
        <ele>8.7</ele>
      </trkpt>
      <trkpt lat="41.218749" lon="1.729028">
        <ele>8.7</ele>
      </trkpt>
      <trkpt lat="41.218774" lon="1.729019">
        <ele>8.7</ele>
      </trkpt>
      <trkpt lat="41.218816" lon="1.728999">
        <ele>8.8</ele>
      </trkpt>
      <trkpt lat="41.218835" lon="1.729064">
        <ele>8.7</ele>
      </trkpt>
      <trkpt lat="41.219076" lon="1.728943">
        <ele>9.1</ele>
      </trkpt>
      <trkpt lat="41.219317" lon="1.728822">
        <ele>6.6</ele>
      </trkpt>
      <trkpt lat="41.219545" lon="1.72871">
        <ele>9.0</ele>
      </trkpt>
      <trkpt lat="41.219803" lon="1.728575">
        <ele>10.1</ele>
      </trkpt>
      <trkpt lat="41.220061" lon="1.72844">
        <ele>10.6</ele>
      </trkpt>
      <trkpt lat="41.220075" lon="1.728478">
        <ele>10.7</ele>
      </trkpt>
      <trkpt lat="41.220083" lon="1.728499">
        <ele>10.7</ele>
      </trkpt>
      <trkpt lat="41.220135" lon="1.728679">
        <ele>10.5</ele>
      </trkpt>
      <trkpt lat="41.220248" lon="1.729039">
        <ele>10.2</ele>
      </trkpt>
      <trkpt lat="41.220409" lon="1.729594">
        <ele>9.8</ele>
      </trkpt>
      <trkpt lat="41.220545" lon="1.730016">
        <ele>9.5</ele>
      </trkpt>
      <trkpt lat="41.220196" lon="1.730183">
        <ele>9.5</ele>
      </trkpt>
      <trkpt lat="41.220329" lon="1.730731">
        <ele>9.6</ele>
      </trkpt>
      <trkpt lat="41.220321" lon="1.730735">
        <ele>9.7</ele>
        <name>Vilanova i la Geltrú, Vilanova i la Geltrú, Garraf</name>
        <extensions>
          <oa:Extension>
            <oa:mapZoom>17</oa:mapZoom>
          </oa:Extension>
        </extensions>
      </trkpt>
    </trkseg>
  </trk>
</gpx>