<?xml version="1.0" encoding="UTF-8"?>
<gpx creator="Garmin Connect" version="1.1"
  xsi:schemaLocation="http://www.topografix.com/GPX/1/1 http://www.topografix.com/GPX/11.xsd"
  xmlns:ns3="http://www.garmin.com/xmlschemas/TrackPointExtension/v1"
  xmlns="http://www.topografix.com/GPX/1/1"
  xmlns:xsi="http://www.w3.org/2001/XMLSchema-instance" xmlns:ns2="http://www.garmin.com/xmlschemas/GpxExtensions/v3">
  <metadata>
    <name>GR92 Etappi 16: Llinars del Valles -&gt; Vilassar de Mar</name>
    <link href="connect.garmin.com">
      <text>Garmin Connect</text>
    </link>
    <time>2026-04-15T06:28:16.000Z</time>
  </metadata>
  <trk>
    <name>GR92 Etappi 16: Llinars del Valles -&gt; Vilassar de Mar</name>
    <trkseg>
      <trkpt lat="41.63818669505417" lon="2.404565177857876">
        <ele>184.18</ele>
      </trkpt>
      <trkpt lat="41.63810991682112" lon="2.4043733160942793">
        <ele>184.01</ele>
      </trkpt>
      <trkpt lat="41.638033390045166" lon="2.404181957244873">
        <ele>183.78</ele>
      </trkpt>
      <trkpt lat="41.63787237368524" lon="2.4039780255407095">
        <ele>183.58</ele>
      </trkpt>
      <trkpt lat="41.63771152496338" lon="2.4037742614746094">
        <ele>183.36</ele>
      </trkpt>
      <trkpt lat="41.637611193582416" lon="2.4034876842051744">
        <ele>183.18</ele>
      </trkpt>
      <trkpt lat="41.63751086220145" lon="2.4032011069357395">
        <ele>183.02</ele>
      </trkpt>
      <trkpt lat="41.63741111755371" lon="2.4029159545898438">
        <ele>182.92</ele>
      </trkpt>
      <trkpt lat="41.63741111755371" lon="2.4027657508850098">
        <ele>182.8</ele>
      </trkpt>
      <trkpt lat="41.63734674453735" lon="2.4027442932128906">
        <ele>182.71</ele>
      </trkpt>
      <trkpt lat="41.637303829193115" lon="2.402615547180176">
        <ele>182.62</ele>
      </trkpt>
      <trkpt lat="41.63711071014404" lon="2.402615547180176">
        <ele>182.46</ele>
      </trkpt>
      <trkpt lat="41.63687467575073" lon="2.4027228355407715">
        <ele>182.27</ele>
      </trkpt>
      <trkpt lat="41.63662824779749" lon="2.402744209393859">
        <ele>181.94</ele>
      </trkpt>
      <trkpt lat="41.63638114929199" lon="2.4027657508850098">
        <ele>181.6</ele>
      </trkpt>
      <trkpt lat="41.6362096555531" lon="2.4028300400823355">
        <ele>181.31</ele>
      </trkpt>
      <trkpt lat="41.636037826538086" lon="2.4028944969177246">
        <ele>181.03</ele>
      </trkpt>
      <trkpt lat="41.63575887680054" lon="2.4028730392456055">
        <ele>180.84</ele>
      </trkpt>
      <trkpt lat="41.63567304611206" lon="2.402830123901367">
        <ele>180.64</ele>
      </trkpt>
      <trkpt lat="41.635487135499716" lon="2.4026727955788374">
        <ele>180.44</ele>
      </trkpt>
      <trkpt lat="41.63530122488737" lon="2.4025154672563076">
        <ele>180.22</ele>
      </trkpt>
      <trkpt lat="41.63511514663696" lon="2.402358055114746">
        <ele>180.02</ele>
      </trkpt>
      <trkpt lat="41.63490056991577" lon="2.4021005630493164">
        <ele>179.97</ele>
      </trkpt>
      <trkpt lat="41.634739469736814" lon="2.401853548362851">
        <ele>179.95</ele>
      </trkpt>
      <trkpt lat="41.634578704833984" lon="2.401607036590576">
        <ele>179.84</ele>
      </trkpt>
      <trkpt lat="41.63442833349109" lon="2.401320543140173">
        <ele>179.59</ele>
      </trkpt>
      <trkpt lat="41.63427796214819" lon="2.4010341335088015">
        <ele>179.46</ele>
      </trkpt>
      <trkpt lat="41.63412809371948" lon="2.4007487297058105">
        <ele>179.43</ele>
      </trkpt>
      <trkpt lat="41.633966993540525" lon="2.400523256510496">
        <ele>179.33</ele>
      </trkpt>
      <trkpt lat="41.633806228637695" lon="2.4002981185913086">
        <ele>179.14</ele>
      </trkpt>
      <trkpt lat="41.633698688820004" lon="2.3999972082674503">
        <ele>178.91</ele>
      </trkpt>
      <trkpt lat="41.633591232821345" lon="2.399696297943592">
        <ele>178.75</ele>
      </trkpt>
      <trkpt lat="41.633483776822686" lon="2.399395387619734">
        <ele>178.72</ele>
      </trkpt>
      <trkpt lat="41.63337707519531" lon="2.3990964889526367">
        <ele>178.73</ele>
      </trkpt>
      <trkpt lat="41.63327674381435" lon="2.3988027032464743">
        <ele>178.74</ele>
      </trkpt>
      <trkpt lat="41.633176412433386" lon="2.398508917540312">
        <ele>178.75</ele>
      </trkpt>
      <trkpt lat="41.633076667785645" lon="2.398216724395752">
        <ele>178.76</ele>
      </trkpt>
      <trkpt lat="41.63300500251353" lon="2.3979443963617086">
        <ele>178.9</ele>
      </trkpt>
      <trkpt lat="41.63293333724141" lon="2.3976720683276653">
        <ele>179.03</ele>
      </trkpt>
      <trkpt lat="41.63286209106445" lon="2.3974013328552246">
        <ele>179.13</ele>
      </trkpt>
      <trkpt lat="41.63278321735561" lon="2.3970214650034904">
        <ele>179.15</ele>
      </trkpt>
      <trkpt lat="41.632704343646765" lon="2.3966415971517563">
        <ele>179.14</ele>
      </trkpt>
      <trkpt lat="41.63262605667114" lon="2.39626407623291">
        <ele>179.0</ele>
      </trkpt>
      <trkpt lat="41.63258297368884" lon="2.3958769161254168">
        <ele>178.82</ele>
      </trkpt>
      <trkpt lat="41.632540225982666" lon="2.395491600036621">
        <ele>178.63</ele>
      </trkpt>
      <trkpt lat="41.63251147605479" lon="2.3951474390923977">
        <ele>178.42</ele>
      </trkpt>
      <trkpt lat="41.63248280994594" lon="2.394803361967206">
        <ele>178.19</ele>
      </trkpt>
      <trkpt lat="41.63245439529419" lon="2.3944616317749023">
        <ele>178.01</ele>
      </trkpt>
      <trkpt lat="41.63245439529419" lon="2.394052930176258">
        <ele>178.03</ele>
      </trkpt>
      <trkpt lat="41.63245439529419" lon="2.3936443123966455">
        <ele>177.99</ele>
      </trkpt>
      <trkpt lat="41.63245439529419" lon="2.3932385444641113">
        <ele>177.84</ele>
      </trkpt>
      <trkpt lat="41.63239002227783" lon="2.393045425415039">
        <ele>177.73</ele>
      </trkpt>
      <trkpt lat="41.632304191589355" lon="2.393045425415039">
        <ele>177.67</ele>
      </trkpt>
      <trkpt lat="41.632143426686525" lon="2.393056070432067">
        <ele>177.61</ele>
      </trkpt>
      <trkpt lat="41.63198232650757" lon="2.393066883087158">
        <ele>177.5</ele>
      </trkpt>
      <trkpt lat="41.63185358047485" lon="2.3930883407592773">
        <ele>177.29</ele>
      </trkpt>
      <trkpt lat="41.63170337677002" lon="2.3930883407592773">
        <ele>177.04</ele>
      </trkpt>
      <trkpt lat="41.631596088409424" lon="2.3930883407592773">
        <ele>176.8</ele>
      </trkpt>
      <trkpt lat="41.63148880004883" lon="2.3930883407592773">
        <ele>176.53</ele>
      </trkpt>
      <trkpt lat="41.63149952888489" lon="2.3928732611238956">
        <ele>176.04</ele>
      </trkpt>
      <trkpt lat="41.63151025772095" lon="2.3926591873168945">
        <ele>175.55</ele>
      </trkpt>
      <trkpt lat="41.631492991000414" lon="2.3922934848815203">
        <ele>174.95</ele>
      </trkpt>
      <trkpt lat="41.63147580809891" lon="2.3919278662651777">
        <ele>174.41</ele>
      </trkpt>
      <trkpt lat="41.63145862519741" lon="2.391562247648835">
        <ele>173.82</ele>
      </trkpt>
      <trkpt lat="41.63144144229591" lon="2.3911966290324926">
        <ele>173.26</ele>
      </trkpt>
      <trkpt lat="41.63142442703247" lon="2.3908352851867676">
        <ele>172.75</ele>
      </trkpt>
      <trkpt lat="41.63136709481478" lon="2.390487603843212">
        <ele>172.12</ele>
      </trkpt>
      <trkpt lat="41.631309762597084" lon="2.3901399224996567">
        <ele>171.56</ele>
      </trkpt>
      <trkpt lat="41.63125243037939" lon="2.389792324975133">
        <ele>170.99</ele>
      </trkpt>
      <trkpt lat="41.6311950981617" lon="2.3894446436315775">
        <ele>170.36</ele>
      </trkpt>
      <trkpt lat="41.631137765944004" lon="2.3890970461070538">
        <ele>169.76</ele>
      </trkpt>
      <trkpt lat="41.631081188097596" lon="2.388753890991211">
        <ele>169.16</ele>
      </trkpt>
      <trkpt lat="41.63095235824585" lon="2.3883891105651855">
        <ele>168.54</ele>
      </trkpt>
      <trkpt lat="41.63084054365754" lon="2.3880236595869064">
        <ele>167.81</ele>
      </trkpt>
      <trkpt lat="41.63072872906923" lon="2.3876582086086273">
        <ele>167.11</ele>
      </trkpt>
      <trkpt lat="41.630616998299956" lon="2.387292757630348">
        <ele>166.54</ele>
      </trkpt>
      <trkpt lat="41.63050518371165" lon="2.386927306652069">
        <ele>165.99</ele>
      </trkpt>
      <trkpt lat="41.63039445877075" lon="2.3865652084350586">
        <ele>165.39</ele>
      </trkpt>
      <trkpt lat="41.63024433888495" lon="2.3862433433532715">
        <ele>164.85</ele>
      </trkpt>
      <trkpt lat="41.63016906939447" lon="2.3860498890280724">
        <ele>164.41</ele>
      </trkpt>
      <trkpt lat="41.630094051361084" lon="2.385857105255127">
        <ele>164.1</ele>
      </trkpt>
      <trkpt lat="41.630094135180116" lon="2.385857105255127">
        <ele>163.79</ele>
      </trkpt>
      <trkpt lat="41.62993655540049" lon="2.3855276126414537">
        <ele>163.58</ele>
      </trkpt>
      <trkpt lat="41.629778975620866" lon="2.3851982038468122">
        <ele>163.36</ele>
      </trkpt>
      <trkpt lat="41.62962198257446" lon="2.3848700523376465">
        <ele>163.28</ele>
      </trkpt>
      <trkpt lat="41.6294592898339" lon="2.384581547230482">
        <ele>163.33</ele>
      </trkpt>
      <trkpt lat="41.629296680912375" lon="2.3842931259423494">
        <ele>163.41</ele>
      </trkpt>
      <trkpt lat="41.62913407199085" lon="2.3840047046542168">
        <ele>163.58</ele>
      </trkpt>
      <trkpt lat="41.62897146306932" lon="2.383716283366084">
        <ele>163.91</ele>
      </trkpt>
      <trkpt lat="41.62880885414779" lon="2.3834278620779514">
        <ele>164.39</ele>
      </trkpt>
      <trkpt lat="41.628646245226264" lon="2.3831394407898188">
        <ele>164.99</ele>
      </trkpt>
      <trkpt lat="41.62848472595215" lon="2.3828530311584473">
        <ele>165.81</ele>
      </trkpt>
      <trkpt lat="41.62831314839423" lon="2.3829816933721304">
        <ele>166.7</ele>
      </trkpt>
      <trkpt lat="41.62814140319824" lon="2.383110523223877">
        <ele>167.78</ele>
      </trkpt>
      <trkpt lat="41.62786245346069" lon="2.383239269256592">
        <ele>169.05</ele>
      </trkpt>
      <trkpt lat="41.62777670659125" lon="2.383260726928711">
        <ele>170.37</ele>
      </trkpt>
      <trkpt lat="41.62771233357489" lon="2.3832178115844727">
        <ele>171.8</ele>
      </trkpt>
      <trkpt lat="41.627540588378906" lon="2.3831963539123535">
        <ele>173.35</ele>
      </trkpt>
      <trkpt lat="41.62726163864136" lon="2.3833465576171875">
        <ele>175.12</ele>
      </trkpt>
      <trkpt lat="41.6270471457392" lon="2.383303642272949">
        <ele>177.06</ele>
      </trkpt>
      <trkpt lat="41.62681127898395" lon="2.3831964377313852">
        <ele>179.18</ele>
      </trkpt>
      <trkpt lat="41.626574993133545" lon="2.383089065551758">
        <ele>181.39</ele>
      </trkpt>
      <trkpt lat="41.62648916244507" lon="2.3830032348632812">
        <ele>183.47</ele>
      </trkpt>
      <trkpt lat="41.62640333175659" lon="2.382831573486328">
        <ele>185.6</ele>
      </trkpt>
      <trkpt lat="41.62640333175659" lon="2.382584223523736">
        <ele>187.67</ele>
      </trkpt>
      <trkpt lat="41.62640333175659" lon="2.382338047027588">
        <ele>189.75</ele>
      </trkpt>
      <trkpt lat="41.62636041641235" lon="2.382187843322754">
        <ele>191.85</ele>
      </trkpt>
      <trkpt lat="41.62616729736328" lon="2.382059097290039">
        <ele>193.97</ele>
      </trkpt>
      <trkpt lat="41.625931346789" lon="2.3819732666015625">
        <ele>196.09</ele>
      </trkpt>
      <trkpt lat="41.62565231323242" lon="2.381887435913086">
        <ele>198.41</ele>
      </trkpt>
      <trkpt lat="41.625566482543945" lon="2.3818016052246094">
        <ele>200.52</ele>
      </trkpt>
      <trkpt lat="41.62552356719971" lon="2.3816728591918945">
        <ele>202.53</ele>
      </trkpt>
      <trkpt lat="41.62552356719971" lon="2.3813824262470007">
        <ele>204.4</ele>
      </trkpt>
      <trkpt lat="41.62552356719971" lon="2.3810935020446777">
        <ele>206.36</ele>
      </trkpt>
      <trkpt lat="41.62545919418335" lon="2.380814552307129">
        <ele>208.42</ele>
      </trkpt>
      <trkpt lat="41.625308990478516" lon="2.380557060241699">
        <ele>210.38</ele>
      </trkpt>
      <trkpt lat="41.625115955248475" lon="2.380417585372925">
        <ele>212.49</ele>
      </trkpt>
      <trkpt lat="41.62492275238037" lon="2.3802781105041504">
        <ele>214.56</ele>
      </trkpt>
      <trkpt lat="41.624794006347656" lon="2.3801493644714355">
        <ele>216.55</ele>
      </trkpt>
      <trkpt lat="41.62470817565918" lon="2.379934787750244">
        <ele>218.41</ele>
      </trkpt>
      <trkpt lat="41.62468680180609" lon="2.379913330078125">
        <ele>220.23</ele>
      </trkpt>
      <trkpt lat="41.62461153231561" lon="2.379698334261775">
        <ele>222.05</ele>
      </trkpt>
      <trkpt lat="41.62453651428223" lon="2.379484176635742">
        <ele>223.7</ele>
      </trkpt>
      <trkpt lat="41.624300479888916" lon="2.379312515258789">
        <ele>225.46</ele>
      </trkpt>
      <trkpt lat="41.62412881851196" lon="2.379333972930908">
        <ele>227.34</ele>
      </trkpt>
      <trkpt lat="41.62388591095805" lon="2.3794053867459297">
        <ele>229.33</ele>
      </trkpt>
      <trkpt lat="41.62364300340414" lon="2.3794768005609512">
        <ele>231.35</ele>
      </trkpt>
      <trkpt lat="41.62339925765991" lon="2.3795485496520996">
        <ele>233.25</ele>
      </trkpt>
      <trkpt lat="41.62322776392102" lon="2.3795806523412466">
        <ele>235.05</ele>
      </trkpt>
      <trkpt lat="41.623055934906006" lon="2.379612922668457">
        <ele>236.8</ele>
      </trkpt>
      <trkpt lat="41.62292718887329" lon="2.379612922668457">
        <ele>238.54</ele>
      </trkpt>
      <trkpt lat="41.622712863609195" lon="2.3795379046350718">
        <ele>240.33</ele>
      </trkpt>
      <trkpt lat="41.62249811924994" lon="2.379462718963623">
        <ele>242.25</ele>
      </trkpt>
      <trkpt lat="41.62249803543091" lon="2.379462718963623">
        <ele>243.89</ele>
      </trkpt>
      <trkpt lat="41.622326374053955" lon="2.379333972930908">
        <ele>245.82</ele>
      </trkpt>
      <trkpt lat="41.62228345870972" lon="2.3792481422424316">
        <ele>247.47</ele>
      </trkpt>
      <trkpt lat="41.62221916951239" lon="2.379012107849121">
        <ele>249.08</ele>
      </trkpt>
      <trkpt lat="41.622211961075664" lon="2.3787109460681677">
        <ele>250.63</ele>
      </trkpt>
      <trkpt lat="41.622204752638936" lon="2.378409868106246">
        <ele>252.28</ele>
      </trkpt>
      <trkpt lat="41.62219762802124" lon="2.378110885620117">
        <ele>254.0</ele>
      </trkpt>
      <trkpt lat="41.622154796496034" lon="2.3778533935546875">
        <ele>255.71</ele>
      </trkpt>
      <trkpt lat="41.622154712677" lon="2.3778533935546875">
        <ele>257.32</ele>
      </trkpt>
      <trkpt lat="41.622111797332764" lon="2.3776817321777344">
        <ele>258.96</ele>
      </trkpt>
      <trkpt lat="41.62198305130005" lon="2.3775744438171387">
        <ele>260.59</ele>
      </trkpt>
      <trkpt lat="41.621832847595215" lon="2.3775744438171387">
        <ele>262.23</ele>
      </trkpt>
      <trkpt lat="41.621618354693055" lon="2.3777246475219727">
        <ele>264.16</ele>
      </trkpt>
      <trkpt lat="41.62161827087402" lon="2.3777246475219727">
        <ele>265.88</ele>
      </trkpt>
      <trkpt lat="41.62153244018555" lon="2.377810478210449">
        <ele>267.72</ele>
      </trkpt>
      <trkpt lat="41.621360778808594" lon="2.377949869260192">
        <ele>269.7</ele>
      </trkpt>
      <trkpt lat="41.62118911743164" lon="2.378089427947998">
        <ele>271.53</ele>
      </trkpt>
      <trkpt lat="41.621017372235656" lon="2.3782825469970703">
        <ele>273.49</ele>
      </trkpt>
      <trkpt lat="41.620845794677734" lon="2.3784756660461426">
        <ele>275.57</ele>
      </trkpt>
      <trkpt lat="41.62071704864502" lon="2.3785400390625">
        <ele>277.61</ele>
      </trkpt>
      <trkpt lat="41.62044555880129" lon="2.378432834520936">
        <ele>279.58</ele>
      </trkpt>
      <trkpt lat="41.62017406895757" lon="2.378325629979372">
        <ele>281.64</ele>
      </trkpt>
      <trkpt lat="41.61990165710449" lon="2.378218173980713">
        <ele>283.65</ele>
      </trkpt>
      <trkpt lat="41.6197943687439" lon="2.3781538009643555">
        <ele>285.44</ele>
      </trkpt>
      <trkpt lat="41.61962270736694" lon="2.377917766571045">
        <ele>287.15</ele>
      </trkpt>
      <trkpt lat="41.619504522532225" lon="2.3776599392294884">
        <ele>288.74</ele>
      </trkpt>
      <trkpt lat="41.61938667297363" lon="2.3774027824401855">
        <ele>290.38</ele>
      </trkpt>
      <trkpt lat="41.61932213231921" lon="2.377198515459895">
        <ele>291.9</ele>
      </trkpt>
      <trkpt lat="41.61925792694092" lon="2.376995086669922">
        <ele>293.46</ele>
      </trkpt>
      <trkpt lat="41.6191291809082" lon="2.376737594604492">
        <ele>295.08</ele>
      </trkpt>
      <trkpt lat="41.61887168884277" lon="2.3766088485717773">
        <ele>296.87</ele>
      </trkpt>
      <trkpt lat="41.61861453205347" lon="2.3765445593744516">
        <ele>298.34</ele>
      </trkpt>
      <trkpt lat="41.618356788530946" lon="2.3764801025390625">
        <ele>299.95</ele>
      </trkpt>
      <trkpt lat="41.618356704711914" lon="2.3764801025390625">
        <ele>301.35</ele>
      </trkpt>
      <trkpt lat="41.618163753300905" lon="2.3764050845056772">
        <ele>302.86</ele>
      </trkpt>
      <trkpt lat="41.61797046661377" lon="2.3763298988342285">
        <ele>304.21</ele>
      </trkpt>
      <trkpt lat="41.61779905669391" lon="2.3763084411621094">
        <ele>305.51</ele>
      </trkpt>
      <trkpt lat="41.617627227678895" lon="2.3762869834899902">
        <ele>306.74</ele>
      </trkpt>
      <trkpt lat="41.6175199393183" lon="2.3762869834899902">
        <ele>307.86</ele>
      </trkpt>
      <trkpt lat="41.61724844947457" lon="2.376301232725382">
        <ele>308.8</ele>
      </trkpt>
      <trkpt lat="41.61697704344988" lon="2.3763154819607735">
        <ele>309.78</ele>
      </trkpt>
      <trkpt lat="41.61670446395874" lon="2.3763298988342285">
        <ele>310.67</ele>
      </trkpt>
      <trkpt lat="41.61648301407695" lon="2.3763869795948267">
        <ele>311.38</ele>
      </trkpt>
      <trkpt lat="41.616261564195156" lon="2.3764441441744566">
        <ele>312.0</ele>
      </trkpt>
      <trkpt lat="41.61603935994208" lon="2.3765015602111816">
        <ele>312.42</ele>
      </trkpt>
      <trkpt lat="41.615760661661625" lon="2.3765657655894756">
        <ele>312.51</ele>
      </trkpt>
      <trkpt lat="41.61548137664795" lon="2.3766303062438965">
        <ele>312.51</ele>
      </trkpt>
      <trkpt lat="41.615240229293704" lon="2.37671060487628">
        <ele>312.58</ele>
      </trkpt>
      <trkpt lat="41.61499916575849" lon="2.376790987327695">
        <ele>312.58</ele>
      </trkpt>
      <trkpt lat="41.614758018404245" lon="2.37687136977911">
        <ele>312.48</ele>
      </trkpt>
      <trkpt lat="41.61451578140259" lon="2.3769521713256836">
        <ele>311.96</ele>
      </trkpt>
      <trkpt lat="41.614376390352845" lon="2.3770593758672476">
        <ele>311.49</ele>
      </trkpt>
      <trkpt lat="41.61423691548407" lon="2.377166748046875">
        <ele>310.76</ele>
      </trkpt>
      <trkpt lat="41.614086627960205" lon="2.3773491382598877">
        <ele>310.07</ele>
      </trkpt>
      <trkpt lat="41.61393642425537" lon="2.3775315284729004">
        <ele>309.18</ele>
      </trkpt>
      <trkpt lat="41.613753866404295" lon="2.3777783755213022">
        <ele>308.11</ele>
      </trkpt>
      <trkpt lat="41.613571643829346" lon="2.3780250549316406">
        <ele>306.99</ele>
      </trkpt>
      <trkpt lat="41.61339998245239" lon="2.378218173980713">
        <ele>305.72</ele>
      </trkpt>
      <trkpt lat="41.61327132023871" lon="2.3782825469970703">
        <ele>304.41</ele>
      </trkpt>
      <trkpt lat="41.61327123641968" lon="2.3782825469970703">
        <ele>303.1</ele>
      </trkpt>
      <trkpt lat="41.612981893122196" lon="2.378378938883543">
        <ele>301.58</ele>
      </trkpt>
      <trkpt lat="41.61269187927246" lon="2.3784756660461426">
        <ele>300.01</ele>
      </trkpt>
      <trkpt lat="41.612606048583984" lon="2.3785400390625">
        <ele>298.5</ele>
      </trkpt>
      <trkpt lat="41.61244503222406" lon="2.378754699602723">
        <ele>296.91</ele>
      </trkpt>
      <trkpt lat="41.61228426732123" lon="2.378969192504883">
        <ele>295.37</ele>
      </trkpt>
      <trkpt lat="41.6122841835022" lon="2.378969192504883">
        <ele>293.75</ele>
      </trkpt>
      <trkpt lat="41.61219835281372" lon="2.3790335655212402">
        <ele>292.08</ele>
      </trkpt>
      <trkpt lat="41.61189836449921" lon="2.379076397046447">
        <ele>290.22</ele>
      </trkpt>
      <trkpt lat="41.611597537994385" lon="2.379119396209717">
        <ele>288.33</ele>
      </trkpt>
      <trkpt lat="41.61142587661743" lon="2.379183769226074">
        <ele>286.53</ele>
      </trkpt>
      <trkpt lat="41.611318588256836" lon="2.379312515258789">
        <ele>284.8</ele>
      </trkpt>
      <trkpt lat="41.61120040342212" lon="2.379581071436405">
        <ele>283.1</ele>
      </trkpt>
      <trkpt lat="41.611082553863525" lon="2.3798489570617676">
        <ele>281.43</ele>
      </trkpt>
      <trkpt lat="41.610868060961366" lon="2.380020534619689">
        <ele>279.62</ele>
      </trkpt>
      <trkpt lat="41.610653484240174" lon="2.380192279815674">
        <ele>277.94</ele>
      </trkpt>
      <trkpt lat="41.61065340042114" lon="2.380192279815674">
        <ele>276.46</ele>
      </trkpt>
      <trkpt lat="41.61042817868292" lon="2.3803637735545635">
        <ele>275.03</ele>
      </trkpt>
      <trkpt lat="41.61020278930664" lon="2.38053560256958">
        <ele>273.66</ele>
      </trkpt>
      <trkpt lat="41.609973879531026" lon="2.3807500954717398">
        <ele>272.37</ele>
      </trkpt>
      <trkpt lat="41.60974505357444" lon="2.3809645883738995">
        <ele>271.17</ele>
      </trkpt>
      <trkpt lat="41.60951614379883" lon="2.3811793327331543">
        <ele>270.25</ele>
      </trkpt>
      <trkpt lat="41.6093017347157" lon="2.3813079111278057">
        <ele>269.33</ele>
      </trkpt>
      <trkpt lat="41.609086990356445" lon="2.381436824798584">
        <ele>268.39</ele>
      </trkpt>
      <trkpt lat="41.60880820825696" lon="2.3816190473735332">
        <ele>267.44</ele>
      </trkpt>
      <trkpt lat="41.60852909088135" lon="2.3818016052246094">
        <ele>266.49</ele>
      </trkpt>
      <trkpt lat="41.60822876729071" lon="2.381887435913086">
        <ele>265.69</ele>
      </trkpt>
      <trkpt lat="41.6080358158797" lon="2.381898080930114">
        <ele>265.06</ele>
      </trkpt>
      <trkpt lat="41.607842445373535" lon="2.381908893585205">
        <ele>264.51</ele>
      </trkpt>
      <trkpt lat="41.607627868652344" lon="2.381887435913086">
        <ele>264.07</ele>
      </trkpt>
      <trkpt lat="41.60747766494751" lon="2.3818230628967285">
        <ele>263.77</ele>
      </trkpt>
      <trkpt lat="41.60741329193115" lon="2.381737232208252">
        <ele>263.63</ele>
      </trkpt>
      <trkpt lat="41.60732729360461" lon="2.3814469669014215">
        <ele>263.59</ele>
      </trkpt>
      <trkpt lat="41.6072416305542" lon="2.381157875061035">
        <ele>263.7</ele>
      </trkpt>
      <trkpt lat="41.6071343421936" lon="2.3812437057495117">
        <ele>264.06</ele>
      </trkpt>
      <trkpt lat="41.607091426849365" lon="2.3810935020446777">
        <ele>264.53</ele>
      </trkpt>
      <trkpt lat="41.60700559616089" lon="2.3810505867004395">
        <ele>265.19</ele>
      </trkpt>
      <trkpt lat="41.606855392456055" lon="2.3807501792907715">
        <ele>266.14</ele>
      </trkpt>
      <trkpt lat="41.60674810409546" lon="2.380642890930176">
        <ele>267.16</ele>
      </trkpt>
      <trkpt lat="41.60664081573486" lon="2.3805785179138184">
        <ele>268.32</ele>
      </trkpt>
      <trkpt lat="41.606576442718506" lon="2.3805999755859375">
        <ele>269.57</ele>
      </trkpt>
      <trkpt lat="41.606340324506164" lon="2.380857467651367">
        <ele>271.0</ele>
      </trkpt>
      <trkpt lat="41.606104373931885" lon="2.381114959716797">
        <ele>272.56</ele>
      </trkpt>
      <trkpt lat="41.60597562789917" lon="2.3810935020446777">
        <ele>274.29</ele>
      </trkpt>
      <trkpt lat="41.605825424194336" lon="2.3807501792907715">
        <ele>276.24</ele>
      </trkpt>
      <trkpt lat="41.605632305145264" lon="2.380557060241699">
        <ele>278.18</ele>
      </trkpt>
      <trkpt lat="41.60543918609619" lon="2.380363941192627">
        <ele>280.15</ele>
      </trkpt>
      <trkpt lat="41.6053110267967" lon="2.380194626748562">
        <ele>282.12</ele>
      </trkpt>
      <trkpt lat="41.60518295131624" lon="2.3800253961235285">
        <ele>284.17</ele>
      </trkpt>
      <trkpt lat="41.60518303513527" lon="2.38002547994256">
        <ele>286.08</ele>
      </trkpt>
      <trkpt lat="41.605182867497206" lon="2.380025228485465">
        <ele>287.99</ele>
      </trkpt>
      <trkpt lat="41.60518261604011" lon="2.380024893209338">
        <ele>289.9</ele>
      </trkpt>
      <trkpt lat="41.60518244840205" lon="2.380024641752243">
        <ele>291.8</ele>
      </trkpt>
      <trkpt lat="41.605010284110904" lon="2.3797971569001675">
        <ele>293.86</ele>
      </trkpt>
      <trkpt lat="41.604838371276855" lon="2.3795700073242188">
        <ele>295.87</ele>
      </trkpt>
      <trkpt lat="41.60473099909723" lon="2.3794089071452618">
        <ele>297.78</ele>
      </trkpt>
      <trkpt lat="41.604623794555664" lon="2.3792481422424316">
        <ele>299.62</ele>
      </trkpt>
      <trkpt lat="41.604484068229795" lon="2.3789580445736647">
        <ele>301.5</ele>
      </trkpt>
      <trkpt lat="41.604344844818115" lon="2.378668785095215">
        <ele>303.27</ele>
      </trkpt>
      <trkpt lat="41.6041624546051" lon="2.3785078525543213">
        <ele>304.91</ele>
      </trkpt>
      <trkpt lat="41.60398006439209" lon="2.3783469200134277">
        <ele>306.46</ele>
      </trkpt>
      <trkpt lat="41.60390479490161" lon="2.378078196197748">
        <ele>308.02</ele>
      </trkpt>
      <trkpt lat="41.603829860687256" lon="2.377810478210449">
        <ele>309.52</ele>
      </trkpt>
      <trkpt lat="41.603797590360045" lon="2.3775308579206467">
        <ele>310.95</ele>
      </trkpt>
      <trkpt lat="41.6037654876709" lon="2.3772525787353516">
        <ele>312.24</ele>
      </trkpt>
      <trkpt lat="41.60362592898309" lon="2.377070104703307">
        <ele>313.35</ele>
      </trkpt>
      <trkpt lat="41.60348653793335" lon="2.376887798309326">
        <ele>314.4</ele>
      </trkpt>
      <trkpt lat="41.60329350270331" lon="2.3769307136535645">
        <ele>315.26</ele>
      </trkpt>
      <trkpt lat="41.603100299835205" lon="2.3769736289978027">
        <ele>316.13</ele>
      </trkpt>
      <trkpt lat="41.60282880999148" lon="2.3770378343760967">
        <ele>317.02</ele>
      </trkpt>
      <trkpt lat="41.602557403966784" lon="2.3771021235734224">
        <ele>317.83</ele>
      </trkpt>
      <trkpt lat="41.60228490829468" lon="2.377166748046875">
        <ele>318.61</ele>
      </trkpt>
      <trkpt lat="41.602063458412886" lon="2.3772167041897774">
        <ele>319.42</ele>
      </trkpt>
      <trkpt lat="41.601842092350125" lon="2.3772667441517115">
        <ele>320.34</ele>
      </trkpt>
      <trkpt lat="41.601619804278016" lon="2.377316951751709">
        <ele>321.34</ele>
      </trkpt>
      <trkpt lat="41.60139827057719" lon="2.377374032512307">
        <ele>322.39</ele>
      </trkpt>
      <trkpt lat="41.6011768206954" lon="2.377431197091937">
        <ele>323.4</ele>
      </trkpt>
      <trkpt lat="41.60095453262329" lon="2.377488613128662">
        <ele>324.54</ele>
      </trkpt>
      <trkpt lat="41.60069025121629" lon="2.377460030838847">
        <ele>325.89</ele>
      </trkpt>
      <trkpt lat="41.600425969809294" lon="2.377431448549032">
        <ele>327.27</ele>
      </trkpt>
      <trkpt lat="41.60016059875488" lon="2.3774027824401855">
        <ele>328.66</ele>
      </trkpt>
      <trkpt lat="41.599860191345215" lon="2.377316951751709">
        <ele>330.1</ele>
      </trkpt>
      <trkpt lat="41.599704287946224" lon="2.3772487230598927">
        <ele>331.54</ele>
      </trkpt>
      <trkpt lat="41.599549893289804" lon="2.37718116492033">
        <ele>333.05</ele>
      </trkpt>
      <trkpt lat="41.59954972565174" lon="2.3771810811012983">
        <ele>334.54</ele>
      </trkpt>
      <trkpt lat="41.59954913891852" lon="2.377180829644203">
        <ele>336.09</ele>
      </trkpt>
      <trkpt lat="41.5995485521853" lon="2.377180578187108">
        <ele>337.69</ele>
      </trkpt>
      <trkpt lat="41.59954804927111" lon="2.3771804105490446">
        <ele>339.34</ele>
      </trkpt>
      <trkpt lat="41.59951686859131" lon="2.377166748046875">
        <ele>341.05</ele>
      </trkpt>
      <trkpt lat="41.59932349808514" lon="2.376837423071265">
        <ele>343.06</ele>
      </trkpt>
      <trkpt lat="41.599130211398005" lon="2.3765080980956554">
        <ele>345.05</ele>
      </trkpt>
      <trkpt lat="41.59893751144409" lon="2.3761796951293945">
        <ele>346.99</ele>
      </trkpt>
      <trkpt lat="41.59870147705078" lon="2.3759865760803223">
        <ele>348.85</ele>
      </trkpt>
      <trkpt lat="41.59848698414862" lon="2.37583645619452">
        <ele>350.72</ele>
      </trkpt>
      <trkpt lat="41.5982723236084" lon="2.3756861686706543">
        <ele>352.57</ele>
      </trkpt>
      <trkpt lat="41.59797191619873" lon="2.3755788803100586">
        <ele>354.33</ele>
      </trkpt>
      <trkpt lat="41.5978111512959" lon="2.37554669380188">
        <ele>356.03</ele>
      </trkpt>
      <trkpt lat="41.59765005111694" lon="2.375514507293701">
        <ele>357.75</ele>
      </trkpt>
      <trkpt lat="41.59743547439575" lon="2.375771999359131">
        <ele>359.37</ele>
      </trkpt>
      <trkpt lat="41.59736020490527" lon="2.3760406393557787">
        <ele>360.85</ele>
      </trkpt>
      <trkpt lat="41.59728527069092" lon="2.3763084411621094">
        <ele>362.2</ele>
      </trkpt>
      <trkpt lat="41.59728535450995" lon="2.3763084411621094">
        <ele>363.46</ele>
      </trkpt>
      <trkpt lat="41.59712073393166" lon="2.3765015602111816">
        <ele>364.8</ele>
      </trkpt>
      <trkpt lat="41.5969561971724" lon="2.376694679260254">
        <ele>365.86</ele>
      </trkpt>
      <trkpt lat="41.59679174423218" lon="2.376887798309326">
        <ele>366.73</ele>
      </trkpt>
      <trkpt lat="41.59649133682251" lon="2.376866340637207">
        <ele>367.64</ele>
      </trkpt>
      <trkpt lat="41.596234096214175" lon="2.376794843003154">
        <ele>368.35</ele>
      </trkpt>
      <trkpt lat="41.59597693942487" lon="2.3767234291881323">
        <ele>368.8</ele>
      </trkpt>
      <trkpt lat="41.59571886062622" lon="2.3766517639160156">
        <ele>369.15</ele>
      </trkpt>
      <trkpt lat="41.595440078526735" lon="2.3764759115874767">
        <ele>369.54</ele>
      </trkpt>
      <trkpt lat="41.59516138024628" lon="2.376300059258938">
        <ele>369.76</ele>
      </trkpt>
      <trkpt lat="41.594882598146796" lon="2.3761242907494307">
        <ele>369.69</ele>
      </trkpt>
      <trkpt lat="41.59460389986634" lon="2.3759484384208918">
        <ele>369.35</ele>
      </trkpt>
      <trkpt lat="41.59432411193848" lon="2.375771999359131">
        <ele>368.77</ele>
      </trkpt>
      <trkpt lat="41.59430273808539" lon="2.3757505416870117">
        <ele>368.14</ele>
      </trkpt>
      <trkpt lat="41.59406687133014" lon="2.3756004218012094">
        <ele>367.21</ele>
      </trkpt>
      <trkpt lat="41.593831004574895" lon="2.375450301915407">
        <ele>366.12</ele>
      </trkpt>
      <trkpt lat="41.59359463490546" lon="2.3752999305725098">
        <ele>364.87</ele>
      </trkpt>
      <trkpt lat="41.59344216808677" lon="2.375201443210244">
        <ele>363.54</ele>
      </trkpt>
      <trkpt lat="41.593442000448704" lon="2.3752013593912125">
        <ele>362.2</ele>
      </trkpt>
      <trkpt lat="41.59344149753451" lon="2.3752010241150856">
        <ele>359.14</ele>
      </trkpt>
      <trkpt lat="41.59344091080129" lon="2.3752006888389587">
        <ele>357.43</ele>
      </trkpt>
      <trkpt lat="41.5934404078871" lon="2.3752004373818636">
        <ele>355.62</ele>
      </trkpt>
      <trkpt lat="41.5934404078871" lon="2.3752005212008953">
        <ele>353.71</ele>
      </trkpt>
      <trkpt lat="41.59317746758461" lon="2.3750308714807034">
        <ele>351.52</ele>
      </trkpt>
      <trkpt lat="41.59291461110115" lon="2.374861305579543">
        <ele>349.29</ele>
      </trkpt>
      <trkpt lat="41.59265175461769" lon="2.374691655859351">
        <ele>347.06</ele>
      </trkpt>
      <trkpt lat="41.59238889813423" lon="2.374522089958191">
        <ele>344.81</ele>
      </trkpt>
      <trkpt lat="41.59212604165077" lon="2.374352440237999">
        <ele>342.49</ele>
      </trkpt>
      <trkpt lat="41.59186318516731" lon="2.3741828743368387">
        <ele>340.14</ele>
      </trkpt>
      <trkpt lat="41.591598987579346" lon="2.3740124702453613">
        <ele>337.79</ele>
      </trkpt>
      <trkpt lat="41.59134183079004" lon="2.374019594863057">
        <ele>335.35</ele>
      </trkpt>
      <trkpt lat="41.59108475781977" lon="2.374026719480753">
        <ele>332.84</ele>
      </trkpt>
      <trkpt lat="41.59082659520209" lon="2.3740339279174805">
        <ele>330.32</ele>
      </trkpt>
      <trkpt lat="41.59060154110193" lon="2.3740338440984488">
        <ele>327.85</ele>
      </trkpt>
      <trkpt lat="41.590375900268555" lon="2.3740339279174805">
        <ele>325.52</ele>
      </trkpt>
      <trkpt lat="41.590096950531006" lon="2.374119758605957">
        <ele>323.31</ele>
      </trkpt>
      <trkpt lat="41.58992528915405" lon="2.3743056692183018">
        <ele>321.25</ele>
      </trkpt>
      <trkpt lat="41.5897536277771" lon="2.3744916636496782">
        <ele>319.23</ele>
      </trkpt>
      <trkpt lat="41.58958205021918" lon="2.3746776580810547">
        <ele>317.39</ele>
      </trkpt>
      <trkpt lat="41.589410388842225" lon="2.374827777966857">
        <ele>315.75</ele>
      </trkpt>
      <trkpt lat="41.58923864364624" lon="2.3749780654907227">
        <ele>314.26</ele>
      </trkpt>
      <trkpt lat="41.589131355285645" lon="2.374999523162842">
        <ele>312.95</ele>
      </trkpt>
      <trkpt lat="41.58902406692505" lon="2.3749351501464844">
        <ele>311.81</ele>
      </trkpt>
      <trkpt lat="41.58893823623657" lon="2.3748278617858887">
        <ele>310.88</ele>
      </trkpt>
      <trkpt lat="41.58884150907397" lon="2.3745484091341496">
        <ele>310.17</ele>
      </trkpt>
      <trkpt lat="41.5887451171875" lon="2.374269962310791">
        <ele>309.64</ele>
      </trkpt>
      <trkpt lat="41.58865928649902" lon="2.374098300933838">
        <ele>309.21</ele>
      </trkpt>
      <trkpt lat="41.58838058821857" lon="2.373982546851039">
        <ele>308.74</ele>
      </trkpt>
      <trkpt lat="41.58810197375715" lon="2.37386679276824">
        <ele>308.49</ele>
      </trkpt>
      <trkpt lat="41.587823359295726" lon="2.373751038685441">
        <ele>308.33</ele>
      </trkpt>
      <trkpt lat="41.58754466101527" lon="2.373635284602642">
        <ele>308.28</ele>
      </trkpt>
      <trkpt lat="41.58726453781128" lon="2.373518943786621">
        <ele>308.4</ele>
      </trkpt>
      <trkpt lat="41.58726462163031" lon="2.373518943786621">
        <ele>308.59</ele>
      </trkpt>
      <trkpt lat="41.587135791778564" lon="2.3734331130981445">
        <ele>308.89</ele>
      </trkpt>
      <trkpt lat="41.58699614927173" lon="2.3731860984116793">
        <ele>309.31</ele>
      </trkpt>
      <trkpt lat="41.58685692586005" lon="2.3729395866394043">
        <ele>309.79</ele>
      </trkpt>
      <trkpt lat="41.58671191893518" lon="2.372676394879818">
        <ele>310.24</ele>
      </trkpt>
      <trkpt lat="41.58656691201031" lon="2.3724132869392633">
        <ele>310.67</ele>
      </trkpt>
      <trkpt lat="41.586421905085444" lon="2.3721501789987087">
        <ele>311.21</ele>
      </trkpt>
      <trkpt lat="41.5862774848938" lon="2.3718881607055664">
        <ele>311.8</ele>
      </trkpt>
      <trkpt lat="41.58627756871283" lon="2.3718881607055664">
        <ele>312.29</ele>
      </trkpt>
      <trkpt lat="41.5861701965332" lon="2.371695041656494">
        <ele>312.77</ele>
      </trkpt>
      <trkpt lat="41.58608444966376" lon="2.3714160919189453">
        <ele>313.18</ele>
      </trkpt>
      <trkpt lat="41.58601990900934" lon="2.371222637593746">
        <ele>313.59</ele>
      </trkpt>
      <trkpt lat="41.58595570363104" lon="2.371029853820801">
        <ele>313.94</ele>
      </trkpt>
      <trkpt lat="41.58585445024073" lon="2.3707195557653904">
        <ele>314.36</ele>
      </trkpt>
      <trkpt lat="41.585753448307514" lon="2.3704102635383606">
        <ele>314.72</ele>
      </trkpt>
      <trkpt lat="41.585753532126546" lon="2.3704103473573923">
        <ele>314.89</ele>
      </trkpt>
      <trkpt lat="41.58575369976461" lon="2.370410682633519">
        <ele>314.98</ele>
      </trkpt>
      <trkpt lat="41.58575369976461" lon="2.3704105988144875">
        <ele>315.0</ele>
      </trkpt>
      <trkpt lat="41.58575361594558" lon="2.3704103473573923">
        <ele>314.93</ele>
      </trkpt>
      <trkpt lat="41.585633754730225" lon="2.3700428009033203">
        <ele>314.92</ele>
      </trkpt>
      <trkpt lat="41.58536930568516" lon="2.3698783479630947">
        <ele>314.77</ele>
      </trkpt>
      <trkpt lat="41.5851048566401" lon="2.369713978841901">
        <ele>314.45</ele>
      </trkpt>
      <trkpt lat="41.584839820861816" lon="2.36954927444458">
        <ele>314.05</ele>
      </trkpt>
      <trkpt lat="41.58462516032159" lon="2.369313156232238">
        <ele>313.48</ele>
      </trkpt>
      <trkpt lat="41.5844105836004" lon="2.3690771218389273">
        <ele>312.83</ele>
      </trkpt>
      <trkpt lat="41.58419609069824" lon="2.3688411712646484">
        <ele>312.21</ele>
      </trkpt>
      <trkpt lat="41.58398134633899" lon="2.368547720834613">
        <ele>311.58</ele>
      </trkpt>
      <trkpt lat="41.583766685798764" lon="2.368254354223609">
        <ele>310.92</ele>
      </trkpt>
      <trkpt lat="41.58355236053467" lon="2.3679614067077637">
        <ele>310.19</ele>
      </trkpt>
      <trkpt lat="41.58344507217407" lon="2.367682456970215">
        <ele>309.58</ele>
      </trkpt>
      <trkpt lat="41.58338053151965" lon="2.367343744263053">
        <ele>309.0</ele>
      </trkpt>
      <trkpt lat="41.58331599086523" lon="2.3670051153749228">
        <ele>308.5</ele>
      </trkpt>
      <trkpt lat="41.58325153402984" lon="2.366666402667761">
        <ele>308.13</ele>
      </trkpt>
      <trkpt lat="41.58318758010864" lon="2.366330623626709">
        <ele>307.88</ele>
      </trkpt>
      <trkpt lat="41.5831018332392" lon="2.3661160469055176">
        <ele>307.65</ele>
      </trkpt>
      <trkpt lat="41.582851549610496" lon="2.3658943455666304">
        <ele>307.45</ele>
      </trkpt>
      <trkpt lat="41.58260126598179" lon="2.365672644227743">
        <ele>307.39</ele>
      </trkpt>
      <trkpt lat="41.58235081471503" lon="2.365450859069824">
        <ele>307.42</ele>
      </trkpt>
      <trkpt lat="41.58222206868231" lon="2.365236282348633">
        <ele>307.62</ele>
      </trkpt>
      <trkpt lat="41.582157611846924" lon="2.3648500442504883">
        <ele>307.97</ele>
      </trkpt>
      <trkpt lat="41.58207178115845" lon="2.364785671234131">
        <ele>308.42</ele>
      </trkpt>
      <trkpt lat="41.581900119781494" lon="2.3646140098571777">
        <ele>309.08</ele>
      </trkpt>
      <trkpt lat="41.58172845840454" lon="2.3648929595947266">
        <ele>309.79</ele>
      </trkpt>
      <trkpt lat="41.581664085388184" lon="2.364957332611084">
        <ele>310.48</ele>
      </trkpt>
      <trkpt lat="41.581449592486024" lon="2.364828586578369">
        <ele>311.36</ele>
      </trkpt>
      <trkpt lat="41.5812349319458" lon="2.3647642135620117">
        <ele>312.23</ele>
      </trkpt>
      <trkpt lat="41.581030916422606" lon="2.36447436735034">
        <ele>313.3</ele>
      </trkpt>
      <trkpt lat="41.58082723617554" lon="2.364184856414795">
        <ele>314.31</ele>
      </trkpt>
      <trkpt lat="41.5806770324707" lon="2.364013195037842">
        <ele>315.28</ele>
      </trkpt>
      <trkpt lat="41.58054828643799" lon="2.3639702796936035">
        <ele>316.18</ele>
      </trkpt>
      <trkpt lat="41.580398082733154" lon="2.3638415336608887">
        <ele>317.25</ele>
      </trkpt>
      <trkpt lat="41.58024787902832" lon="2.363712787628174">
        <ele>318.31</ele>
      </trkpt>
      <trkpt lat="41.58009775914252" lon="2.3636484146118164">
        <ele>319.36</ele>
      </trkpt>
      <trkpt lat="41.57994747161865" lon="2.363584041595459">
        <ele>320.33</ele>
      </trkpt>
      <trkpt lat="41.579883098602295" lon="2.36356258392334">
        <ele>321.18</ele>
      </trkpt>
      <trkpt lat="41.579711604863405" lon="2.3636054154485464">
        <ele>321.95</ele>
      </trkpt>
      <trkpt lat="41.57953977584839" lon="2.3636484146118164">
        <ele>322.57</ele>
      </trkpt>
      <trkpt lat="41.57947540283203" lon="2.3636269569396973">
        <ele>323.26</ele>
      </trkpt>
      <trkpt lat="41.579389572143555" lon="2.3634982109069824">
        <ele>323.89</ele>
      </trkpt>
      <trkpt lat="41.57919645309448" lon="2.3635411262512207">
        <ele>324.25</ele>
      </trkpt>
      <trkpt lat="41.57908916473389" lon="2.3634767532348633">
        <ele>324.79</ele>
      </trkpt>
      <trkpt lat="41.57893870957196" lon="2.3631759267300367">
        <ele>325.33</ele>
      </trkpt>
      <trkpt lat="41.57878875732422" lon="2.3628759384155273">
        <ele>325.91</ele>
      </trkpt>
      <trkpt lat="41.57874584197998" lon="2.362682819366455">
        <ele>326.52</ele>
      </trkpt>
      <trkpt lat="41.57874584197998" lon="2.3625540733337402">
        <ele>327.13</ele>
      </trkpt>
      <trkpt lat="41.578638553619385" lon="2.3622751235961914">
        <ele>327.72</ele>
      </trkpt>
      <trkpt lat="41.57857418060303" lon="2.3621463775634766">
        <ele>328.28</ele>
      </trkpt>
      <trkpt lat="41.5785098914057" lon="2.361888885498047">
        <ele>328.86</ele>
      </trkpt>
      <trkpt lat="41.57835968770087" lon="2.3616743087768555">
        <ele>329.49</ele>
      </trkpt>
      <trkpt lat="41.57821568660438" lon="2.361556962132454">
        <ele>330.04</ele>
      </trkpt>
      <trkpt lat="41.57821526750922" lon="2.361556626856327">
        <ele>330.39</ele>
      </trkpt>
      <trkpt lat="41.57821501605213" lon="2.3615564592182636">
        <ele>330.68</ele>
      </trkpt>
      <trkpt lat="41.57821451313794" lon="2.361556040123105">
        <ele>330.93</ele>
      </trkpt>
      <trkpt lat="41.57821384258568" lon="2.3615555372089148">
        <ele>331.12</ele>
      </trkpt>
      <trkpt lat="41.578213423490524" lon="2.361555201932788">
        <ele>331.25</ele>
      </trkpt>
      <trkpt lat="41.5779969189316" lon="2.361378762871027">
        <ele>331.51</ele>
      </trkpt>
      <trkpt lat="41.57778033055365" lon="2.3612022399902344">
        <ele>331.63</ele>
      </trkpt>
      <trkpt lat="41.57753390260041" lon="2.3611700534820557">
        <ele>331.57</ele>
      </trkpt>
      <trkpt lat="41.57728680409491" lon="2.361137866973877">
        <ele>331.26</ele>
      </trkpt>
      <trkpt lat="41.577104330062866" lon="2.360944664105773">
        <ele>331.06</ele>
      </trkpt>
      <trkpt lat="41.57692193984985" lon="2.3607516288757324">
        <ele>330.85</ele>
      </trkpt>
      <trkpt lat="41.576685989275575" lon="2.36055850982666">
        <ele>330.63</ele>
      </trkpt>
      <trkpt lat="41.57644987106323" lon="2.360365390777588">
        <ele>330.35</ele>
      </trkpt>
      <trkpt lat="41.576288770884275" lon="2.360113011673093">
        <ele>330.1</ele>
      </trkpt>
      <trkpt lat="41.57612775452435" lon="2.3598607163876295">
        <ele>329.77</ele>
      </trkpt>
      <trkpt lat="41.57596665434539" lon="2.359608421102166">
        <ele>329.42</ele>
      </trkpt>
      <trkpt lat="41.57580614089966" lon="2.3593568801879883">
        <ele>329.07</ele>
      </trkpt>
      <trkpt lat="41.57560572959483" lon="2.3590634297579527">
        <ele>328.78</ele>
      </trkpt>
      <trkpt lat="41.575405318289995" lon="2.358769979327917">
        <ele>328.38</ele>
      </trkpt>
      <trkpt lat="41.57520532608032" lon="2.3584771156311035">
        <ele>328.09</ele>
      </trkpt>
      <trkpt lat="41.57531261444092" lon="2.3583483695983887">
        <ele>327.98</ele>
      </trkpt>
      <trkpt lat="41.57533407211304" lon="2.358133289963007">
        <ele>327.92</ele>
      </trkpt>
      <trkpt lat="41.575355529785156" lon="2.357919216156006">
        <ele>327.89</ele>
      </trkpt>
      <trkpt lat="41.575290989130735" lon="2.357704220339656">
        <ele>327.92</ele>
      </trkpt>
      <trkpt lat="41.57522678375244" lon="2.357490062713623">
        <ele>327.98</ele>
      </trkpt>
      <trkpt lat="41.57520532608032" lon="2.3572325706481934">
        <ele>327.99</ele>
      </trkpt>
      <trkpt lat="41.57518864609301" lon="2.3571748193353415">
        <ele>328.04</ele>
      </trkpt>
      <trkpt lat="41.57518847845495" lon="2.3571741487830877">
        <ele>328.12</ele>
      </trkpt>
      <trkpt lat="41.57518847845495" lon="2.3571739811450243">
        <ele>328.23</ele>
      </trkpt>
      <trkpt lat="41.575188310816884" lon="2.357173226773739">
        <ele>328.37</ele>
      </trkpt>
      <trkpt lat="41.57518814317882" lon="2.3571724724024534">
        <ele>328.54</ele>
      </trkpt>
      <trkpt lat="41.57518797554076" lon="2.3571718856692314">
        <ele>328.73</ele>
      </trkpt>
      <trkpt lat="41.57518797554076" lon="2.3571718018501997">
        <ele>328.94</ele>
      </trkpt>
      <trkpt lat="41.575119495391846" lon="2.3569321632385254">
        <ele>329.22</ele>
      </trkpt>
      <trkpt lat="41.57495839521289" lon="2.35664214938879">
        <ele>329.46</ele>
      </trkpt>
      <trkpt lat="41.57479763031006" lon="2.3563528060913086">
        <ele>329.86</ele>
      </trkpt>
      <trkpt lat="41.57475479878485" lon="2.356095314025879">
        <ele>330.13</ele>
      </trkpt>
      <trkpt lat="41.57475471496582" lon="2.356095314025879">
        <ele>330.4</ele>
      </trkpt>
      <trkpt lat="41.57471179962158" lon="2.355966567993164">
        <ele>330.67</ele>
      </trkpt>
      <trkpt lat="41.57456159591675" lon="2.3558270931243896">
        <ele>331.06</ele>
      </trkpt>
      <trkpt lat="41.574411392211914" lon="2.3556876182556152">
        <ele>331.38</ele>
      </trkpt>
      <trkpt lat="41.57415943220258" lon="2.3555267695337534">
        <ele>331.64</ele>
      </trkpt>
      <trkpt lat="41.57390747219324" lon="2.3553659208118916">
        <ele>331.89</ele>
      </trkpt>
      <trkpt lat="41.573655512183905" lon="2.3552051559090614">
        <ele>332.18</ele>
      </trkpt>
      <trkpt lat="41.573402881622314" lon="2.355043888092041">
        <ele>332.51</ele>
      </trkpt>
      <trkpt lat="41.573316883295774" lon="2.354861246421933">
        <ele>332.72</ele>
      </trkpt>
      <trkpt lat="41.57323122024536" lon="2.3546791076660156">
        <ele>332.87</ele>
      </trkpt>
      <trkpt lat="41.57314547337592" lon="2.354614734649658">
        <ele>333.07</ele>
      </trkpt>
      <trkpt lat="41.573145389556885" lon="2.354614734649658">
        <ele>333.28</ele>
      </trkpt>
      <trkpt lat="41.57295252196491" lon="2.354614734649658">
        <ele>333.57</ele>
      </trkpt>
      <trkpt lat="41.57275915145874" lon="2.354614734649658">
        <ele>333.87</ele>
      </trkpt>
      <trkpt lat="41.57252311706543" lon="2.3546576499938965">
        <ele>334.11</ele>
      </trkpt>
      <trkpt lat="41.57243728637695" lon="2.3547863960266113">
        <ele>334.29</ele>
      </trkpt>
      <trkpt lat="41.57230862416327" lon="2.3548078536987305">
        <ele>334.51</ele>
      </trkpt>
      <trkpt lat="41.57222270965576" lon="2.354743480682373">
        <ele>334.87</ele>
      </trkpt>
      <trkpt lat="41.57205121591687" lon="2.354722023010254">
        <ele>335.15</ele>
      </trkpt>
      <trkpt lat="41.571879386901855" lon="2.3547005653381348">
        <ele>335.47</ele>
      </trkpt>
      <trkpt lat="41.57179355621338" lon="2.35457181930542">
        <ele>336.06</ele>
      </trkpt>
      <trkpt lat="41.57172901555896" lon="2.3543675523251295">
        <ele>336.84</ele>
      </trkpt>
      <trkpt lat="41.571664810180664" lon="2.3541641235351562">
        <ele>337.82</ele>
      </trkpt>
      <trkpt lat="41.57152877189219" lon="2.353942170739174">
        <ele>338.8</ele>
      </trkpt>
      <trkpt lat="41.571392733603716" lon="2.3537203017622232">
        <ele>339.88</ele>
      </trkpt>
      <trkpt lat="41.5712571144104" lon="2.353498935699463">
        <ele>341.05</ele>
      </trkpt>
      <trkpt lat="41.571171283721924" lon="2.3533272743225098">
        <ele>342.33</ele>
      </trkpt>
      <trkpt lat="41.5711587946862" lon="2.35328184440732">
        <ele>343.55</ele>
      </trkpt>
      <trkpt lat="41.571158627048135" lon="2.3532811738550663">
        <ele>344.81</ele>
      </trkpt>
      <trkpt lat="41.5711585432291" lon="2.3532808385789394">
        <ele>346.14</ele>
      </trkpt>
      <trkpt lat="41.57115837559104" lon="2.3532800003886223">
        <ele>347.55</ele>
      </trkpt>
      <trkpt lat="41.571158124133945" lon="2.3532790783792734">
        <ele>349.05</ele>
      </trkpt>
      <trkpt lat="41.57115795649588" lon="2.3532784916460514">
        <ele>350.62</ele>
      </trkpt>
      <trkpt lat="41.571106910705566" lon="2.353091239929199">
        <ele>352.46</ele>
      </trkpt>
      <trkpt lat="41.57102108001709" lon="2.3529839515686035">
        <ele>354.22</ele>
      </trkpt>
      <trkpt lat="41.570756547152996" lon="2.352790916338563">
        <ele>355.96</ele>
      </trkpt>
      <trkpt lat="41.570492098107934" lon="2.3525978811085224">
        <ele>357.95</ele>
      </trkpt>
      <trkpt lat="41.57022714614868" lon="2.3524045944213867">
        <ele>360.09</ele>
      </trkpt>
      <trkpt lat="41.57003402709961" lon="2.352125644683838">
        <ele>362.31</ele>
      </trkpt>
      <trkpt lat="41.5698944684118" lon="2.351975357159972">
        <ele>364.37</ele>
      </trkpt>
      <trkpt lat="41.56975507736206" lon="2.35182523727417">
        <ele>366.49</ele>
      </trkpt>
      <trkpt lat="41.5696907043457" lon="2.351717948913574">
        <ele>368.64</ele>
      </trkpt>
      <trkpt lat="41.56977653503418" lon="2.351696491241455">
        <ele>370.91</ele>
      </trkpt>
      <trkpt lat="41.56994819641113" lon="2.35182523727417">
        <ele>373.02</ele>
      </trkpt>
      <trkpt lat="41.570191103965044" lon="2.351932357996702">
        <ele>375.23</ele>
      </trkpt>
      <trkpt lat="41.570434011518955" lon="2.352039562538266">
        <ele>377.44</ele>
      </trkpt>
      <trkpt lat="41.570677757263184" lon="2.352147102355957">
        <ele>379.62</ele>
      </trkpt>
      <trkpt lat="41.57084941864014" lon="2.351975440979004">
        <ele>382.07</ele>
      </trkpt>
      <trkpt lat="41.57097816467285" lon="2.3519539833068848">
        <ele>384.1</ele>
      </trkpt>
      <trkpt lat="41.57102108001709" lon="2.3517823219299316">
        <ele>386.24</ele>
      </trkpt>
      <trkpt lat="41.57101035118103" lon="2.35156724229455">
        <ele>388.32</ele>
      </trkpt>
      <trkpt lat="41.570999706164" lon="2.351353168487549">
        <ele>390.26</ele>
      </trkpt>
      <trkpt lat="41.571013955399394" lon="2.3510090075433254">
        <ele>392.21</ele>
      </trkpt>
      <trkpt lat="41.57102828845382" lon="2.3506649304181337">
        <ele>393.96</ele>
      </trkpt>
      <trkpt lat="41.57104253768921" lon="2.35032320022583">
        <ele>395.26</ele>
      </trkpt>
      <trkpt lat="41.57108545303345" lon="2.3499584197998047">
        <ele>396.39</ele>
      </trkpt>
      <trkpt lat="41.57096131704748" lon="2.349586011841893">
        <ele>397.72</ele>
      </trkpt>
      <trkpt lat="41.57083785161376" lon="2.3492163699120283">
        <ele>398.94</ele>
      </trkpt>
      <trkpt lat="41.5708376839757" lon="2.3492156993597746">
        <ele>400.01</ele>
      </trkpt>
      <trkpt lat="41.57083776779473" lon="2.349215866997838">
        <ele>401.0</ele>
      </trkpt>
      <trkpt lat="41.5708376839757" lon="2.349215531721711">
        <ele>401.9</ele>
      </trkpt>
      <trkpt lat="41.570837600156665" lon="2.3492151126265526">
        <ele>402.74</ele>
      </trkpt>
      <trkpt lat="41.570837600156665" lon="2.349214944988489">
        <ele>403.51</ele>
      </trkpt>
      <trkpt lat="41.57078504562378" lon="2.349057197570801">
        <ele>404.23</ele>
      </trkpt>
      <trkpt lat="41.57061313278973" lon="2.348713455721736">
        <ele>404.96</ele>
      </trkpt>
      <trkpt lat="41.57044172286987" lon="2.3483705520629883">
        <ele>405.65</ele>
      </trkpt>
      <trkpt lat="41.57027701847255" lon="2.3481056839227676">
        <ele>406.31</ele>
      </trkpt>
      <trkpt lat="41.57011239789426" lon="2.347840815782547">
        <ele>406.89</ele>
      </trkpt>
      <trkpt lat="41.56994819641113" lon="2.34757661819458">
        <ele>407.48</ele>
      </trkpt>
      <trkpt lat="41.56984090805054" lon="2.3473405838012695">
        <ele>408.0</ele>
      </trkpt>
      <trkpt lat="41.56981945037842" lon="2.3471903800964355">
        <ele>408.41</ele>
      </trkpt>
      <trkpt lat="41.56986244954169" lon="2.346932888031006">
        <ele>408.74</ele>
      </trkpt>
      <trkpt lat="41.569862365722656" lon="2.346932888031006">
        <ele>409.15</ele>
      </trkpt>
      <trkpt lat="41.56984090805054" lon="2.3468470573425293">
        <ele>409.56</ele>
      </trkpt>
      <trkpt lat="41.56975507736206" lon="2.3467612266540527">
        <ele>410.02</ele>
      </trkpt>
      <trkpt lat="41.569626331329346" lon="2.3467183113098145">
        <ele>410.41</ele>
      </trkpt>
      <trkpt lat="41.56949758529663" lon="2.3467612266540527">
        <ele>410.81</ele>
      </trkpt>
      <trkpt lat="41.56949766911566" lon="2.3467612266540527">
        <ele>411.18</ele>
      </trkpt>
      <trkpt lat="41.569411754608154" lon="2.346782684326172">
        <ele>411.5</ele>
      </trkpt>
      <trkpt lat="41.56930446624756" lon="2.3468899726867676">
        <ele>411.77</ele>
      </trkpt>
      <trkpt lat="41.5692400932312" lon="2.3469972610473633">
        <ele>412.09</ele>
      </trkpt>
      <trkpt lat="41.569168427959085" lon="2.347283838316798">
        <ele>412.52</ele>
      </trkpt>
      <trkpt lat="41.56909676268697" lon="2.347570499405265">
        <ele>413.05</ele>
      </trkpt>
      <trkpt lat="41.56902551651001" lon="2.347855567932129">
        <ele>413.51</ele>
      </trkpt>
      <trkpt lat="41.56898260116577" lon="2.3479413986206055">
        <ele>413.82</ele>
      </trkpt>
      <trkpt lat="41.56874656677246" lon="2.3481130599975586">
        <ele>414.08</ele>
      </trkpt>
      <trkpt lat="41.56859636306763" lon="2.348177433013916">
        <ele>414.28</ele>
      </trkpt>
      <trkpt lat="41.568424701690674" lon="2.348155975341797">
        <ele>414.49</ele>
      </trkpt>
      <trkpt lat="41.5683388710022" lon="2.3479413986206055">
        <ele>414.63</ele>
      </trkpt>
      <trkpt lat="41.568145751953125" lon="2.3476409912109375">
        <ele>414.83</ele>
      </trkpt>
      <trkpt lat="41.56795984134078" lon="2.3474622052162886">
        <ele>414.94</ele>
      </trkpt>
      <trkpt lat="41.567773930728436" lon="2.3472834192216396">
        <ele>414.82</ele>
      </trkpt>
      <trkpt lat="41.56758793629706" lon="2.347104549407959">
        <ele>414.58</ele>
      </trkpt>
      <trkpt lat="41.56734117306769" lon="2.3468685150146484">
        <ele>414.32</ele>
      </trkpt>
      <trkpt lat="41.56709432601929" lon="2.346632480621338">
        <ele>414.01</ele>
      </trkpt>
      <trkpt lat="41.56698703765869" lon="2.3465895652770996">
        <ele>413.66</ele>
      </trkpt>
      <trkpt lat="41.5667724609375" lon="2.3465895652770996">
        <ele>413.02</ele>
      </trkpt>
      <trkpt lat="41.566584622487426" lon="2.3462521098554134">
        <ele>412.35</ele>
      </trkpt>
      <trkpt lat="41.56639678403735" lon="2.345914738252759">
        <ele>411.72</ele>
      </trkpt>
      <trkpt lat="41.56620894558728" lon="2.3455773666501045">
        <ele>411.11</ele>
      </trkpt>
      <trkpt lat="41.5660211071372" lon="2.34523999504745">
        <ele>410.32</ele>
      </trkpt>
      <trkpt lat="41.56583569943905" lon="2.344906982034445">
        <ele>409.51</ele>
      </trkpt>
      <trkpt lat="41.56583519652486" lon="2.344906060025096">
        <ele>408.73</ele>
      </trkpt>
      <trkpt lat="41.56583511270583" lon="2.3449059762060642">
        <ele>407.92</ele>
      </trkpt>
      <trkpt lat="41.5658347774297" lon="2.344905389472842">
        <ele>407.07</ele>
      </trkpt>
      <trkpt lat="41.56583444215357" lon="2.3449047189205885">
        <ele>406.21</ele>
      </trkpt>
      <trkpt lat="41.56583427451551" lon="2.34490429982543">
        <ele>405.32</ele>
      </trkpt>
      <trkpt lat="41.56572388485074" lon="2.3447059839963913">
        <ele>404.46</ele>
      </trkpt>
      <trkpt lat="41.565613746643066" lon="2.344508171081543">
        <ele>403.59</ele>
      </trkpt>
      <trkpt lat="41.565377712249756" lon="2.3442721366882324">
        <ele>402.54</ele>
      </trkpt>
      <trkpt lat="41.565141677856445" lon="2.344036102294922">
        <ele>401.47</ele>
      </trkpt>
      <trkpt lat="41.56503438949585" lon="2.3438429832458496">
        <ele>400.61</ele>
      </trkpt>
      <trkpt lat="41.564905643463135" lon="2.3435211181640625">
        <ele>399.79</ele>
      </trkpt>
      <trkpt lat="41.56473398208618" lon="2.3433709144592285">
        <ele>398.81</ele>
      </trkpt>
      <trkpt lat="41.56458377838135" lon="2.3430705070495605">
        <ele>397.76</ele>
      </trkpt>
      <trkpt lat="41.56451940536499" lon="2.343006134033203">
        <ele>397.0</ele>
      </trkpt>
      <trkpt lat="41.564412117004395" lon="2.3430275917053223">
        <ele>396.38</ele>
      </trkpt>
      <trkpt lat="41.564390659332275" lon="2.3430919647216797">
        <ele>395.91</ele>
      </trkpt>
      <trkpt lat="41.56436928547919" lon="2.343285083770752">
        <ele>395.61</ele>
      </trkpt>
      <trkpt lat="41.56432628631592" lon="2.3433709144592285">
        <ele>395.29</ele>
      </trkpt>
      <trkpt lat="41.56426191329956" lon="2.343413829803467">
        <ele>394.99</ele>
      </trkpt>
      <trkpt lat="41.563961589708924" lon="2.343413829803467">
        <ele>394.67</ele>
      </trkpt>
      <trkpt lat="41.563897132873535" lon="2.343413829803467">
        <ele>394.53</ele>
      </trkpt>
      <trkpt lat="41.563682556152344" lon="2.3433709144592285">
        <ele>394.4</ele>
      </trkpt>
      <trkpt lat="41.56346831470728" lon="2.343392288312316">
        <ele>394.4</ele>
      </trkpt>
      <trkpt lat="41.56325348652899" lon="2.343413829803467">
        <ele>394.52</ele>
      </trkpt>
      <trkpt lat="41.56300705857575" lon="2.343408465385437">
        <ele>394.7</ele>
      </trkpt>
      <trkpt lat="41.562760630622506" lon="2.3434031009674072">
        <ele>394.91</ele>
      </trkpt>
      <trkpt lat="41.56251420266926" lon="2.3433977365493774">
        <ele>395.21</ele>
      </trkpt>
      <trkpt lat="41.56226643361151" lon="2.3433923721313477">
        <ele>395.71</ele>
      </trkpt>
      <trkpt lat="41.56211614608765" lon="2.3433923721313477">
        <ele>396.12</ele>
      </trkpt>
      <trkpt lat="41.5620303992182" lon="2.343456745147705">
        <ele>396.39</ele>
      </trkpt>
      <trkpt lat="41.56190165318549" lon="2.3435425758361816">
        <ele>396.64</ele>
      </trkpt>
      <trkpt lat="41.561687076464295" lon="2.343714153394103">
        <ele>396.79</ele>
      </trkpt>
      <trkpt lat="41.56147241592407" lon="2.343885898590088">
        <ele>396.95</ele>
      </trkpt>
      <trkpt lat="41.56136512756348" lon="2.3439502716064453">
        <ele>397.11</ele>
      </trkpt>
      <trkpt lat="41.56123638153076" lon="2.3439931869506836">
        <ele>397.23</ele>
      </trkpt>
      <trkpt lat="41.561022056266665" lon="2.343982458114624">
        <ele>397.25</ele>
      </trkpt>
      <trkpt lat="41.56080722808838" lon="2.3439717292785645">
        <ele>397.18</ele>
      </trkpt>
      <trkpt lat="41.560657024383545" lon="2.343928813934326">
        <ele>397.12</ele>
      </trkpt>
      <trkpt lat="41.56052391976118" lon="2.3438415583223104">
        <ele>397.09</ele>
      </trkpt>
      <trkpt lat="41.560523165389895" lon="2.34384105540812">
        <ele>397.08</ele>
      </trkpt>
      <trkpt lat="41.560522662475705" lon="2.3438407201319933">
        <ele>397.04</ele>
      </trkpt>
      <trkpt lat="41.56052182428539" lon="2.343840217217803">
        <ele>396.99</ele>
      </trkpt>
      <trkpt lat="41.56052081845701" lon="2.343839630484581">
        <ele>396.92</ele>
      </trkpt>
      <trkpt lat="41.56052006408572" lon="2.3438392113894224">
        <ele>396.83</ele>
      </trkpt>
      <trkpt lat="41.56052006408572" lon="2.343839295208454">
        <ele>396.73</ele>
      </trkpt>
      <trkpt lat="41.560309678316116" lon="2.343701748177409">
        <ele>396.51</ele>
      </trkpt>
      <trkpt lat="41.56009912490845" lon="2.343564033508301">
        <ele>396.36</ele>
      </trkpt>
      <trkpt lat="41.55988479964435" lon="2.3435746785253286">
        <ele>396.1</ele>
      </trkpt>
      <trkpt lat="41.559669971466064" lon="2.34358549118042">
        <ele>395.87</ele>
      </trkpt>
      <trkpt lat="41.55949831008911" lon="2.343564033508301">
        <ele>395.65</ele>
      </trkpt>
      <trkpt lat="41.559412479400635" lon="2.3433923721313477">
        <ele>395.7</ele>
      </trkpt>
      <trkpt lat="41.55936939641833" lon="2.343134293332696">
        <ele>395.79</ele>
      </trkpt>
      <trkpt lat="41.55932664871216" lon="2.3428773880004883">
        <ele>395.76</ele>
      </trkpt>
      <trkpt lat="41.5592622756958" lon="2.3427915573120117">
        <ele>395.64</ele>
      </trkpt>
      <trkpt lat="41.55898332595825" lon="2.3427700996398926">
        <ele>395.5</ele>
      </trkpt>
      <trkpt lat="41.55873681418598" lon="2.3428557626903057">
        <ele>395.26</ele>
      </trkpt>
      <trkpt lat="41.55848979949951" lon="2.3429417610168457">
        <ele>394.96</ele>
      </trkpt>
      <trkpt lat="41.558382511138916" lon="2.3429417610168457">
        <ele>394.66</ele>
      </trkpt>
      <trkpt lat="41.55838259495795" lon="2.3429417610168457">
        <ele>394.35</ele>
      </trkpt>
      <trkpt lat="41.558175310492516" lon="2.3428345564752817">
        <ele>394.04</ele>
      </trkpt>
      <trkpt lat="41.55796802602708" lon="2.3427273519337177">
        <ele>393.61</ele>
      </trkpt>
      <trkpt lat="41.55776023864746" lon="2.3426198959350586">
        <ele>393.06</ele>
      </trkpt>
      <trkpt lat="41.55748162418604" lon="2.3425448779016733">
        <ele>392.53</ele>
      </trkpt>
      <trkpt lat="41.55720233917236" lon="2.3424696922302246">
        <ele>392.18</ele>
      </trkpt>
      <trkpt lat="41.557202422991395" lon="2.3424696922302246">
        <ele>391.8</ele>
      </trkpt>
      <trkpt lat="41.556934453547" lon="2.3423946741968393">
        <ele>391.36</ele>
      </trkpt>
      <trkpt lat="41.556665897369385" lon="2.3423194885253906">
        <ele>390.97</ele>
      </trkpt>
      <trkpt lat="41.55645157210529" lon="2.342319404706359">
        <ele>390.57</ele>
      </trkpt>
      <trkpt lat="41.556237330660224" lon="2.342319404706359">
        <ele>390.15</ele>
      </trkpt>
      <trkpt lat="41.55602216720581" lon="2.3423194885253906">
        <ele>389.66</ele>
      </trkpt>
      <trkpt lat="41.55572175979614" lon="2.342383861541748">
        <ele>389.25</ele>
      </trkpt>
      <trkpt lat="41.55546451918781" lon="2.3424552753567696">
        <ele>389.03</ele>
      </trkpt>
      <trkpt lat="41.555207362398505" lon="2.342526689171791">
        <ele>388.91</ele>
      </trkpt>
      <trkpt lat="41.55494928359985" lon="2.3425984382629395">
        <ele>388.84</ele>
      </trkpt>
      <trkpt lat="41.55484199523926" lon="2.342684268951416">
        <ele>388.73</ele>
      </trkpt>
      <trkpt lat="41.55473470687866" lon="2.342813014984131">
        <ele>388.65</ele>
      </trkpt>
      <trkpt lat="41.554691791534424" lon="2.343006134033203">
        <ele>388.48</ele>
      </trkpt>
      <trkpt lat="41.55468097887933" lon="2.343242671340704">
        <ele>388.24</ele>
      </trkpt>
      <trkpt lat="41.554670333862305" lon="2.343478202819824">
        <ele>387.9</ele>
      </trkpt>
      <trkpt lat="41.55460596084595" lon="2.3436713218688965">
        <ele>387.75</ele>
      </trkpt>
      <trkpt lat="41.554434299468994" lon="2.343778610229492">
        <ele>387.76</ele>
      </trkpt>
      <trkpt lat="41.554434383288026" lon="2.343778610229492">
        <ele>387.59</ele>
      </trkpt>
      <trkpt lat="41.554155349731445" lon="2.3438000679016113">
        <ele>387.5</ele>
      </trkpt>
      <trkpt lat="41.55415543355048" lon="2.3438000679016113">
        <ele>387.33</ele>
      </trkpt>
      <trkpt lat="41.553983772173524" lon="2.3436498641967773">
        <ele>386.96</ele>
      </trkpt>
      <trkpt lat="41.55381202697754" lon="2.3434996604919434">
        <ele>386.57</ele>
      </trkpt>
      <trkpt lat="41.55361890792847" lon="2.343306541442871">
        <ele>386.21</ele>
      </trkpt>
      <trkpt lat="41.553425788879395" lon="2.343113422393799">
        <ele>385.95</ele>
      </trkpt>
      <trkpt lat="41.55326468870044" lon="2.3428664077073336">
        <ele>385.9</ele>
      </trkpt>
      <trkpt lat="41.55310392379761" lon="2.3426198959350586">
        <ele>385.94</ele>
      </trkpt>
      <trkpt lat="41.552910804748535" lon="2.342555522918701">
        <ele>385.81</ele>
      </trkpt>
      <trkpt lat="41.55277132987976" lon="2.3426841851323843">
        <ele>385.54</ele>
      </trkpt>
      <trkpt lat="41.552631855010986" lon="2.342813014984131">
        <ele>385.32</ele>
      </trkpt>
      <trkpt lat="41.55252456665039" lon="2.342855930328369">
        <ele>385.14</ele>
      </trkpt>
      <trkpt lat="41.552395820617676" lon="2.3428988456726074">
        <ele>384.99</ele>
      </trkpt>
      <trkpt lat="41.5522027015686" lon="2.3428773880004883">
        <ele>384.96</ele>
      </trkpt>
      <trkpt lat="41.55200958251953" lon="2.3427700996398926">
        <ele>384.82</ele>
      </trkpt>
      <trkpt lat="41.55177354812622" lon="2.342555522918701">
        <ele>384.63</ele>
      </trkpt>
      <trkpt lat="41.55158051289618" lon="2.3424160480499268">
        <ele>384.45</ele>
      </trkpt>
      <trkpt lat="41.551387310028076" lon="2.3422765731811523">
        <ele>384.33</ele>
      </trkpt>
      <trkpt lat="41.551194190979004" lon="2.342104911804199">
        <ele>384.23</ele>
      </trkpt>
      <trkpt lat="41.551008112728596" lon="2.3418831266462803">
        <ele>384.1</ele>
      </trkpt>
      <trkpt lat="41.55082211829722" lon="2.3416613414883614">
        <ele>383.94</ele>
      </trkpt>
      <trkpt lat="41.550636291503906" lon="2.341439723968506">
        <ele>383.92</ele>
      </trkpt>
      <trkpt lat="41.55048608779907" lon="2.3413538932800293">
        <ele>383.82</ele>
      </trkpt>
      <trkpt lat="41.550282491371036" lon="2.341364538297057">
        <ele>383.64</ele>
      </trkpt>
      <trkpt lat="41.55007839202881" lon="2.3413753509521484">
        <ele>383.4</ele>
      </trkpt>
      <trkpt lat="41.549949645996094" lon="2.3413538932800293">
        <ele>383.17</ele>
      </trkpt>
      <trkpt lat="41.54976733960211" lon="2.3412466887384653">
        <ele>382.94</ele>
      </trkpt>
      <trkpt lat="41.54958486557007" lon="2.341139316558838">
        <ele>382.72</ele>
      </trkpt>
      <trkpt lat="41.54937028884888" lon="2.3410964012145996">
        <ele>382.41</ele>
      </trkpt>
      <trkpt lat="41.549155712127686" lon="2.3410964012145996">
        <ele>382.06</ele>
      </trkpt>
      <trkpt lat="41.54890911653638" lon="2.341224979609251">
        <ele>381.71</ele>
      </trkpt>
      <trkpt lat="41.548662185668945" lon="2.3413538932800293">
        <ele>381.25</ele>
      </trkpt>
      <trkpt lat="41.548447608947754" lon="2.341310977935791">
        <ele>380.98</ele>
      </trkpt>
      <trkpt lat="41.54825457371771" lon="2.341182231903076">
        <ele>380.72</ele>
      </trkpt>
      <trkpt lat="41.548190200701356" lon="2.3412036895751953">
        <ele>380.37</ele>
      </trkpt>
      <trkpt lat="41.54808291234076" lon="2.3412680625915527">
        <ele>380.0</ele>
      </trkpt>
      <trkpt lat="41.54791829176247" lon="2.341482723131776">
        <ele>379.69</ele>
      </trkpt>
      <trkpt lat="41.54775367118418" lon="2.341697383671999">
        <ele>379.33</ele>
      </trkpt>
      <trkpt lat="41.54758930206299" lon="2.341911792755127">
        <ele>378.98</ele>
      </trkpt>
      <trkpt lat="41.54758938588202" lon="2.341911792755127">
        <ele>378.62</ele>
      </trkpt>
      <trkpt lat="41.5473676007241" lon="2.342162160202861">
        <ele>378.3</ele>
      </trkpt>
      <trkpt lat="41.54714581556618" lon="2.3424125276505947">
        <ele>377.95</ele>
      </trkpt>
      <trkpt lat="41.546924114227295" lon="2.342662811279297">
        <ele>377.67</ele>
      </trkpt>
      <trkpt lat="41.54685974121094" lon="2.3427915573120117">
        <ele>377.3</ele>
      </trkpt>
      <trkpt lat="41.54678086750209" lon="2.343071009963751">
        <ele>376.85</ele>
      </trkpt>
      <trkpt lat="41.54670207761228" lon="2.34335046261549">
        <ele>376.47</ele>
      </trkpt>
      <trkpt lat="41.54662370681763" lon="2.343628406524658">
        <ele>376.09</ele>
      </trkpt>
      <trkpt lat="41.54655933380127" lon="2.3436927795410156">
        <ele>375.82</ele>
      </trkpt>
      <trkpt lat="41.546452045440674" lon="2.343628406524658">
        <ele>375.68</ele>
      </trkpt>
      <trkpt lat="41.54631592333317" lon="2.3433705791831017">
        <ele>375.67</ele>
      </trkpt>
      <trkpt lat="41.546179885044694" lon="2.343112835660577">
        <ele>375.71</ele>
      </trkpt>
      <trkpt lat="41.54604434967041" lon="2.342855930328369">
        <ele>375.88</ele>
      </trkpt>
      <trkpt lat="41.545915603637695" lon="2.342684268951416">
        <ele>376.06</ele>
      </trkpt>
      <trkpt lat="41.54571192339063" lon="2.342598522081971">
        <ele>376.21</ele>
      </trkpt>
      <trkpt lat="41.54550790786743" lon="2.342512607574463">
        <ele>376.53</ele>
      </trkpt>
      <trkpt lat="41.545250415802" lon="2.342534065246582">
        <ele>376.85</ele>
      </trkpt>
      <trkpt lat="41.54501438140869" lon="2.3427271842956543">
        <ele>377.18</ele>
      </trkpt>
      <trkpt lat="41.54484272003174" lon="2.343006134033203">
        <ele>377.54</ele>
      </trkpt>
      <trkpt lat="41.54475697316229" lon="2.3430919647216797">
        <ele>378.01</ele>
      </trkpt>
      <trkpt lat="41.544456565752625" lon="2.343156337738037">
        <ele>378.65</ele>
      </trkpt>
      <trkpt lat="41.54430644586682" lon="2.343220626935363">
        <ele>379.2</ele>
      </trkpt>
      <trkpt lat="41.544156074523926" lon="2.343285083770752">
        <ele>379.85</ele>
      </trkpt>
      <trkpt lat="41.543984496966004" lon="2.343413829803467">
        <ele>380.59</ele>
      </trkpt>
      <trkpt lat="41.54387922026217" lon="2.3435814678668976">
        <ele>381.56</ele>
      </trkpt>
      <trkpt lat="41.54387720860541" lon="2.34358549118042">
        <ele>382.55</ele>
      </trkpt>
      <trkpt lat="41.54383429326117" lon="2.3437142372131348">
        <ele>383.67</ele>
      </trkpt>
      <trkpt lat="41.54385575093329" lon="2.3441013135015965">
        <ele>384.86</ele>
      </trkpt>
      <trkpt lat="41.54387712478638" lon="2.344486713409424">
        <ele>386.13</ele>
      </trkpt>
      <trkpt lat="41.54385566711426" lon="2.3447227478027344">
        <ele>387.61</ele>
      </trkpt>
      <trkpt lat="41.54374837875366" lon="2.3450446128845215">
        <ele>389.24</ele>
      </trkpt>
      <trkpt lat="41.54359817504883" lon="2.3452377319335938">
        <ele>391.04</ele>
      </trkpt>
      <trkpt lat="41.54334797523916" lon="2.3454092256724834">
        <ele>392.88</ele>
      </trkpt>
      <trkpt lat="41.54309777542949" lon="2.345580803230405">
        <ele>394.78</ele>
      </trkpt>
      <trkpt lat="41.54284715652466" lon="2.345752716064453">
        <ele>396.6</ele>
      </trkpt>
      <trkpt lat="41.54270759783685" lon="2.345945918932557">
        <ele>398.4</ele>
      </trkpt>
      <trkpt lat="41.54256820678711" lon="2.3461389541625977">
        <ele>400.3</ele>
      </trkpt>
      <trkpt lat="41.54241775162518" lon="2.3464826960116625">
        <ele>402.33</ele>
      </trkpt>
      <trkpt lat="41.54226779937744" lon="2.34682559967041">
        <ele>404.54</ele>
      </trkpt>
      <trkpt lat="41.54207468032837" lon="2.3470616340637207">
        <ele>406.76</ele>
      </trkpt>
      <trkpt lat="41.541945934295654" lon="2.3473405838012695">
        <ele>408.92</ele>
      </trkpt>
      <trkpt lat="41.541903018951416" lon="2.34757661819458">
        <ele>411.04</ele>
      </trkpt>
      <trkpt lat="41.541859935969114" lon="2.3478346131742">
        <ele>413.1</ele>
      </trkpt>
      <trkpt lat="41.54181718826294" lon="2.3480916023254395">
        <ele>415.12</ele>
      </trkpt>
      <trkpt lat="41.54175281524658" lon="2.348306179046631">
        <ele>417.15</ele>
      </trkpt>
      <trkpt lat="41.54160261154175" lon="2.348456382751465">
        <ele>419.14</ele>
      </trkpt>
      <trkpt lat="41.54149532318115" lon="2.348477840423584">
        <ele>421.11</ele>
      </trkpt>
      <trkpt lat="41.54158115386963" lon="2.348649501800537">
        <ele>422.9</ele>
      </trkpt>
      <trkpt lat="41.54162406921387" lon="2.348756790161133">
        <ele>424.49</ele>
      </trkpt>
      <trkpt lat="41.54160261154175" lon="2.3490357398986816">
        <ele>426.05</ele>
      </trkpt>
      <trkpt lat="41.54151678085327" lon="2.349250316619873">
        <ele>427.55</ele>
      </trkpt>
      <trkpt lat="41.54149532318115" lon="2.3495936393737793">
        <ele>428.72</ele>
      </trkpt>
      <trkpt lat="41.54155969619751" lon="2.3499155044555664">
        <ele>429.55</ele>
      </trkpt>
      <trkpt lat="41.54161342419684" lon="2.350119687616825">
        <ele>430.06</ele>
      </trkpt>
      <trkpt lat="41.541666984558105" lon="2.35032320022583">
        <ele>430.3</ele>
      </trkpt>
      <trkpt lat="41.54162406921387" lon="2.3505592346191406">
        <ele>430.47</ele>
      </trkpt>
      <trkpt lat="41.54144151136279" lon="2.350816810503602">
        <ele>430.51</ele>
      </trkpt>
      <trkpt lat="41.54125928878784" lon="2.35107421875">
        <ele>429.85</ele>
      </trkpt>
      <trkpt lat="41.54118401929736" lon="2.3513105884194374">
        <ele>428.89</ele>
      </trkpt>
      <trkpt lat="41.54110908508301" lon="2.351546287536621">
        <ele>427.76</ele>
      </trkpt>
      <trkpt lat="41.5410662535578" lon="2.351675033569336">
        <ele>426.4</ele>
      </trkpt>
      <trkpt lat="41.54104471206665" lon="2.351717948913574">
        <ele>424.77</ele>
      </trkpt>
      <trkpt lat="41.540841115638614" lon="2.351728593930602">
        <ele>422.7</ele>
      </trkpt>
      <trkpt lat="41.54063701629639" lon="2.3517394065856934">
        <ele>420.18</ele>
      </trkpt>
      <trkpt lat="41.54048681259155" lon="2.351717948913574">
        <ele>417.44</ele>
      </trkpt>
      <trkpt lat="41.540207862854004" lon="2.351524829864502">
        <ele>414.26</ele>
      </trkpt>
      <trkpt lat="41.5400577429682" lon="2.351353168487549">
        <ele>411.18</ele>
      </trkpt>
      <trkpt lat="41.53988599777222" lon="2.3511706944555044">
        <ele>408.15</ele>
      </trkpt>
      <trkpt lat="41.539714336395264" lon="2.3509883880615234">
        <ele>405.01</ele>
      </trkpt>
      <trkpt lat="41.53958567418158" lon="2.3509883880615234">
        <ele>401.58</ele>
      </trkpt>
      <trkpt lat="41.53958559036255" lon="2.3509883880615234">
        <ele>398.0</ele>
      </trkpt>
      <trkpt lat="41.53954267501831" lon="2.3510313034057617">
        <ele>394.2</ele>
      </trkpt>
      <trkpt lat="41.53940294869244" lon="2.3513750452548265">
        <ele>389.74</ele>
      </trkpt>
      <trkpt lat="41.53926372528076" lon="2.351717948913574">
        <ele>385.0</ele>
      </trkpt>
      <trkpt lat="41.53922080993652" lon="2.3517823219299316">
        <ele>380.9</ele>
      </trkpt>
      <trkpt lat="41.53894202783704" lon="2.3519538156688213">
        <ele>376.72</ele>
      </trkpt>
      <trkpt lat="41.538662910461426" lon="2.352125644683838">
        <ele>372.54</ele>
      </trkpt>
      <trkpt lat="41.53849124908447" lon="2.3522972222417593">
        <ele>368.34</ele>
      </trkpt>
      <trkpt lat="41.53831958770752" lon="2.352468967437744">
        <ele>364.19</ele>
      </trkpt>
      <trkpt lat="41.538212299346924" lon="2.352726459503174">
        <ele>359.85</ele>
      </trkpt>
      <trkpt lat="41.53815848752856" lon="2.3529521841555834">
        <ele>355.68</ele>
      </trkpt>
      <trkpt lat="41.53810501098633" lon="2.353177070617676">
        <ele>351.73</ele>
      </trkpt>
      <trkpt lat="41.53804063796997" lon="2.3532629013061523">
        <ele>348.06</ele>
      </trkpt>
      <trkpt lat="41.53782606124878" lon="2.3533058166503906">
        <ele>344.56</ele>
      </trkpt>
      <trkpt lat="41.53762246482074" lon="2.353273630142212">
        <ele>341.01</ele>
      </trkpt>
      <trkpt lat="41.537418365478516" lon="2.353241443634033">
        <ele>337.45</ele>
      </trkpt>
      <trkpt lat="41.537418365478516" lon="2.3533272743225098">
        <ele>334.09</ele>
      </trkpt>
      <trkpt lat="41.53754719533026" lon="2.353498935699463">
        <ele>330.87</ele>
      </trkpt>
      <trkpt lat="41.53754711151123" lon="2.353498935699463">
        <ele>327.73</ele>
      </trkpt>
      <trkpt lat="41.537718772888184" lon="2.353649139404297">
        <ele>324.53</ele>
      </trkpt>
      <trkpt lat="41.53786897659302" lon="2.3537135124206543">
        <ele>321.39</ele>
      </trkpt>
      <trkpt lat="41.537933349609375" lon="2.353692054748535">
        <ele>318.39</ele>
      </trkpt>
      <trkpt lat="41.53799772262573" lon="2.3537564277648926">
        <ele>315.25</ele>
      </trkpt>
      <trkpt lat="41.537751043215394" lon="2.3539493791759014">
        <ele>311.99</ele>
      </trkpt>
      <trkpt lat="41.53750419616699" lon="2.354142665863037">
        <ele>308.82</ele>
      </trkpt>
      <trkpt lat="41.5372896194458" lon="2.3543428257107735">
        <ele>305.43</ele>
      </trkpt>
      <trkpt lat="41.53707512654364" lon="2.3545430693775415">
        <ele>302.09</ele>
      </trkpt>
      <trkpt lat="41.53686046600342" lon="2.354743480682373">
        <ele>298.82</ele>
      </trkpt>
      <trkpt lat="41.5367422811687" lon="2.3549474962055683">
        <ele>295.65</ele>
      </trkpt>
      <trkpt lat="41.53662443161011" lon="2.3551511764526367">
        <ele>292.45</ele>
      </trkpt>
      <trkpt lat="41.53654916211963" lon="2.355344546958804">
        <ele>289.22</ele>
      </trkpt>
      <trkpt lat="41.53647422790527" lon="2.3555374145507812">
        <ele>285.96</ele>
      </trkpt>
      <trkpt lat="41.536356043070555" lon="2.3557628877460957">
        <ele>282.66</ele>
      </trkpt>
      <trkpt lat="41.53623819351196" lon="2.355988025665283">
        <ele>279.07</ele>
      </trkpt>
      <trkpt lat="41.53610944747925" lon="2.356288433074951">
        <ele>275.4</ele>
      </trkpt>
      <trkpt lat="41.53604490682483" lon="2.3565248865634203">
        <ele>271.84</ele>
      </trkpt>
      <trkpt lat="41.53598070144653" lon="2.3567605018615723">
        <ele>268.24</ele>
      </trkpt>
      <trkpt lat="41.53574466705322" lon="2.356889247894287">
        <ele>264.9</ele>
      </trkpt>
      <trkpt lat="41.535744750872254" lon="2.356889247894287">
        <ele>261.57</ele>
      </trkpt>
      <trkpt lat="41.53556244447827" lon="2.3569749109447002">
        <ele>258.18</ele>
      </trkpt>
      <trkpt lat="41.5353798866272" lon="2.3570609092712402">
        <ele>254.68</ele>
      </trkpt>
      <trkpt lat="41.5351224783808" lon="2.357039451599121">
        <ele>251.11</ele>
      </trkpt>
      <trkpt lat="41.53501510620117" lon="2.357017993927002">
        <ele>247.61</ele>
      </trkpt>
      <trkpt lat="41.53480052947998" lon="2.3570823669433594">
        <ele>243.93</ele>
      </trkpt>
      <trkpt lat="41.53454303741455" lon="2.35731840133667">
        <ele>240.01</ele>
      </trkpt>
      <trkpt lat="41.53441437520087" lon="2.35731840133667">
        <ele>236.41</ele>
      </trkpt>
      <trkpt lat="41.53420004993677" lon="2.357286214828491">
        <ele>232.7</ele>
      </trkpt>
      <trkpt lat="41.53398513793945" lon="2.3572540283203125">
        <ele>228.96</ele>
      </trkpt>
      <trkpt lat="41.53381364420056" lon="2.357296859845519">
        <ele>225.34</ele>
      </trkpt>
      <trkpt lat="41.53364181518555" lon="2.357339859008789">
        <ele>221.74</ele>
      </trkpt>
      <trkpt lat="41.53352379798889" lon="2.3574793338775635">
        <ele>218.23</ele>
      </trkpt>
      <trkpt lat="41.53340586461127" lon="2.357618808746338">
        <ele>214.73</ele>
      </trkpt>
      <trkpt lat="41.53319128789008" lon="2.3578977584838867">
        <ele>211.15</ele>
      </trkpt>
      <trkpt lat="41.533012334257364" lon="2.358112335205078">
        <ele>207.71</ele>
      </trkpt>
      <trkpt lat="41.532833464443684" lon="2.3583269957453012">
        <ele>204.32</ele>
      </trkpt>
      <trkpt lat="41.532654762268066" lon="2.358541488647461">
        <ele>201.03</ele>
      </trkpt>
      <trkpt lat="41.532461727038026" lon="2.3587560653686523">
        <ele>197.87</ele>
      </trkpt>
      <trkpt lat="41.53226852416992" lon="2.3589813709259033">
        <ele>194.75</ele>
      </trkpt>
      <trkpt lat="41.53207540512085" lon="2.3592066764831543">
        <ele>191.65</ele>
      </trkpt>
      <trkpt lat="41.53187692165375" lon="2.359394347295165">
        <ele>188.62</ele>
      </trkpt>
      <trkpt lat="41.531678438186646" lon="2.3595821019262075">
        <ele>185.65</ele>
      </trkpt>
      <trkpt lat="41.531480038538575" lon="2.3597697727382183">
        <ele>182.79</ele>
      </trkpt>
      <trkpt lat="41.53128147125244" lon="2.359957695007324">
        <ele>180.13</ele>
      </trkpt>
      <trkpt lat="41.53110980987549" lon="2.360215187072754">
        <ele>177.6</ele>
      </trkpt>
      <trkpt lat="41.53104543685913" lon="2.3603224754333496">
        <ele>175.27</ele>
      </trkpt>
      <trkpt lat="41.530938148498535" lon="2.360408306121826">
        <ele>173.04</ele>
      </trkpt>
      <trkpt lat="41.53069373220205" lon="2.3605154268443584">
        <ele>170.9</ele>
      </trkpt>
      <trkpt lat="41.5304493997246" lon="2.3606226313859224">
        <ele>168.96</ele>
      </trkpt>
      <trkpt lat="41.53020506724715" lon="2.3607297521084547">
        <ele>167.15</ele>
      </trkpt>
      <trkpt lat="41.5299607347697" lon="2.3608369566500187">
        <ele>165.46</ele>
      </trkpt>
      <trkpt lat="41.529715061187744" lon="2.3609447479248047">
        <ele>163.85</ele>
      </trkpt>
      <trkpt lat="41.52958631515503" lon="2.361159324645996">
        <ele>162.32</ele>
      </trkpt>
      <trkpt lat="41.529479110613465" lon="2.36130952835083">
        <ele>160.92</ele>
      </trkpt>
      <trkpt lat="41.52930736541748" lon="2.361588478088379">
        <ele>159.54</ele>
      </trkpt>
      <trkpt lat="41.529221534729004" lon="2.3616528511047363">
        <ele>158.29</ele>
      </trkpt>
      <trkpt lat="41.529035456478596" lon="2.3618960939347744">
        <ele>157.06</ele>
      </trkpt>
      <trkpt lat="41.52884946204722" lon="2.3621393367648125">
        <ele>155.87</ele>
      </trkpt>
      <trkpt lat="41.52866371907294" lon="2.362382411956787">
        <ele>154.68</ele>
      </trkpt>
      <trkpt lat="41.52853488922119" lon="2.3625433444976807">
        <ele>153.62</ele>
      </trkpt>
      <trkpt lat="41.52840614318848" lon="2.362704277038574">
        <ele>152.63</ele>
      </trkpt>
      <trkpt lat="41.5282183047384" lon="2.362956488505006">
        <ele>151.64</ele>
      </trkpt>
      <trkpt lat="41.52803046628833" lon="2.3632086999714375">
        <ele>150.69</ele>
      </trkpt>
      <trkpt lat="41.527842627838254" lon="2.363460995256901">
        <ele>149.8</ele>
      </trkpt>
      <trkpt lat="41.52765520848334" lon="2.363712787628174">
        <ele>148.95</ele>
      </trkpt>
      <trkpt lat="41.52761220932007" lon="2.3637771606445312">
        <ele>148.15</ele>
      </trkpt>
      <trkpt lat="41.52749419212341" lon="2.3639273643493652">
        <ele>147.34</ele>
      </trkpt>
      <trkpt lat="41.52737625874579" lon="2.364077568054199">
        <ele>146.53</ele>
      </trkpt>
      <trkpt lat="41.527218762785196" lon="2.3642922285944223">
        <ele>145.72</ele>
      </trkpt>
      <trkpt lat="41.5270612668246" lon="2.3645068891346455">
        <ele>144.88</ele>
      </trkpt>
      <trkpt lat="41.52690410614014" lon="2.3647212982177734">
        <ele>144.06</ele>
      </trkpt>
      <trkpt lat="41.52677527628839" lon="2.3648929595947266">
        <ele>143.21</ele>
      </trkpt>
      <trkpt lat="41.52664661407471" lon="2.3650646209716797">
        <ele>142.31</ele>
      </trkpt>
      <trkpt lat="41.52649632655084" lon="2.365236282348633">
        <ele>141.41</ele>
      </trkpt>
      <trkpt lat="41.52634620666504" lon="2.365407943725586">
        <ele>140.46</ele>
      </trkpt>
      <trkpt lat="41.52615308761597" lon="2.3656009789556265">
        <ele>139.51</ele>
      </trkpt>
      <trkpt lat="41.525959968566895" lon="2.3657940980046988">
        <ele>138.47</ele>
      </trkpt>
      <trkpt lat="41.52576684951782" lon="2.3659873008728027">
        <ele>137.38</ele>
      </trkpt>
      <trkpt lat="41.52555235661566" lon="2.3662233352661133">
        <ele>136.31</ele>
      </trkpt>
      <trkpt lat="41.52555227279663" lon="2.3662233352661133">
        <ele>135.39</ele>
      </trkpt>
      <trkpt lat="41.52532696723938" lon="2.3664485570043325">
        <ele>134.41</ele>
      </trkpt>
      <trkpt lat="41.52510174550116" lon="2.3666739463806152">
        <ele>133.45</ele>
      </trkpt>
      <trkpt lat="41.52510166168213" lon="2.3666739463806152">
        <ele>132.52</ele>
      </trkpt>
      <trkpt lat="41.52490862645209" lon="2.3668885231018066">
        <ele>131.56</ele>
      </trkpt>
      <trkpt lat="41.5247368812561" lon="2.3670601844787598">
        <ele>130.59</ele>
      </trkpt>
      <trkpt lat="41.52450076304376" lon="2.367328405380249">
        <ele>129.58</ele>
      </trkpt>
      <trkpt lat="41.52426481246948" lon="2.3675966262817383">
        <ele>128.58</ele>
      </trkpt>
      <trkpt lat="41.524075884371996" lon="2.367837019264698">
        <ele>127.61</ele>
      </trkpt>
      <trkpt lat="41.52388695627451" lon="2.3680774122476578">
        <ele>126.61</ele>
      </trkpt>
      <trkpt lat="41.523698111996055" lon="2.3683178052306175">
        <ele>125.6</ele>
      </trkpt>
      <trkpt lat="41.52350918389857" lon="2.3685581982135773">
        <ele>124.57</ele>
      </trkpt>
      <trkpt lat="41.52332067489624" lon="2.36879825592041">
        <ele>123.47</ele>
      </trkpt>
      <trkpt lat="41.523191928863525" lon="2.3689591884613037">
        <ele>122.34</ele>
      </trkpt>
      <trkpt lat="41.52306326664984" lon="2.3691201210021973">
        <ele>121.26</ele>
      </trkpt>
      <trkpt lat="41.522955894470215" lon="2.3692703247070312">
        <ele>120.23</ele>
      </trkpt>
      <trkpt lat="41.52278951369226" lon="2.369495714083314">
        <ele>119.19</ele>
      </trkpt>
      <trkpt lat="41.522623132914305" lon="2.3697211034595966">
        <ele>118.17</ele>
      </trkpt>
      <trkpt lat="41.52245675213635" lon="2.3699464928358793">
        <ele>117.06</ele>
      </trkpt>
      <trkpt lat="41.52229070663452" lon="2.370171546936035">
        <ele>115.98</ele>
      </trkpt>
      <trkpt lat="41.522183334454894" lon="2.3703755624592304">
        <ele>114.88</ele>
      </trkpt>
      <trkpt lat="41.52207621373236" lon="2.370579242706299">
        <ele>113.78</ele>
      </trkpt>
      <trkpt lat="41.52203321456909" lon="2.3706650733947754">
        <ele>112.69</ele>
      </trkpt>
      <trkpt lat="41.521882927045226" lon="2.3709012754261494">
        <ele>111.5</ele>
      </trkpt>
      <trkpt lat="41.52173263952136" lon="2.3711374774575233">
        <ele>110.33</ele>
      </trkpt>
      <trkpt lat="41.52158268727362" lon="2.371373176574707">
        <ele>109.17</ele>
      </trkpt>
      <trkpt lat="41.52141077443957" lon="2.3716522939503193">
        <ele>108.0</ele>
      </trkpt>
      <trkpt lat="41.521239280700684" lon="2.3719310760498047">
        <ele>106.77</ele>
      </trkpt>
      <trkpt lat="41.52102453634143" lon="2.3722244426608086">
        <ele>105.61</ele>
      </trkpt>
      <trkpt lat="41.520809875801206" lon="2.3725178092718124">
        <ele>104.44</ele>
      </trkpt>
      <trkpt lat="41.52059555053711" lon="2.3728108406066895">
        <ele>103.13</ele>
      </trkpt>
      <trkpt lat="41.520531261339784" lon="2.3729395866394043">
        <ele>101.92</ele>
      </trkpt>
      <trkpt lat="41.520466804504395" lon="2.3729825019836426">
        <ele>100.71</ele>
      </trkpt>
      <trkpt lat="41.5203595161438" lon="2.3729610443115234">
        <ele>99.49</ele>
      </trkpt>
      <trkpt lat="41.52029514312744" lon="2.373175621032715">
        <ele>98.22</ele>
      </trkpt>
      <trkpt lat="41.52008048258722" lon="2.3734492901712656">
        <ele>96.93</ele>
      </trkpt>
      <trkpt lat="41.519865822046995" lon="2.3737229593098164">
        <ele>95.56</ele>
      </trkpt>
      <trkpt lat="41.51965116150677" lon="2.373996628448367">
        <ele>94.21</ele>
      </trkpt>
      <trkpt lat="41.519436836242676" lon="2.374269962310791">
        <ele>92.97</ele>
      </trkpt>
      <trkpt lat="41.51920306496322" lon="2.3745513428002596">
        <ele>91.7</ele>
      </trkpt>
      <trkpt lat="41.5189693775028" lon="2.374832723289728">
        <ele>90.43</ele>
      </trkpt>
      <trkpt lat="41.51873569004238" lon="2.3751141875982285">
        <ele>89.16</ele>
      </trkpt>
      <trkpt lat="41.518502002581954" lon="2.375395568087697">
        <ele>87.87</ele>
      </trkpt>
      <trkpt lat="41.51826831512153" lon="2.3756769485771656">
        <ele>86.67</ele>
      </trkpt>
      <trkpt lat="41.51803454384208" lon="2.375958329066634">
        <ele>85.46</ele>
      </trkpt>
      <trkpt lat="41.517800856381655" lon="2.3762397933751345">
        <ele>84.3</ele>
      </trkpt>
      <trkpt lat="41.51756716892123" lon="2.376521173864603">
        <ele>83.07</ele>
      </trkpt>
      <trkpt lat="41.517333984375" lon="2.3768019676208496">
        <ele>81.92</ele>
      </trkpt>
      <trkpt lat="41.51711932383478" lon="2.377045126631856">
        <ele>80.85</ele>
      </trkpt>
      <trkpt lat="41.516904747113585" lon="2.377288369461894">
        <ele>79.79</ele>
      </trkpt>
      <trkpt lat="41.516690254211426" lon="2.3775315284729004">
        <ele>78.72</ele>
      </trkpt>
      <trkpt lat="41.51656150817871" lon="2.3776602745056152">
        <ele>77.76</ele>
      </trkpt>
      <trkpt lat="41.516339806839824" lon="2.3778604343533516">
        <ele>76.85</ele>
      </trkpt>
      <trkpt lat="41.51611810550094" lon="2.3780606780201197">
        <ele>76.05</ele>
      </trkpt>
      <trkpt lat="41.51589632034302" lon="2.378261089324951">
        <ele>75.32</ele>
      </trkpt>
      <trkpt lat="41.515746116638184" lon="2.378368377685547">
        <ele>74.61</ele>
      </trkpt>
      <trkpt lat="41.51559591293335" lon="2.3784971237182617">
        <ele>73.95</ele>
      </trkpt>
      <trkpt lat="41.51559599675238" lon="2.378518581390381">
        <ele>73.38</ele>
      </trkpt>
      <trkpt lat="41.51557445526123" lon="2.3785829544067383">
        <ele>72.86</ele>
      </trkpt>
      <trkpt lat="41.51538133621216" lon="2.378711700439453">
        <ele>72.41</ele>
      </trkpt>
      <trkpt lat="41.51533842086792" lon="2.3787546157836914">
        <ele>71.97</ele>
      </trkpt>
      <trkpt lat="41.51533850468695" lon="2.3787546157836914">
        <ele>71.55</ele>
      </trkpt>
      <trkpt lat="41.5150994528085" lon="2.378947651013732">
        <ele>71.13</ele>
      </trkpt>
      <trkpt lat="41.51486048474908" lon="2.3791406862437725">
        <ele>70.67</ele>
      </trkpt>
      <trkpt lat="41.51462143287063" lon="2.379333721473813">
        <ele>70.22</ele>
      </trkpt>
      <trkpt lat="41.514382464811206" lon="2.3795267567038536">
        <ele>69.85</ele>
      </trkpt>
      <trkpt lat="41.514143412932754" lon="2.379719791933894">
        <ele>69.48</ele>
      </trkpt>
      <trkpt lat="41.51390444487333" lon="2.3799128271639347">
        <ele>69.24</ele>
      </trkpt>
      <trkpt lat="41.51366472244263" lon="2.3801064491271973">
        <ele>69.01</ele>
      </trkpt>
      <trkpt lat="41.51353597640991" lon="2.3801064491271973">
        <ele>68.83</ele>
      </trkpt>
      <trkpt lat="41.51338577270508" lon="2.379934787750244">
        <ele>68.66</ele>
      </trkpt>
      <trkpt lat="41.51332139968872" lon="2.3798274993896484">
        <ele>68.47</ele>
      </trkpt>
      <trkpt lat="41.513278568163514" lon="2.3797202110290527">
        <ele>68.26</ele>
      </trkpt>
      <trkpt lat="41.51321419514716" lon="2.379591464996338">
        <ele>68.0</ele>
      </trkpt>
      <trkpt lat="41.51308519765735" lon="2.37927982583642">
        <ele>67.73</ele>
      </trkpt>
      <trkpt lat="41.51295670308173" lon="2.378969192504883">
        <ele>67.39</ele>
      </trkpt>
      <trkpt lat="41.51287078857422" lon="2.378818988800049">
        <ele>67.01</ele>
      </trkpt>
      <trkpt lat="41.51277406141162" lon="2.37857180647552">
        <ele>66.66</ele>
      </trkpt>
      <trkpt lat="41.51267766952515" lon="2.3783254623413086">
        <ele>66.23</ele>
      </trkpt>
      <trkpt lat="41.51255956850946" lon="2.3781644459813833">
        <ele>65.66</ele>
      </trkpt>
      <trkpt lat="41.512441635131836" lon="2.3780035972595215">
        <ele>65.01</ele>
      </trkpt>
      <trkpt lat="41.51224843226373" lon="2.3777674790471792">
        <ele>64.23</ele>
      </trkpt>
      <trkpt lat="41.51205539703369" lon="2.3775315284729004">
        <ele>63.38</ele>
      </trkpt>
      <trkpt lat="41.51195866987109" lon="2.3773058876395226">
        <ele>62.55</ele>
      </trkpt>
      <trkpt lat="41.51186227798462" lon="2.3770809173583984">
        <ele>61.64</ele>
      </trkpt>
      <trkpt lat="41.51172615587711" lon="2.3768087569624186">
        <ele>60.62</ele>
      </trkpt>
      <trkpt lat="41.51159011758864" lon="2.3765366803854704">
        <ele>59.62</ele>
      </trkpt>
      <trkpt lat="41.511454582214355" lon="2.376265525817871">
        <ele>58.61</ele>
      </trkpt>
      <trkpt lat="41.5112829208374" lon="2.376437187194824">
        <ele>57.41</ele>
      </trkpt>
      <trkpt lat="41.51112190447748" lon="2.376619577407837">
        <ele>56.11</ele>
      </trkpt>
      <trkpt lat="41.510961055755615" lon="2.3768019676208496">
        <ele>54.69</ele>
      </trkpt>
      <trkpt lat="41.5108323097229" lon="2.3769521713256836">
        <ele>53.37</ele>
      </trkpt>
      <trkpt lat="41.51059644296765" lon="2.3770914785563946">
        <ele>52.02</ele>
      </trkpt>
      <trkpt lat="41.51036024093628" lon="2.3772311210632324">
        <ele>50.68</ele>
      </trkpt>
      <trkpt lat="41.51019947603345" lon="2.3772846814244986">
        <ele>49.34</ele>
      </trkpt>
      <trkpt lat="41.51003837585449" lon="2.377338409423828">
        <ele>47.97</ele>
      </trkpt>
      <trkpt lat="41.5099310874939" lon="2.3773598670959473">
        <ele>46.64</ele>
      </trkpt>
      <trkpt lat="41.50964534841478" lon="2.377431280910969">
        <ele>45.26</ele>
      </trkpt>
      <trkpt lat="41.50935960933566" lon="2.3775026947259903">
        <ele>43.97</ele>
      </trkpt>
      <trkpt lat="41.50907278060913" lon="2.3775744438171387">
        <ele>42.73</ele>
      </trkpt>
      <trkpt lat="41.508832555264235" lon="2.3777373880147934">
        <ele>41.49</ele>
      </trkpt>
      <trkpt lat="41.50859241373837" lon="2.377900332212448">
        <ele>40.27</ele>
      </trkpt>
      <trkpt lat="41.508352272212505" lon="2.378063276410103">
        <ele>39.06</ele>
      </trkpt>
      <trkpt lat="41.50811213068664" lon="2.3782263044267893">
        <ele>37.89</ele>
      </trkpt>
      <trkpt lat="41.50787115097046" lon="2.378389835357666">
        <ele>36.73</ele>
      </trkpt>
      <trkpt lat="41.50757116265595" lon="2.3783897515386343">
        <ele>35.61</ele>
      </trkpt>
      <trkpt lat="41.50727033615112" lon="2.378389835357666">
        <ele>34.61</ele>
      </trkpt>
      <trkpt lat="41.50705575942993" lon="2.378572141751647">
        <ele>33.6</ele>
      </trkpt>
      <trkpt lat="41.50684126652777" lon="2.378754448145628">
        <ele>32.66</ele>
      </trkpt>
      <trkpt lat="41.50662677362561" lon="2.378936754539609">
        <ele>31.82</ele>
      </trkpt>
      <trkpt lat="41.50641202926636" lon="2.379119396209717">
        <ele>31.05</ele>
      </trkpt>
      <trkpt lat="41.506240367889404" lon="2.3793768882751465">
        <ele>30.22</ele>
      </trkpt>
      <trkpt lat="41.50601522997022" lon="2.3795108310878277">
        <ele>29.39</ele>
      </trkpt>
      <trkpt lat="41.50579009205103" lon="2.3796448577195406">
        <ele>28.62</ele>
      </trkpt>
      <trkpt lat="41.50556495413184" lon="2.3797788843512535">
        <ele>28.04</ele>
      </trkpt>
      <trkpt lat="41.5053391456604" lon="2.379913330078125">
        <ele>27.37</ele>
      </trkpt>
      <trkpt lat="41.50509615428746" lon="2.3800133261829615">
        <ele>26.65</ele>
      </trkpt>
      <trkpt lat="41.504853246733546" lon="2.380113322287798">
        <ele>25.99</ele>
      </trkpt>
      <trkpt lat="41.50460958480835" lon="2.380213737487793">
        <ele>25.39</ele>
      </trkpt>
      <trkpt lat="41.504502296447754" lon="2.3804283142089844">
        <ele>24.87</ele>
      </trkpt>
      <trkpt lat="41.50431630201638" lon="2.3806070163846016">
        <ele>24.35</ele>
      </trkpt>
      <trkpt lat="41.50413039140403" lon="2.3807858023792505">
        <ele>23.83</ele>
      </trkpt>
      <trkpt lat="41.503944396972656" lon="2.380964756011963">
        <ele>23.33</ele>
      </trkpt>
      <trkpt lat="41.503965854644775" lon="2.3810291290283203">
        <ele>22.87</ele>
      </trkpt>
      <trkpt lat="41.50392293930054" lon="2.381136417388916">
        <ele>22.41</ele>
      </trkpt>
      <trkpt lat="41.50388010777533" lon="2.3812007904052734">
        <ele>21.97</ele>
      </trkpt>
      <trkpt lat="41.5038800239563" lon="2.3812007904052734">
        <ele>21.54</ele>
      </trkpt>
      <trkpt lat="41.50366544723511" lon="2.3812007904052734">
        <ele>21.11</ele>
      </trkpt>
      <trkpt lat="41.50357961654663" lon="2.381265163421631">
        <ele>20.64</ele>
      </trkpt>
      <trkpt lat="41.50351524353027" lon="2.3813724517822266">
        <ele>20.19</ele>
      </trkpt>
      <trkpt lat="41.503493785858154" lon="2.381436824798584">
        <ele>19.76</ele>
      </trkpt>
      <trkpt lat="41.50338649749756" lon="2.3813939094543457">
        <ele>19.36</ele>
      </trkpt>
      <trkpt lat="41.503118611872196" lon="2.381415283307433">
        <ele>18.86</ele>
      </trkpt>
      <trkpt lat="41.502850810065866" lon="2.3814367409795523">
        <ele>18.53</ele>
      </trkpt>
      <trkpt lat="41.502583008259535" lon="2.3814581148326397">
        <ele>18.16</ele>
      </trkpt>
      <trkpt lat="41.50231369771063" lon="2.3814797401428223">
        <ele>17.71</ele>
      </trkpt>
      <trkpt lat="41.502063665539026" lon="2.3815296962857246">
        <ele>17.25</ele>
      </trkpt>
      <trkpt lat="41.50181363336742" lon="2.3815797362476587">
        <ele>16.85</ele>
      </trkpt>
      <trkpt lat="41.50156267918646" lon="2.3816299438476562">
        <ele>16.52</ele>
      </trkpt>
      <trkpt lat="41.50134114548564" lon="2.381694233044982">
        <ele>16.19</ele>
      </trkpt>
      <trkpt lat="41.50111969560385" lon="2.3817585222423077">
        <ele>15.93</ele>
      </trkpt>
      <trkpt lat="41.50089740753174" lon="2.3818230628967285">
        <ele>15.67</ele>
      </trkpt>
      <trkpt lat="41.500618793070316" lon="2.381919454783201">
        <ele>15.38</ele>
      </trkpt>
      <trkpt lat="41.50033950805664" lon="2.382016181945801">
        <ele>14.92</ele>
      </trkpt>
      <trkpt lat="41.50018930435181" lon="2.382144844159484">
        <ele>14.6</ele>
      </trkpt>
      <trkpt lat="41.50003910064697" lon="2.3822736740112305">
        <ele>14.28</ele>
      </trkpt>
      <trkpt lat="41.49988889694214" lon="2.3824453353881836">
        <ele>14.08</ele>
      </trkpt>
      <trkpt lat="41.4997492544353" lon="2.382692266255617">
        <ele>13.84</ele>
      </trkpt>
      <trkpt lat="41.49960994720459" lon="2.382938861846924">
        <ele>13.5</ele>
      </trkpt>
      <trkpt lat="41.49958848953247" lon="2.382960319519043">
        <ele>13.22</ele>
      </trkpt>
      <trkpt lat="41.499481201171875" lon="2.3827672004699707">
        <ele>12.86</ele>
      </trkpt>
      <trkpt lat="41.49933091364801" lon="2.382981861010194">
        <ele>12.58</ele>
      </trkpt>
      <trkpt lat="41.49918079376221" lon="2.3831963539123535">
        <ele>12.22</ele>
      </trkpt>
      <trkpt lat="41.49903042241931" lon="2.3834540136158466">
        <ele>11.98</ele>
      </trkpt>
      <trkpt lat="41.49888038635254" lon="2.383711338043213">
        <ele>11.84</ele>
      </trkpt>
      <trkpt lat="41.49885892868042" lon="2.3836898803710938">
        <ele>11.54</ele>
      </trkpt>
      <trkpt lat="41.49881601333618" lon="2.3837757110595703">
        <ele>11.25</ele>
      </trkpt>
      <trkpt lat="41.49879455566406" lon="2.383754253387451">
        <ele>10.89</ele>
      </trkpt>
      <trkpt lat="41.498751640319824" lon="2.3838400840759277">
        <ele>10.54</ele>
      </trkpt>
      <trkpt lat="41.49866580963135" lon="2.3837757110595703">
        <ele>10.08</ele>
      </trkpt>
      <trkpt lat="41.49862289428711" lon="2.3837757110595703">
        <ele>9.65</ele>
      </trkpt>
      <trkpt lat="41.49855852127075" lon="2.383882999420166">
        <ele>9.17</ele>
      </trkpt>
      <trkpt lat="41.498515605926514" lon="2.3841190338134766">
        <ele>8.77</ele>
      </trkpt>
      <trkpt lat="41.498472690582275" lon="2.384204864501953">
        <ele>8.18</ele>
      </trkpt>
      <trkpt lat="41.49834394454956" lon="2.384204864501953">
        <ele>7.48</ele>
      </trkpt>
      <trkpt lat="41.498258113861084" lon="2.3840975761413574">
        <ele>6.96</ele>
      </trkpt>
      <trkpt lat="41.498236656188965" lon="2.3841190338134766">
        <ele>6.56</ele>
      </trkpt>
      <trkpt lat="41.49806507863104" lon="2.3842262383550406">
        <ele>6.07</ele>
      </trkpt>
      <trkpt lat="41.49789333343506" lon="2.384333610534668">
        <ele>5.74</ele>
      </trkpt>
      <trkpt lat="41.49787187576294" lon="2.3842906951904297">
        <ele>5.59</ele>
      </trkpt>
      <trkpt lat="41.49789333343506" lon="2.384355068206787">
        <ele>5.49</ele>
      </trkpt>
      <trkpt lat="41.498032892122865" lon="2.384634269401431">
        <ele>5.52</ele>
      </trkpt>
      <trkpt lat="41.49817228317261" lon="2.3849129676818848">
        <ele>5.59</ele>
      </trkpt>
      <trkpt lat="41.49831552989781" lon="2.3852316476404667">
        <ele>5.54</ele>
      </trkpt>
      <trkpt lat="41.49845877662301" lon="2.3855503275990486">
        <ele>5.42</ele>
      </trkpt>
      <trkpt lat="41.49860202334821" lon="2.3858690075576305">
        <ele>5.23</ele>
      </trkpt>
      <trkpt lat="41.498745270073414" lon="2.386187771335244">
        <ele>5.26</ele>
      </trkpt>
      <trkpt lat="41.498888516798615" lon="2.386506451293826">
        <ele>5.34</ele>
      </trkpt>
      <trkpt lat="41.499030673876405" lon="2.3868227005004883">
        <ele>5.39</ele>
      </trkpt>
      <trkpt lat="41.49903059005737" lon="2.3868227005004883">
        <ele>5.35</ele>
      </trkpt>
      <trkpt lat="41.49919169023633" lon="2.3871825356036425">
        <ele>5.34</ele>
      </trkpt>
      <trkpt lat="41.49935287423432" lon="2.3875424545258284">
        <ele>5.22</ele>
      </trkpt>
      <trkpt lat="41.499513974413276" lon="2.3879022896289825">
        <ele>5.23</ele>
      </trkpt>
      <trkpt lat="41.49967432022095" lon="2.3882603645324707">
        <ele>5.29</ele>
      </trkpt>
      <trkpt lat="41.499796025455" lon="2.388546857982874">
        <ele>5.16</ele>
      </trkpt>
      <trkpt lat="41.49991781450808" lon="2.388833351433277">
        <ele>5.09</ele>
      </trkpt>
      <trkpt lat="41.50003910064697" lon="2.3891186714172363">
        <ele>4.99</ele>
      </trkpt>
      <trkpt lat="41.50014638900757" lon="2.389376163482666">
        <ele>5.09</ele>
      </trkpt>
      <trkpt lat="41.50027345865965" lon="2.3896377626806498">
        <ele>5.33</ele>
      </trkpt>
      <trkpt lat="41.500400276854634" lon="2.389898858964443">
        <ele>5.53</ele>
      </trkpt>
      <trkpt lat="41.500511169433594" lon="2.390127182006836">
        <ele>5.64</ele>
      </trkpt>
      <trkpt lat="41.50055408477783" lon="2.390127182006836">
        <ele>5.72</ele>
      </trkpt>
      <trkpt lat="41.50061845779419" lon="2.390255928039551">
        <ele>5.76</ele>
      </trkpt>
      <trkpt lat="41.50061845779419" lon="2.390320301055908">
        <ele>5.74</ele>
      </trkpt>
      <trkpt lat="41.500511169433594" lon="2.390127182006836">
        <ele>5.64</ele>
      </trkpt>
      <trkpt lat="41.500400276854634" lon="2.389898858964443">
        <ele>5.53</ele>
      </trkpt>
    </trkseg>
  </trk>
</gpx>
