<?xml version="1.0" encoding="UTF-8" standalone="yes"?>
<gpx version="1.1" creator="outdooractive - http://www.outdooractive.com" xmlns="http://www.topografix.com/GPX/1/1" xmlns:oa="http://www.outdooractive.com/GPX/Extensions/1" xmlns:xsi="http://www.w3.org/2001/XMLSchema-instance" xsi:schemaLocation="http://www.topografix.com/GPX/1/1 http://www.topografix.com/GPX/1/1/gpx.xsd http://www.outdooractive.com/GPX/Extensions/1 https://www.outdooractive.com/schema/gpx_extensions.xsd">
  <metadata>
    <name>GR92 E29 L&apos;Ametlla de Mar–L&apos;Ampolla</name>
    <author>
      <name>Jari Tossavainen - Community</name>
    </author>
    <link href="https://www.outdooractive.com/r/353457163"/>
    <time>2026-09-21T11:52:09.807Z</time>
    <extensions>
      <oa:oaCategory>longDistanceHikingTrail</oa:oaCategory>
    </extensions>
  </metadata>
  <trk>
    <name>GR92 E29 L&apos;Ametlla de Mar–L&apos;Ampolla</name>
    <type>longDistanceHikingTrail</type>
    <trkseg>
      <trkpt lat="40.8862" lon="0.800452">
        <ele>20.99735</ele>
        <name>l&apos;Ametlla de Mar, l&apos;Ametlla de Mar, Baix Ebre</name>
        <extensions>
          <oa:Extension>
            <oa:mapZoom>17</oa:mapZoom>
            <oa:routingFailed>true</oa:routingFailed>
          </oa:Extension>
        </extensions>
      </trkpt>
      <trkpt lat="40.88504" lon="0.801798">
        <ele>19.24199</ele>
      </trkpt>
      <trkpt lat="40.885019" lon="0.801776">
        <ele>19.1</ele>
        <name>Carrer Llibertat, l&apos;Ametlla de Mar, Baix Ebre</name>
        <extensions>
          <oa:Extension>
            <oa:mapZoom>17</oa:mapZoom>
          </oa:Extension>
        </extensions>
      </trkpt>
      <trkpt lat="40.885005" lon="0.8018">
        <ele>19.1</ele>
      </trkpt>
      <trkpt lat="40.884964" lon="0.80187">
        <ele>18.8</ele>
      </trkpt>
      <trkpt lat="40.884778" lon="0.801638">
        <ele>18.5</ele>
      </trkpt>
      <trkpt lat="40.884663" lon="0.801475">
        <ele>18.1</ele>
      </trkpt>
      <trkpt lat="40.884536" lon="0.801286">
        <ele>17.6</ele>
      </trkpt>
      <trkpt lat="40.88435" lon="0.801521">
        <ele>17.4</ele>
      </trkpt>
      <trkpt lat="40.884082" lon="0.801987">
        <ele>16.5</ele>
      </trkpt>
      <trkpt lat="40.883814" lon="0.802452">
        <ele>15.5</ele>
      </trkpt>
      <trkpt lat="40.883653" lon="0.802348">
        <ele>13.7</ele>
      </trkpt>
      <trkpt lat="40.883494" lon="0.802246">
        <ele>12.2</ele>
      </trkpt>
      <trkpt lat="40.883389" lon="0.802231">
        <ele>11.8</ele>
      </trkpt>
      <trkpt lat="40.88321" lon="0.802158">
        <ele>8.2</ele>
      </trkpt>
      <trkpt lat="40.883112" lon="0.802079">
        <ele>4.0</ele>
      </trkpt>
      <trkpt lat="40.883034" lon="0.80199">
        <ele>2.2</ele>
      </trkpt>
      <trkpt lat="40.882965" lon="0.802098">
        <ele>1.9</ele>
      </trkpt>
      <trkpt lat="40.882942" lon="0.802072">
        <ele>1.5</ele>
      </trkpt>
      <trkpt lat="40.883014" lon="0.801982">
        <ele>2.0</ele>
      </trkpt>
      <trkpt lat="40.883037" lon="0.801886">
        <ele>2.1</ele>
      </trkpt>
      <trkpt lat="40.883039" lon="0.801852">
        <ele>2.1</ele>
      </trkpt>
      <trkpt lat="40.883038" lon="0.801838">
        <ele>2.1</ele>
      </trkpt>
      <trkpt lat="40.883034" lon="0.801827">
        <ele>2.1</ele>
      </trkpt>
      <trkpt lat="40.883016" lon="0.801815">
        <ele>2.0</ele>
      </trkpt>
      <trkpt lat="40.883018" lon="0.801805">
        <ele>2.1</ele>
      </trkpt>
      <trkpt lat="40.883018" lon="0.801753">
        <ele>2.1</ele>
      </trkpt>
      <trkpt lat="40.883008" lon="0.801723">
        <ele>2.2</ele>
      </trkpt>
      <trkpt lat="40.882992" lon="0.8017">
        <ele>2.4</ele>
      </trkpt>
      <trkpt lat="40.882971" lon="0.801684">
        <ele>2.4</ele>
      </trkpt>
      <trkpt lat="40.882947" lon="0.801678">
        <ele>2.4</ele>
      </trkpt>
      <trkpt lat="40.882937" lon="0.801678">
        <ele>2.4</ele>
      </trkpt>
      <trkpt lat="40.882926" lon="0.80168">
        <ele>2.3</ele>
      </trkpt>
      <trkpt lat="40.882916" lon="0.801684">
        <ele>2.3</ele>
      </trkpt>
      <trkpt lat="40.882854" lon="0.8017">
        <ele>2.1</ele>
      </trkpt>
      <trkpt lat="40.882687" lon="0.801816">
        <ele>1.9</ele>
      </trkpt>
      <trkpt lat="40.882584" lon="0.801879">
        <ele>1.8</ele>
      </trkpt>
      <trkpt lat="40.882535" lon="0.801904">
        <ele>1.8</ele>
      </trkpt>
      <trkpt lat="40.882514" lon="0.801911">
        <ele>1.7</ele>
      </trkpt>
      <trkpt lat="40.882493" lon="0.801914">
        <ele>1.7</ele>
      </trkpt>
      <trkpt lat="40.882477" lon="0.801912">
        <ele>1.7</ele>
      </trkpt>
      <trkpt lat="40.88246" lon="0.801905">
        <ele>1.7</ele>
      </trkpt>
      <trkpt lat="40.882429" lon="0.801889">
        <ele>1.8</ele>
      </trkpt>
      <trkpt lat="40.882401" lon="0.801863">
        <ele>1.8</ele>
      </trkpt>
      <trkpt lat="40.882387" lon="0.801845">
        <ele>1.7</ele>
      </trkpt>
      <trkpt lat="40.882373" lon="0.801821">
        <ele>1.8</ele>
      </trkpt>
      <trkpt lat="40.882365" lon="0.801795">
        <ele>1.7</ele>
        <name>Carretera del Port, l&apos;Ametlla de Mar, Baix Ebre</name>
        <extensions>
          <oa:Extension>
            <oa:mapZoom>17</oa:mapZoom>
          </oa:Extension>
        </extensions>
      </trkpt>
      <trkpt lat="40.882358" lon="0.801768">
        <ele>1.7</ele>
      </trkpt>
      <trkpt lat="40.882349" lon="0.801709">
        <ele>1.7</ele>
      </trkpt>
      <trkpt lat="40.882339" lon="0.801533">
        <ele>1.8</ele>
      </trkpt>
      <trkpt lat="40.882331" lon="0.801492">
        <ele>1.8</ele>
      </trkpt>
      <trkpt lat="40.882314" lon="0.801459">
        <ele>1.7</ele>
      </trkpt>
      <trkpt lat="40.882286" lon="0.801422">
        <ele>1.6</ele>
      </trkpt>
      <trkpt lat="40.882253" lon="0.801398">
        <ele>1.5</ele>
      </trkpt>
      <trkpt lat="40.882209" lon="0.80138">
        <ele>1.4</ele>
      </trkpt>
      <trkpt lat="40.881884" lon="0.801332">
        <ele>0.9</ele>
      </trkpt>
      <trkpt lat="40.881834" lon="0.801319">
        <ele>1.5</ele>
      </trkpt>
      <trkpt lat="40.881816" lon="0.80131">
        <ele>1.6</ele>
      </trkpt>
      <trkpt lat="40.8818" lon="0.801297">
        <ele>1.7</ele>
      </trkpt>
      <trkpt lat="40.881784" lon="0.801278">
        <ele>1.3</ele>
      </trkpt>
      <trkpt lat="40.881769" lon="0.801257">
        <ele>0.9</ele>
      </trkpt>
      <trkpt lat="40.881752" lon="0.801229">
        <ele>0.7</ele>
      </trkpt>
      <trkpt lat="40.881734" lon="0.801198">
        <ele>0.7</ele>
      </trkpt>
      <trkpt lat="40.881701" lon="0.801149">
        <ele>0.8</ele>
      </trkpt>
      <trkpt lat="40.881685" lon="0.801129">
        <ele>1.1</ele>
      </trkpt>
      <trkpt lat="40.881667" lon="0.801113">
        <ele>1.2</ele>
      </trkpt>
      <trkpt lat="40.881648" lon="0.801099">
        <ele>1.0</ele>
      </trkpt>
      <trkpt lat="40.881629" lon="0.80109">
        <ele>0.9</ele>
      </trkpt>
      <trkpt lat="40.881605" lon="0.801082">
        <ele>0.9</ele>
      </trkpt>
      <trkpt lat="40.88158" lon="0.80108">
        <ele>1.0</ele>
      </trkpt>
      <trkpt lat="40.881556" lon="0.801082">
        <ele>1.2</ele>
      </trkpt>
      <trkpt lat="40.881536" lon="0.801088">
        <ele>1.4</ele>
      </trkpt>
      <trkpt lat="40.881301" lon="0.801191">
        <ele>1.1</ele>
      </trkpt>
      <trkpt lat="40.881278" lon="0.8012">
        <ele>1.3</ele>
      </trkpt>
      <trkpt lat="40.881256" lon="0.801209">
        <ele>1.4</ele>
      </trkpt>
      <trkpt lat="40.881243" lon="0.80121">
        <ele>1.4</ele>
      </trkpt>
      <trkpt lat="40.881205" lon="0.801207">
        <ele>1.5</ele>
      </trkpt>
      <trkpt lat="40.881097" lon="0.801165">
        <ele>1.8</ele>
      </trkpt>
      <trkpt lat="40.880982" lon="0.801108">
        <ele>2.1</ele>
      </trkpt>
      <trkpt lat="40.880937" lon="0.801072">
        <ele>2.3</ele>
      </trkpt>
      <trkpt lat="40.880903" lon="0.801032">
        <ele>2.2</ele>
      </trkpt>
      <trkpt lat="40.880874" lon="0.800982">
        <ele>2.5</ele>
      </trkpt>
      <trkpt lat="40.880842" lon="0.8009">
        <ele>3.0</ele>
      </trkpt>
      <trkpt lat="40.880768" lon="0.800676">
        <ele>4.0</ele>
      </trkpt>
      <trkpt lat="40.880757" lon="0.800607">
        <ele>4.3</ele>
      </trkpt>
      <trkpt lat="40.880758" lon="0.800533">
        <ele>4.4</ele>
      </trkpt>
      <trkpt lat="40.880762" lon="0.800468">
        <ele>4.5</ele>
      </trkpt>
      <trkpt lat="40.880766" lon="0.800404">
        <ele>4.7</ele>
      </trkpt>
      <trkpt lat="40.880744" lon="0.800459">
        <ele>4.6</ele>
      </trkpt>
      <trkpt lat="40.880708" lon="0.800547">
        <ele>4.3</ele>
      </trkpt>
      <trkpt lat="40.880671" lon="0.800535">
        <ele>4.4</ele>
      </trkpt>
      <trkpt lat="40.880642" lon="0.800522">
        <ele>5.6</ele>
      </trkpt>
      <trkpt lat="40.880675" lon="0.800378">
        <ele>8.5</ele>
      </trkpt>
      <trkpt lat="40.880608" lon="0.80032">
        <ele>9.6</ele>
      </trkpt>
      <trkpt lat="40.880573" lon="0.800368">
        <ele>9.3</ele>
      </trkpt>
      <trkpt lat="40.880549" lon="0.800402">
        <ele>9.4</ele>
      </trkpt>
      <trkpt lat="40.880515" lon="0.800434">
        <ele>9.4</ele>
      </trkpt>
      <trkpt lat="40.880495" lon="0.800444">
        <ele>9.3</ele>
      </trkpt>
      <trkpt lat="40.880452" lon="0.800457">
        <ele>9.2</ele>
      </trkpt>
      <trkpt lat="40.880411" lon="0.800468">
        <ele>9.2</ele>
      </trkpt>
      <trkpt lat="40.88037" lon="0.800475">
        <ele>9.2</ele>
      </trkpt>
      <trkpt lat="40.880301" lon="0.800478">
        <ele>9.1</ele>
      </trkpt>
      <trkpt lat="40.880192" lon="0.800461">
        <ele>8.9</ele>
      </trkpt>
      <trkpt lat="40.880097" lon="0.800434">
        <ele>8.9</ele>
      </trkpt>
      <trkpt lat="40.879971" lon="0.800378">
        <ele>8.7</ele>
      </trkpt>
      <trkpt lat="40.879689" lon="0.800204">
        <ele>8.5</ele>
      </trkpt>
      <trkpt lat="40.879601" lon="0.800133">
        <ele>8.4</ele>
      </trkpt>
      <trkpt lat="40.879516" lon="0.800059">
        <ele>8.4</ele>
      </trkpt>
      <trkpt lat="40.879451" lon="0.799991">
        <ele>8.4</ele>
      </trkpt>
      <trkpt lat="40.87937" lon="0.799858">
        <ele>8.4</ele>
      </trkpt>
      <trkpt lat="40.879274" lon="0.799666">
        <ele>8.0</ele>
      </trkpt>
      <trkpt lat="40.879233" lon="0.799554">
        <ele>7.8</ele>
      </trkpt>
      <trkpt lat="40.879224" lon="0.799528">
        <ele>7.8</ele>
      </trkpt>
      <trkpt lat="40.879166" lon="0.799561">
        <ele>7.6</ele>
      </trkpt>
      <trkpt lat="40.879111" lon="0.799573">
        <ele>6.7</ele>
      </trkpt>
      <trkpt lat="40.878992" lon="0.799599">
        <ele>4.8</ele>
      </trkpt>
      <trkpt lat="40.878943" lon="0.799547">
        <ele>6.9</ele>
      </trkpt>
      <trkpt lat="40.878876" lon="0.799499">
        <ele>7.3</ele>
      </trkpt>
      <trkpt lat="40.878815" lon="0.799499">
        <ele>7.3</ele>
      </trkpt>
      <trkpt lat="40.878745" lon="0.79951">
        <ele>7.5</ele>
      </trkpt>
      <trkpt lat="40.878625" lon="0.799539">
        <ele>9.2</ele>
      </trkpt>
      <trkpt lat="40.878603" lon="0.799592">
        <ele>7.9</ele>
      </trkpt>
      <trkpt lat="40.878551" lon="0.799617">
        <ele>9.1</ele>
      </trkpt>
      <trkpt lat="40.878501" lon="0.799623">
        <ele>7.4</ele>
      </trkpt>
      <trkpt lat="40.8785" lon="0.799562">
        <ele>7.7</ele>
      </trkpt>
      <trkpt lat="40.878482" lon="0.799407">
        <ele>8.8</ele>
      </trkpt>
      <trkpt lat="40.878457" lon="0.799367">
        <ele>7.9</ele>
      </trkpt>
      <trkpt lat="40.878449" lon="0.799296">
        <ele>7.1</ele>
      </trkpt>
      <trkpt lat="40.87834" lon="0.799309">
        <ele>2.4</ele>
      </trkpt>
      <trkpt lat="40.878333" lon="0.799279">
        <ele>3.1</ele>
      </trkpt>
      <trkpt lat="40.878321" lon="0.799223">
        <ele>5.0</ele>
      </trkpt>
      <trkpt lat="40.878235" lon="0.799275">
        <ele>6.2</ele>
      </trkpt>
      <trkpt lat="40.878174" lon="0.799297">
        <ele>7.7</ele>
      </trkpt>
      <trkpt lat="40.878091" lon="0.799376">
        <ele>8.3</ele>
      </trkpt>
      <trkpt lat="40.878068" lon="0.79937">
        <ele>8.9</ele>
      </trkpt>
      <trkpt lat="40.878027" lon="0.799311">
        <ele>10.1</ele>
      </trkpt>
      <trkpt lat="40.877995" lon="0.79927">
        <ele>10.4</ele>
      </trkpt>
      <trkpt lat="40.877995" lon="0.79921">
        <ele>10.9</ele>
      </trkpt>
      <trkpt lat="40.877958" lon="0.799105">
        <ele>10.8</ele>
      </trkpt>
      <trkpt lat="40.877952" lon="0.799088">
        <ele>10.7</ele>
      </trkpt>
      <trkpt lat="40.877918" lon="0.799003">
        <ele>11.1</ele>
      </trkpt>
      <trkpt lat="40.877859" lon="0.798901">
        <ele>11.4</ele>
      </trkpt>
      <trkpt lat="40.877758" lon="0.798771">
        <ele>13.2</ele>
      </trkpt>
      <trkpt lat="40.87779" lon="0.798524">
        <ele>15.3</ele>
      </trkpt>
      <trkpt lat="40.877677" lon="0.798161">
        <ele>13.6</ele>
      </trkpt>
      <trkpt lat="40.877607" lon="0.798066">
        <ele>10.8</ele>
      </trkpt>
      <trkpt lat="40.877501" lon="0.797987">
        <ele>11.2</ele>
      </trkpt>
      <trkpt lat="40.877389" lon="0.797957">
        <ele>10.1</ele>
      </trkpt>
      <trkpt lat="40.877286" lon="0.797952">
        <ele>9.3</ele>
      </trkpt>
      <trkpt lat="40.877152" lon="0.797984">
        <ele>7.0</ele>
      </trkpt>
      <trkpt lat="40.877062" lon="0.798054">
        <ele>8.0</ele>
      </trkpt>
      <trkpt lat="40.876983" lon="0.798138">
        <ele>8.3</ele>
      </trkpt>
      <trkpt lat="40.876911" lon="0.798182">
        <ele>7.4</ele>
      </trkpt>
      <trkpt lat="40.876848" lon="0.798207">
        <ele>6.1</ele>
      </trkpt>
      <trkpt lat="40.876797" lon="0.798204">
        <ele>4.9</ele>
      </trkpt>
      <trkpt lat="40.876758" lon="0.798189">
        <ele>3.7</ele>
      </trkpt>
      <trkpt lat="40.876707" lon="0.79822">
        <ele>2.6</ele>
      </trkpt>
      <trkpt lat="40.876704" lon="0.798196">
        <ele>2.3</ele>
      </trkpt>
      <trkpt lat="40.876702" lon="0.798166">
        <ele>2.1</ele>
      </trkpt>
      <trkpt lat="40.876689" lon="0.798152">
        <ele>2.0</ele>
      </trkpt>
      <trkpt lat="40.876666" lon="0.798148">
        <ele>1.9</ele>
      </trkpt>
      <trkpt lat="40.876643" lon="0.798149">
        <ele>2.0</ele>
      </trkpt>
      <trkpt lat="40.876615" lon="0.798155">
        <ele>2.3</ele>
      </trkpt>
      <trkpt lat="40.876586" lon="0.798157">
        <ele>2.8</ele>
      </trkpt>
      <trkpt lat="40.876543" lon="0.798166">
        <ele>3.5</ele>
      </trkpt>
      <trkpt lat="40.876518" lon="0.798168">
        <ele>3.8</ele>
      </trkpt>
      <trkpt lat="40.876511" lon="0.798153">
        <ele>4.4</ele>
      </trkpt>
      <trkpt lat="40.876497" lon="0.798126">
        <ele>5.1</ele>
      </trkpt>
      <trkpt lat="40.876466" lon="0.798096">
        <ele>5.7</ele>
      </trkpt>
      <trkpt lat="40.876293" lon="0.797765">
        <ele>4.7</ele>
      </trkpt>
      <trkpt lat="40.876325" lon="0.797574">
        <ele>4.5</ele>
      </trkpt>
      <trkpt lat="40.876262" lon="0.797346">
        <ele>6.6</ele>
      </trkpt>
      <trkpt lat="40.876149" lon="0.79723">
        <ele>4.2</ele>
      </trkpt>
      <trkpt lat="40.876054" lon="0.796891">
        <ele>4.4</ele>
      </trkpt>
      <trkpt lat="40.876083" lon="0.796712">
        <ele>4.8</ele>
      </trkpt>
      <trkpt lat="40.876147" lon="0.796625">
        <ele>6.5</ele>
      </trkpt>
      <trkpt lat="40.876248" lon="0.796428">
        <ele>5.5</ele>
      </trkpt>
      <trkpt lat="40.876352" lon="0.796288">
        <ele>6.0</ele>
      </trkpt>
      <trkpt lat="40.876355" lon="0.796181">
        <ele>3.5</ele>
      </trkpt>
      <trkpt lat="40.876344" lon="0.796109">
        <ele>1.8</ele>
      </trkpt>
      <trkpt lat="40.876243" lon="0.795841">
        <ele>2.7</ele>
      </trkpt>
      <trkpt lat="40.876184" lon="0.795825">
        <ele>3.6</ele>
      </trkpt>
      <trkpt lat="40.876147" lon="0.795762">
        <ele>6.1</ele>
      </trkpt>
      <trkpt lat="40.875993" lon="0.7958">
        <ele>6.7</ele>
      </trkpt>
      <trkpt lat="40.875932" lon="0.795792">
        <ele>7.9</ele>
      </trkpt>
      <trkpt lat="40.875857" lon="0.79581">
        <ele>9.0</ele>
      </trkpt>
      <trkpt lat="40.875723" lon="0.795805">
        <ele>10.6</ele>
      </trkpt>
      <trkpt lat="40.87544" lon="0.795558">
        <ele>10.2</ele>
      </trkpt>
      <trkpt lat="40.875336" lon="0.795483">
        <ele>7.5</ele>
      </trkpt>
      <trkpt lat="40.875288" lon="0.795472">
        <ele>6.1</ele>
      </trkpt>
      <trkpt lat="40.875226" lon="0.795465">
        <ele>4.7</ele>
      </trkpt>
      <trkpt lat="40.875191" lon="0.795482">
        <ele>4.5</ele>
      </trkpt>
      <trkpt lat="40.87514" lon="0.795485">
        <ele>3.5</ele>
      </trkpt>
      <trkpt lat="40.875068" lon="0.795446">
        <ele>1.9</ele>
      </trkpt>
      <trkpt lat="40.87505" lon="0.795434">
        <ele>1.9</ele>
      </trkpt>
      <trkpt lat="40.874948" lon="0.795367">
        <ele>2.0</ele>
      </trkpt>
      <trkpt lat="40.874744" lon="0.79519">
        <ele>2.1</ele>
      </trkpt>
      <trkpt lat="40.874576" lon="0.79508">
        <ele>1.3</ele>
        <name>Cala de Bon Capó, l&apos;Ametlla de Mar, Baix Ebre</name>
        <extensions>
          <oa:Extension>
            <oa:mapZoom>17</oa:mapZoom>
          </oa:Extension>
        </extensions>
      </trkpt>
      <trkpt lat="40.87452" lon="0.795044">
        <ele>1.0</ele>
      </trkpt>
      <trkpt lat="40.87443" lon="0.794952">
        <ele>4.5</ele>
      </trkpt>
      <trkpt lat="40.874291" lon="0.794876">
        <ele>3.5</ele>
      </trkpt>
      <trkpt lat="40.874269" lon="0.794864">
        <ele>3.4</ele>
      </trkpt>
      <trkpt lat="40.874163" lon="0.794818">
        <ele>4.0</ele>
      </trkpt>
      <trkpt lat="40.873999" lon="0.794869">
        <ele>5.8</ele>
      </trkpt>
      <trkpt lat="40.873928" lon="0.794908">
        <ele>6.9</ele>
      </trkpt>
      <trkpt lat="40.873894" lon="0.794912">
        <ele>7.2</ele>
      </trkpt>
      <trkpt lat="40.873848" lon="0.794935">
        <ele>8.0</ele>
      </trkpt>
      <trkpt lat="40.873788" lon="0.794987">
        <ele>8.8</ele>
      </trkpt>
      <trkpt lat="40.873759" lon="0.795108">
        <ele>7.2</ele>
      </trkpt>
      <trkpt lat="40.873434" lon="0.795372">
        <ele>4.6</ele>
      </trkpt>
      <trkpt lat="40.873328" lon="0.795451">
        <ele>6.9</ele>
      </trkpt>
      <trkpt lat="40.872948" lon="0.795516">
        <ele>5.8</ele>
      </trkpt>
      <trkpt lat="40.872705" lon="0.795539">
        <ele>5.3</ele>
      </trkpt>
      <trkpt lat="40.872318" lon="0.795442">
        <ele>9.0</ele>
      </trkpt>
      <trkpt lat="40.871939" lon="0.795371">
        <ele>7.5</ele>
      </trkpt>
      <trkpt lat="40.871818" lon="0.795274">
        <ele>7.0</ele>
      </trkpt>
      <trkpt lat="40.871631" lon="0.795246">
        <ele>7.8</ele>
      </trkpt>
      <trkpt lat="40.871339" lon="0.795283">
        <ele>6.9</ele>
      </trkpt>
      <trkpt lat="40.871018" lon="0.795157">
        <ele>5.4</ele>
      </trkpt>
      <trkpt lat="40.87095" lon="0.79512">
        <ele>6.3</ele>
      </trkpt>
      <trkpt lat="40.870659" lon="0.794962">
        <ele>5.2</ele>
      </trkpt>
      <trkpt lat="40.870504" lon="0.794785">
        <ele>2.2</ele>
      </trkpt>
      <trkpt lat="40.870339" lon="0.794724">
        <ele>4.9</ele>
      </trkpt>
      <trkpt lat="40.870212" lon="0.794804">
        <ele>6.2</ele>
      </trkpt>
      <trkpt lat="40.870036" lon="0.794799">
        <ele>3.3</ele>
      </trkpt>
      <trkpt lat="40.869913" lon="0.794724">
        <ele>7.2</ele>
      </trkpt>
      <trkpt lat="40.869709" lon="0.794431">
        <ele>5.1</ele>
      </trkpt>
      <trkpt lat="40.869518" lon="0.794147">
        <ele>6.3</ele>
      </trkpt>
      <trkpt lat="40.869457" lon="0.794006">
        <ele>6.9</ele>
      </trkpt>
      <trkpt lat="40.869455" lon="0.793901">
        <ele>7.7</ele>
      </trkpt>
      <trkpt lat="40.869527" lon="0.793804">
        <ele>8.0</ele>
      </trkpt>
      <trkpt lat="40.869537" lon="0.793787">
        <ele>8.0</ele>
      </trkpt>
      <trkpt lat="40.869542" lon="0.793761">
        <ele>8.0</ele>
      </trkpt>
      <trkpt lat="40.869552" lon="0.793729">
        <ele>8.0</ele>
      </trkpt>
      <trkpt lat="40.869613" lon="0.793685">
        <ele>8.1</ele>
      </trkpt>
      <trkpt lat="40.86955" lon="0.793655">
        <ele>8.1</ele>
      </trkpt>
      <trkpt lat="40.869525" lon="0.793644">
        <ele>8.1</ele>
      </trkpt>
      <trkpt lat="40.869551" lon="0.793583">
        <ele>7.9</ele>
      </trkpt>
      <trkpt lat="40.869588" lon="0.793521">
        <ele>6.4</ele>
      </trkpt>
      <trkpt lat="40.869663" lon="0.793432">
        <ele>4.0</ele>
      </trkpt>
      <trkpt lat="40.869731" lon="0.793348">
        <ele>4.0</ele>
      </trkpt>
      <trkpt lat="40.869785" lon="0.793331">
        <ele>1.8</ele>
      </trkpt>
      <trkpt lat="40.869896" lon="0.793301">
        <ele>3.0</ele>
      </trkpt>
      <trkpt lat="40.870026" lon="0.793247">
        <ele>4.1</ele>
      </trkpt>
      <trkpt lat="40.870101" lon="0.793208">
        <ele>3.7</ele>
      </trkpt>
      <trkpt lat="40.870187" lon="0.793154">
        <ele>3.5</ele>
      </trkpt>
      <trkpt lat="40.870217" lon="0.793135">
        <ele>3.3</ele>
      </trkpt>
      <trkpt lat="40.870314" lon="0.79307">
        <ele>3.2</ele>
      </trkpt>
      <trkpt lat="40.870344" lon="0.793053">
        <ele>3.2</ele>
      </trkpt>
      <trkpt lat="40.870421" lon="0.792988">
        <ele>3.5</ele>
      </trkpt>
      <trkpt lat="40.870501" lon="0.792929">
        <ele>3.7</ele>
      </trkpt>
      <trkpt lat="40.870544" lon="0.792884">
        <ele>4.0</ele>
      </trkpt>
      <trkpt lat="40.870668" lon="0.792774">
        <ele>3.3</ele>
      </trkpt>
      <trkpt lat="40.870775" lon="0.792681">
        <ele>4.3</ele>
      </trkpt>
      <trkpt lat="40.870803" lon="0.792656">
        <ele>4.9</ele>
      </trkpt>
      <trkpt lat="40.870831" lon="0.792611">
        <ele>5.0</ele>
      </trkpt>
      <trkpt lat="40.870831" lon="0.792583">
        <ele>4.2</ele>
      </trkpt>
      <trkpt lat="40.870823" lon="0.792518">
        <ele>2.8</ele>
      </trkpt>
      <trkpt lat="40.870839" lon="0.792386">
        <ele>1.0</ele>
      </trkpt>
      <trkpt lat="40.870879" lon="0.792243">
        <ele>1.1</ele>
      </trkpt>
      <trkpt lat="40.87093" lon="0.792048">
        <ele>1.0</ele>
      </trkpt>
      <trkpt lat="40.870948" lon="0.791978">
        <ele>1.0</ele>
      </trkpt>
      <trkpt lat="40.87097" lon="0.791873">
        <ele>0.8</ele>
      </trkpt>
      <trkpt lat="40.871036" lon="0.791693">
        <ele>1.2</ele>
      </trkpt>
      <trkpt lat="40.871088" lon="0.791528">
        <ele>1.0</ele>
      </trkpt>
      <trkpt lat="40.871177" lon="0.791354">
        <ele>0.7</ele>
      </trkpt>
      <trkpt lat="40.871191" lon="0.791313">
        <ele>1.1</ele>
      </trkpt>
      <trkpt lat="40.871222" lon="0.79123">
        <ele>0.6</ele>
      </trkpt>
      <trkpt lat="40.871244" lon="0.79116">
        <ele>1.0</ele>
      </trkpt>
      <trkpt lat="40.8713" lon="0.791072">
        <ele>1.8</ele>
      </trkpt>
      <trkpt lat="40.871324" lon="0.791041">
        <ele>2.8</ele>
      </trkpt>
      <trkpt lat="40.871331" lon="0.791025">
        <ele>3.1</ele>
      </trkpt>
      <trkpt lat="40.871331" lon="0.791011">
        <ele>3.0</ele>
      </trkpt>
      <trkpt lat="40.871326" lon="0.790995">
        <ele>2.7</ele>
      </trkpt>
      <trkpt lat="40.871319" lon="0.790984">
        <ele>2.2</ele>
      </trkpt>
      <trkpt lat="40.87132" lon="0.790958">
        <ele>1.9</ele>
      </trkpt>
      <trkpt lat="40.87133" lon="0.790935">
        <ele>1.9</ele>
      </trkpt>
      <trkpt lat="40.871333" lon="0.790913">
        <ele>1.7</ele>
      </trkpt>
      <trkpt lat="40.871329" lon="0.790897">
        <ele>1.6</ele>
      </trkpt>
      <trkpt lat="40.871308" lon="0.790875">
        <ele>1.1</ele>
      </trkpt>
      <trkpt lat="40.871265" lon="0.790849">
        <ele>0.7</ele>
      </trkpt>
      <trkpt lat="40.871216" lon="0.790824">
        <ele>0.4</ele>
      </trkpt>
      <trkpt lat="40.871167" lon="0.7908">
        <ele>0.0</ele>
      </trkpt>
      <trkpt lat="40.871071" lon="0.790751">
        <ele>0.8</ele>
      </trkpt>
      <trkpt lat="40.8709" lon="0.791057">
        <ele>1.1</ele>
      </trkpt>
      <trkpt lat="40.870698" lon="0.791434">
        <ele>1.0</ele>
      </trkpt>
      <trkpt lat="40.870497" lon="0.79181">
        <ele>0.9</ele>
      </trkpt>
      <trkpt lat="40.870476" lon="0.791849">
        <ele>0.8</ele>
      </trkpt>
      <trkpt lat="40.870442" lon="0.791902">
        <ele>0.7</ele>
      </trkpt>
      <trkpt lat="40.870404" lon="0.791945">
        <ele>0.8</ele>
      </trkpt>
      <trkpt lat="40.870363" lon="0.791988">
        <ele>1.1</ele>
      </trkpt>
      <trkpt lat="40.870022" lon="0.792318">
        <ele>1.8</ele>
      </trkpt>
      <trkpt lat="40.869682" lon="0.792648">
        <ele>2.0</ele>
      </trkpt>
      <trkpt lat="40.869577" lon="0.792715">
        <ele>2.2</ele>
      </trkpt>
      <trkpt lat="40.869531" lon="0.792731">
        <ele>2.2</ele>
      </trkpt>
      <trkpt lat="40.869496" lon="0.792731">
        <ele>2.2</ele>
      </trkpt>
      <trkpt lat="40.86945" lon="0.792724">
        <ele>2.1</ele>
      </trkpt>
      <trkpt lat="40.869362" lon="0.7927">
        <ele>2.1</ele>
      </trkpt>
      <trkpt lat="40.869307" lon="0.792689">
        <ele>2.3</ele>
      </trkpt>
      <trkpt lat="40.869265" lon="0.792686">
        <ele>2.5</ele>
      </trkpt>
      <trkpt lat="40.869231" lon="0.792684">
        <ele>2.6</ele>
      </trkpt>
      <trkpt lat="40.869164" lon="0.792687">
        <ele>2.7</ele>
      </trkpt>
      <trkpt lat="40.869095" lon="0.79268">
        <ele>2.7</ele>
      </trkpt>
      <trkpt lat="40.869029" lon="0.792662">
        <ele>2.6</ele>
      </trkpt>
      <trkpt lat="40.868991" lon="0.792646">
        <ele>2.6</ele>
      </trkpt>
      <trkpt lat="40.868949" lon="0.792625">
        <ele>2.6</ele>
      </trkpt>
      <trkpt lat="40.868888" lon="0.792589">
        <ele>2.6</ele>
      </trkpt>
      <trkpt lat="40.868835" lon="0.79255">
        <ele>2.8</ele>
        <name>Aparcament gratuït, l&apos;Ametlla de Mar, Baix Ebre</name>
        <extensions>
          <oa:Extension>
            <oa:mapZoom>17</oa:mapZoom>
          </oa:Extension>
        </extensions>
      </trkpt>
      <trkpt lat="40.868739" lon="0.79248">
        <ele>3.1</ele>
      </trkpt>
      <trkpt lat="40.86847" lon="0.792263">
        <ele>3.3</ele>
      </trkpt>
      <trkpt lat="40.868176" lon="0.792109">
        <ele>3.5</ele>
      </trkpt>
      <trkpt lat="40.868016" lon="0.792048">
        <ele>3.8</ele>
      </trkpt>
      <trkpt lat="40.867965" lon="0.792033">
        <ele>4.2</ele>
      </trkpt>
      <trkpt lat="40.867855" lon="0.792017">
        <ele>4.7</ele>
      </trkpt>
      <trkpt lat="40.86779" lon="0.792012">
        <ele>5.0</ele>
      </trkpt>
      <trkpt lat="40.867756" lon="0.792024">
        <ele>5.1</ele>
      </trkpt>
      <trkpt lat="40.867667" lon="0.792067">
        <ele>5.9</ele>
      </trkpt>
      <trkpt lat="40.867597" lon="0.792077">
        <ele>6.2</ele>
      </trkpt>
      <trkpt lat="40.867302" lon="0.791982">
        <ele>7.0</ele>
      </trkpt>
      <trkpt lat="40.867006" lon="0.791887">
        <ele>6.7</ele>
      </trkpt>
      <trkpt lat="40.866711" lon="0.791792">
        <ele>7.1</ele>
      </trkpt>
      <trkpt lat="40.866653" lon="0.791772">
        <ele>7.2</ele>
      </trkpt>
      <trkpt lat="40.866619" lon="0.791745">
        <ele>7.3</ele>
      </trkpt>
      <trkpt lat="40.866582" lon="0.791708">
        <ele>7.4</ele>
      </trkpt>
      <trkpt lat="40.866573" lon="0.791691">
        <ele>7.5</ele>
      </trkpt>
      <trkpt lat="40.866568" lon="0.791668">
        <ele>7.4</ele>
      </trkpt>
      <trkpt lat="40.866549" lon="0.791651">
        <ele>7.4</ele>
      </trkpt>
      <trkpt lat="40.866521" lon="0.791605">
        <ele>7.5</ele>
      </trkpt>
      <trkpt lat="40.8665" lon="0.791565">
        <ele>7.2</ele>
      </trkpt>
      <trkpt lat="40.866483" lon="0.791515">
        <ele>6.7</ele>
      </trkpt>
      <trkpt lat="40.866476" lon="0.791391">
        <ele>5.2</ele>
      </trkpt>
      <trkpt lat="40.866463" lon="0.791338">
        <ele>4.5</ele>
      </trkpt>
      <trkpt lat="40.866451" lon="0.791308">
        <ele>4.2</ele>
      </trkpt>
      <trkpt lat="40.866407" lon="0.791276">
        <ele>4.4</ele>
      </trkpt>
      <trkpt lat="40.866385" lon="0.791256">
        <ele>5.1</ele>
      </trkpt>
      <trkpt lat="40.866349" lon="0.79123">
        <ele>6.2</ele>
      </trkpt>
      <trkpt lat="40.866328" lon="0.791227">
        <ele>6.5</ele>
      </trkpt>
      <trkpt lat="40.866287" lon="0.791226">
        <ele>7.0</ele>
      </trkpt>
      <trkpt lat="40.866256" lon="0.791222">
        <ele>7.4</ele>
      </trkpt>
      <trkpt lat="40.866233" lon="0.791234">
        <ele>7.6</ele>
      </trkpt>
      <trkpt lat="40.866189" lon="0.791204">
        <ele>7.9</ele>
      </trkpt>
      <trkpt lat="40.866143" lon="0.791051">
        <ele>7.9</ele>
      </trkpt>
      <trkpt lat="40.866143" lon="0.790973">
        <ele>8.1</ele>
      </trkpt>
      <trkpt lat="40.866139" lon="0.790941">
        <ele>8.1</ele>
      </trkpt>
      <trkpt lat="40.866132" lon="0.790903">
        <ele>8.1</ele>
      </trkpt>
      <trkpt lat="40.866116" lon="0.790881">
        <ele>8.0</ele>
      </trkpt>
      <trkpt lat="40.866096" lon="0.790875">
        <ele>7.8</ele>
      </trkpt>
      <trkpt lat="40.866085" lon="0.790844">
        <ele>7.5</ele>
      </trkpt>
      <trkpt lat="40.866078" lon="0.790811">
        <ele>7.4</ele>
      </trkpt>
      <trkpt lat="40.866072" lon="0.790751">
        <ele>7.0</ele>
      </trkpt>
      <trkpt lat="40.866057" lon="0.790705">
        <ele>6.8</ele>
      </trkpt>
      <trkpt lat="40.866052" lon="0.790638">
        <ele>6.8</ele>
      </trkpt>
      <trkpt lat="40.866085" lon="0.790502">
        <ele>7.8</ele>
      </trkpt>
      <trkpt lat="40.866102" lon="0.790442">
        <ele>7.4</ele>
      </trkpt>
      <trkpt lat="40.8661" lon="0.790384">
        <ele>7.0</ele>
      </trkpt>
      <trkpt lat="40.866088" lon="0.790298">
        <ele>6.8</ele>
      </trkpt>
      <trkpt lat="40.866038" lon="0.790126">
        <ele>5.7</ele>
      </trkpt>
      <trkpt lat="40.865935" lon="0.789952">
        <ele>6.6</ele>
      </trkpt>
      <trkpt lat="40.865878" lon="0.789806">
        <ele>6.9</ele>
      </trkpt>
      <trkpt lat="40.865817" lon="0.789542">
        <ele>6.3</ele>
      </trkpt>
      <trkpt lat="40.86581" lon="0.789403">
        <ele>5.9</ele>
      </trkpt>
      <trkpt lat="40.865848" lon="0.789296">
        <ele>6.1</ele>
      </trkpt>
      <trkpt lat="40.865873" lon="0.789179">
        <ele>6.3</ele>
      </trkpt>
      <trkpt lat="40.865871" lon="0.789075">
        <ele>6.2</ele>
      </trkpt>
      <trkpt lat="40.865855" lon="0.788941">
        <ele>5.5</ele>
      </trkpt>
      <trkpt lat="40.865832" lon="0.788822">
        <ele>5.2</ele>
      </trkpt>
      <trkpt lat="40.865842" lon="0.78873">
        <ele>5.0</ele>
      </trkpt>
      <trkpt lat="40.865858" lon="0.788662">
        <ele>3.8</ele>
      </trkpt>
      <trkpt lat="40.865862" lon="0.788505">
        <ele>1.8</ele>
      </trkpt>
      <trkpt lat="40.865874" lon="0.788401">
        <ele>2.2</ele>
      </trkpt>
      <trkpt lat="40.865666" lon="0.787963">
        <ele>2.6</ele>
      </trkpt>
      <trkpt lat="40.865236" lon="0.787902">
        <ele>5.2</ele>
      </trkpt>
      <trkpt lat="40.864944" lon="0.787758">
        <ele>5.3</ele>
      </trkpt>
      <trkpt lat="40.864826" lon="0.787587">
        <ele>4.2</ele>
        <name>l&apos;Ametlla de Mar, Baix Ebre</name>
        <extensions>
          <oa:Extension>
            <oa:mapZoom>17</oa:mapZoom>
          </oa:Extension>
        </extensions>
      </trkpt>
      <trkpt lat="40.864722" lon="0.787437">
        <ele>3.2</ele>
      </trkpt>
      <trkpt lat="40.864458" lon="0.787046">
        <ele>4.1</ele>
      </trkpt>
      <trkpt lat="40.864388" lon="0.786734">
        <ele>4.1</ele>
      </trkpt>
      <trkpt lat="40.864277" lon="0.786624">
        <ele>3.4</ele>
      </trkpt>
      <trkpt lat="40.864187" lon="0.786533">
        <ele>3.2</ele>
      </trkpt>
      <trkpt lat="40.864042" lon="0.78644">
        <ele>4.5</ele>
      </trkpt>
      <trkpt lat="40.863936" lon="0.786156">
        <ele>7.3</ele>
      </trkpt>
      <trkpt lat="40.863842" lon="0.785917">
        <ele>7.9</ele>
      </trkpt>
      <trkpt lat="40.863693" lon="0.785477">
        <ele>7.7</ele>
      </trkpt>
      <trkpt lat="40.86366" lon="0.785358">
        <ele>7.6</ele>
      </trkpt>
      <trkpt lat="40.863549" lon="0.785116">
        <ele>8.0</ele>
      </trkpt>
      <trkpt lat="40.863474" lon="0.784915">
        <ele>8.0</ele>
      </trkpt>
      <trkpt lat="40.863431" lon="0.784727">
        <ele>8.3</ele>
      </trkpt>
      <trkpt lat="40.863345" lon="0.78456">
        <ele>8.6</ele>
      </trkpt>
      <trkpt lat="40.863219" lon="0.784362">
        <ele>10.4</ele>
      </trkpt>
      <trkpt lat="40.86312" lon="0.784248">
        <ele>10.7</ele>
      </trkpt>
      <trkpt lat="40.863065" lon="0.784236">
        <ele>10.2</ele>
      </trkpt>
      <trkpt lat="40.863028" lon="0.784143">
        <ele>10.3</ele>
      </trkpt>
      <trkpt lat="40.862946" lon="0.784035">
        <ele>9.0</ele>
      </trkpt>
      <trkpt lat="40.862824" lon="0.783926">
        <ele>8.8</ele>
      </trkpt>
      <trkpt lat="40.862776" lon="0.783851">
        <ele>9.5</ele>
      </trkpt>
      <trkpt lat="40.86273" lon="0.783685">
        <ele>11.0</ele>
      </trkpt>
      <trkpt lat="40.862668" lon="0.783575">
        <ele>11.8</ele>
      </trkpt>
      <trkpt lat="40.862591" lon="0.78339">
        <ele>12.3</ele>
      </trkpt>
      <trkpt lat="40.862588" lon="0.783279">
        <ele>12.6</ele>
      </trkpt>
      <trkpt lat="40.862572" lon="0.7832">
        <ele>12.4</ele>
      </trkpt>
      <trkpt lat="40.862585" lon="0.783113">
        <ele>12.6</ele>
      </trkpt>
      <trkpt lat="40.862567" lon="0.782949">
        <ele>12.0</ele>
      </trkpt>
      <trkpt lat="40.862545" lon="0.782763">
        <ele>11.9</ele>
      </trkpt>
      <trkpt lat="40.862486" lon="0.782529">
        <ele>11.5</ele>
      </trkpt>
      <trkpt lat="40.862474" lon="0.782454">
        <ele>11.1</ele>
      </trkpt>
      <trkpt lat="40.862413" lon="0.782399">
        <ele>9.7</ele>
      </trkpt>
      <trkpt lat="40.862362" lon="0.782372">
        <ele>8.4</ele>
      </trkpt>
      <trkpt lat="40.862317" lon="0.782285">
        <ele>7.7</ele>
      </trkpt>
      <trkpt lat="40.862267" lon="0.782238">
        <ele>7.3</ele>
      </trkpt>
      <trkpt lat="40.862207" lon="0.782136">
        <ele>6.2</ele>
      </trkpt>
      <trkpt lat="40.862091" lon="0.781946">
        <ele>2.2</ele>
      </trkpt>
      <trkpt lat="40.862031" lon="0.781908">
        <ele>1.6</ele>
      </trkpt>
      <trkpt lat="40.861993" lon="0.781883">
        <ele>1.5</ele>
      </trkpt>
      <trkpt lat="40.861676" lon="0.781681">
        <ele>2.2</ele>
      </trkpt>
      <trkpt lat="40.861496" lon="0.781502">
        <ele>1.7</ele>
      </trkpt>
      <trkpt lat="40.861317" lon="0.781323">
        <ele>5.0</ele>
      </trkpt>
      <trkpt lat="40.861024" lon="0.781448">
        <ele>8.0</ele>
      </trkpt>
      <trkpt lat="40.860887" lon="0.781351">
        <ele>9.4</ele>
      </trkpt>
      <trkpt lat="40.860854" lon="0.781202">
        <ele>9.4</ele>
      </trkpt>
      <trkpt lat="40.860882" lon="0.780894">
        <ele>7.2</ele>
      </trkpt>
      <trkpt lat="40.860848" lon="0.780647">
        <ele>9.4</ele>
      </trkpt>
      <trkpt lat="40.86086" lon="0.780505">
        <ele>11.4</ele>
      </trkpt>
      <trkpt lat="40.860848" lon="0.780373">
        <ele>10.6</ele>
      </trkpt>
      <trkpt lat="40.860864" lon="0.780297">
        <ele>9.7</ele>
      </trkpt>
      <trkpt lat="40.860876" lon="0.780221">
        <ele>8.6</ele>
      </trkpt>
      <trkpt lat="40.860873" lon="0.78015">
        <ele>7.9</ele>
      </trkpt>
      <trkpt lat="40.860845" lon="0.780119">
        <ele>8.0</ele>
      </trkpt>
      <trkpt lat="40.860819" lon="0.780072">
        <ele>8.9</ele>
      </trkpt>
      <trkpt lat="40.860767" lon="0.779967">
        <ele>10.1</ele>
      </trkpt>
      <trkpt lat="40.860609" lon="0.779651">
        <ele>13.4</ele>
      </trkpt>
      <trkpt lat="40.860492" lon="0.77932">
        <ele>5.9</ele>
      </trkpt>
      <trkpt lat="40.860423" lon="0.779105">
        <ele>10.5</ele>
        <name>l&apos;Ametlla de Mar, Baix Ebre</name>
        <extensions>
          <oa:Extension>
            <oa:mapZoom>17</oa:mapZoom>
          </oa:Extension>
        </extensions>
      </trkpt>
      <trkpt lat="40.860405" lon="0.779045">
        <ele>11.7</ele>
      </trkpt>
      <trkpt lat="40.860204" lon="0.778999">
        <ele>9.3</ele>
      </trkpt>
      <trkpt lat="40.860031" lon="0.778938">
        <ele>7.8</ele>
      </trkpt>
      <trkpt lat="40.859904" lon="0.778873">
        <ele>9.4</ele>
      </trkpt>
      <trkpt lat="40.859661" lon="0.778869">
        <ele>8.8</ele>
      </trkpt>
      <trkpt lat="40.859503" lon="0.778794">
        <ele>9.3</ele>
      </trkpt>
      <trkpt lat="40.859461" lon="0.77857">
        <ele>8.6</ele>
      </trkpt>
      <trkpt lat="40.85944" lon="0.778305">
        <ele>4.3</ele>
      </trkpt>
      <trkpt lat="40.859619" lon="0.778137">
        <ele>5.7</ele>
      </trkpt>
      <trkpt lat="40.859635" lon="0.778068">
        <ele>6.0</ele>
      </trkpt>
      <trkpt lat="40.85955" lon="0.777863">
        <ele>8.4</ele>
      </trkpt>
      <trkpt lat="40.859498" lon="0.777687">
        <ele>8.8</ele>
      </trkpt>
      <trkpt lat="40.85946" lon="0.777448">
        <ele>8.6</ele>
      </trkpt>
      <trkpt lat="40.859372" lon="0.777204">
        <ele>6.8</ele>
      </trkpt>
      <trkpt lat="40.859342" lon="0.77707">
        <ele>7.4</ele>
      </trkpt>
      <trkpt lat="40.859306" lon="0.776942">
        <ele>8.3</ele>
      </trkpt>
      <trkpt lat="40.859225" lon="0.776909">
        <ele>8.4</ele>
      </trkpt>
      <trkpt lat="40.859198" lon="0.776852">
        <ele>8.5</ele>
      </trkpt>
      <trkpt lat="40.859214" lon="0.776733">
        <ele>7.4</ele>
      </trkpt>
      <trkpt lat="40.859279" lon="0.776542">
        <ele>8.3</ele>
      </trkpt>
      <trkpt lat="40.859189" lon="0.776426">
        <ele>7.2</ele>
      </trkpt>
      <trkpt lat="40.859115" lon="0.776325">
        <ele>7.0</ele>
      </trkpt>
      <trkpt lat="40.859038" lon="0.776152">
        <ele>9.5</ele>
      </trkpt>
      <trkpt lat="40.858952" lon="0.775937">
        <ele>9.3</ele>
      </trkpt>
      <trkpt lat="40.858982" lon="0.775791">
        <ele>8.3</ele>
      </trkpt>
      <trkpt lat="40.858973" lon="0.775601">
        <ele>10.4</ele>
      </trkpt>
      <trkpt lat="40.858896" lon="0.775449">
        <ele>7.3</ele>
      </trkpt>
      <trkpt lat="40.858842" lon="0.775258">
        <ele>11.6</ele>
      </trkpt>
      <trkpt lat="40.858831" lon="0.775103">
        <ele>13.1</ele>
      </trkpt>
      <trkpt lat="40.858869" lon="0.77499">
        <ele>12.8</ele>
      </trkpt>
      <trkpt lat="40.858943" lon="0.774629">
        <ele>13.7</ele>
      </trkpt>
      <trkpt lat="40.858997" lon="0.774182">
        <ele>6.7</ele>
      </trkpt>
      <trkpt lat="40.859042" lon="0.773875">
        <ele>15.3</ele>
      </trkpt>
      <trkpt lat="40.859038" lon="0.773538">
        <ele>15.2</ele>
      </trkpt>
      <trkpt lat="40.858999" lon="0.773233">
        <ele>13.8</ele>
      </trkpt>
      <trkpt lat="40.858973" lon="0.773026">
        <ele>11.2</ele>
      </trkpt>
      <trkpt lat="40.858968" lon="0.772811">
        <ele>8.5</ele>
      </trkpt>
      <trkpt lat="40.859049" lon="0.772671">
        <ele>7.4</ele>
      </trkpt>
      <trkpt lat="40.859056" lon="0.772513">
        <ele>5.3</ele>
      </trkpt>
      <trkpt lat="40.859081" lon="0.772438">
        <ele>7.6</ele>
      </trkpt>
      <trkpt lat="40.85909" lon="0.772338">
        <ele>11.5</ele>
      </trkpt>
      <trkpt lat="40.859009" lon="0.772361">
        <ele>12.0</ele>
      </trkpt>
      <trkpt lat="40.858948" lon="0.772373">
        <ele>12.1</ele>
      </trkpt>
      <trkpt lat="40.858813" lon="0.772394">
        <ele>11.0</ele>
      </trkpt>
      <trkpt lat="40.858722" lon="0.772322">
        <ele>13.0</ele>
      </trkpt>
      <trkpt lat="40.858664" lon="0.77229">
        <ele>13.2</ele>
      </trkpt>
      <trkpt lat="40.858614" lon="0.7722">
        <ele>12.7</ele>
      </trkpt>
      <trkpt lat="40.858643" lon="0.772075">
        <ele>14.1</ele>
      </trkpt>
      <trkpt lat="40.858675" lon="0.771959">
        <ele>15.3</ele>
      </trkpt>
      <trkpt lat="40.858651" lon="0.771835">
        <ele>15.3</ele>
        <name>l&apos;Ametlla de Mar, Baix Ebre</name>
        <extensions>
          <oa:Extension>
            <oa:mapZoom>17</oa:mapZoom>
          </oa:Extension>
        </extensions>
      </trkpt>
      <trkpt lat="40.858615" lon="0.771652">
        <ele>15.3</ele>
      </trkpt>
      <trkpt lat="40.858556" lon="0.771345">
        <ele>15.3</ele>
      </trkpt>
      <trkpt lat="40.858474" lon="0.771097">
        <ele>15.2</ele>
      </trkpt>
      <trkpt lat="40.858369" lon="0.770957">
        <ele>13.3</ele>
      </trkpt>
      <trkpt lat="40.858285" lon="0.770825">
        <ele>11.5</ele>
      </trkpt>
      <trkpt lat="40.858256" lon="0.770752">
        <ele>10.8</ele>
      </trkpt>
      <trkpt lat="40.858131" lon="0.770589">
        <ele>8.8</ele>
      </trkpt>
      <trkpt lat="40.858077" lon="0.770476">
        <ele>8.3</ele>
      </trkpt>
      <trkpt lat="40.858053" lon="0.770349">
        <ele>6.2</ele>
      </trkpt>
      <trkpt lat="40.858082" lon="0.770297">
        <ele>4.1</ele>
      </trkpt>
      <trkpt lat="40.857998" lon="0.770301">
        <ele>2.0</ele>
      </trkpt>
      <trkpt lat="40.858028" lon="0.770268">
        <ele>1.7</ele>
      </trkpt>
      <trkpt lat="40.858034" lon="0.770261">
        <ele>1.6</ele>
      </trkpt>
      <trkpt lat="40.857897" lon="0.769932">
        <ele>0.7</ele>
      </trkpt>
      <trkpt lat="40.857805" lon="0.769783">
        <ele>0.5</ele>
      </trkpt>
      <trkpt lat="40.85767" lon="0.769682">
        <ele>1.2</ele>
      </trkpt>
      <trkpt lat="40.857634" lon="0.769669">
        <ele>0.6</ele>
      </trkpt>
      <trkpt lat="40.857559" lon="0.769667">
        <ele>2.6</ele>
      </trkpt>
      <trkpt lat="40.857498" lon="0.769455">
        <ele>6.1</ele>
      </trkpt>
      <trkpt lat="40.857424" lon="0.769279">
        <ele>8.8</ele>
      </trkpt>
      <trkpt lat="40.857237" lon="0.769086">
        <ele>7.5</ele>
      </trkpt>
      <trkpt lat="40.857158" lon="0.768868">
        <ele>7.3</ele>
      </trkpt>
      <trkpt lat="40.857131" lon="0.768797">
        <ele>7.6</ele>
      </trkpt>
      <trkpt lat="40.856982" lon="0.768689">
        <ele>7.1</ele>
      </trkpt>
      <trkpt lat="40.856876" lon="0.768603">
        <ele>8.3</ele>
      </trkpt>
      <trkpt lat="40.856775" lon="0.76846">
        <ele>9.7</ele>
      </trkpt>
      <trkpt lat="40.856685" lon="0.768311">
        <ele>13.3</ele>
      </trkpt>
      <trkpt lat="40.856597" lon="0.768209">
        <ele>14.0</ele>
      </trkpt>
      <trkpt lat="40.856313" lon="0.768168">
        <ele>14.5</ele>
      </trkpt>
      <trkpt lat="40.856232" lon="0.768147">
        <ele>14.3</ele>
      </trkpt>
      <trkpt lat="40.856031" lon="0.767968">
        <ele>15.5</ele>
      </trkpt>
      <trkpt lat="40.855887" lon="0.767894">
        <ele>15.0</ele>
      </trkpt>
      <trkpt lat="40.855772" lon="0.767736">
        <ele>15.3</ele>
      </trkpt>
      <trkpt lat="40.855693" lon="0.767703">
        <ele>15.2</ele>
      </trkpt>
      <trkpt lat="40.855634" lon="0.767658">
        <ele>14.9</ele>
      </trkpt>
      <trkpt lat="40.855578" lon="0.767628">
        <ele>13.9</ele>
      </trkpt>
      <trkpt lat="40.855522" lon="0.767596">
        <ele>13.1</ele>
      </trkpt>
      <trkpt lat="40.855422" lon="0.767587">
        <ele>10.2</ele>
      </trkpt>
      <trkpt lat="40.85533" lon="0.767414">
        <ele>9.6</ele>
      </trkpt>
      <trkpt lat="40.855251" lon="0.767298">
        <ele>8.5</ele>
      </trkpt>
      <trkpt lat="40.855188" lon="0.767143">
        <ele>4.1</ele>
      </trkpt>
      <trkpt lat="40.855201" lon="0.767074">
        <ele>2.3</ele>
      </trkpt>
      <trkpt lat="40.855251" lon="0.767003">
        <ele>2.8</ele>
      </trkpt>
      <trkpt lat="40.855183" lon="0.766776">
        <ele>2.4</ele>
      </trkpt>
      <trkpt lat="40.855169" lon="0.766744">
        <ele>3.0</ele>
      </trkpt>
      <trkpt lat="40.855152" lon="0.766707">
        <ele>4.5</ele>
      </trkpt>
      <trkpt lat="40.855044" lon="0.766645">
        <ele>5.4</ele>
      </trkpt>
      <trkpt lat="40.854956" lon="0.766606">
        <ele>6.9</ele>
      </trkpt>
      <trkpt lat="40.854818" lon="0.766606">
        <ele>7.4</ele>
      </trkpt>
      <trkpt lat="40.854708" lon="0.766603">
        <ele>8.0</ele>
      </trkpt>
      <trkpt lat="40.854674" lon="0.766636">
        <ele>7.5</ele>
      </trkpt>
      <trkpt lat="40.854536" lon="0.766609">
        <ele>8.2</ele>
      </trkpt>
      <trkpt lat="40.854451" lon="0.766553">
        <ele>9.0</ele>
      </trkpt>
      <trkpt lat="40.854279" lon="0.766448">
        <ele>8.9</ele>
      </trkpt>
      <trkpt lat="40.854167" lon="0.766284">
        <ele>9.4</ele>
      </trkpt>
      <trkpt lat="40.854144" lon="0.766082">
        <ele>7.0</ele>
      </trkpt>
      <trkpt lat="40.854077" lon="0.766108">
        <ele>5.1</ele>
      </trkpt>
      <trkpt lat="40.853903" lon="0.76607">
        <ele>3.6</ele>
      </trkpt>
      <trkpt lat="40.853759" lon="0.766001">
        <ele>6.9</ele>
      </trkpt>
      <trkpt lat="40.853518" lon="0.765891">
        <ele>7.8</ele>
      </trkpt>
      <trkpt lat="40.85333" lon="0.765843">
        <ele>6.4</ele>
      </trkpt>
      <trkpt lat="40.853274" lon="0.765578">
        <ele>8.3</ele>
      </trkpt>
      <trkpt lat="40.853166" lon="0.765504">
        <ele>8.4</ele>
      </trkpt>
      <trkpt lat="40.853125" lon="0.765554">
        <ele>5.8</ele>
      </trkpt>
      <trkpt lat="40.853028" lon="0.765524">
        <ele>7.1</ele>
      </trkpt>
      <trkpt lat="40.85292" lon="0.765447">
        <ele>6.9</ele>
      </trkpt>
      <trkpt lat="40.85278" lon="0.765354">
        <ele>8.5</ele>
      </trkpt>
      <trkpt lat="40.85267" lon="0.765223">
        <ele>4.7</ele>
      </trkpt>
      <trkpt lat="40.852623" lon="0.765038">
        <ele>4.9</ele>
      </trkpt>
      <trkpt lat="40.852485" lon="0.765053">
        <ele>5.5</ele>
      </trkpt>
      <trkpt lat="40.852255" lon="0.765044">
        <ele>8.7</ele>
      </trkpt>
      <trkpt lat="40.852134" lon="0.765018">
        <ele>10.0</ele>
      </trkpt>
      <trkpt lat="40.852007" lon="0.764907">
        <ele>9.0</ele>
      </trkpt>
      <trkpt lat="40.851978" lon="0.764773">
        <ele>9.4</ele>
      </trkpt>
      <trkpt lat="40.85194" lon="0.764752">
        <ele>5.6</ele>
      </trkpt>
      <trkpt lat="40.851904" lon="0.764577">
        <ele>2.8</ele>
      </trkpt>
      <trkpt lat="40.851887" lon="0.764549">
        <ele>2.8</ele>
      </trkpt>
      <trkpt lat="40.851863" lon="0.764537">
        <ele>3.4</ele>
      </trkpt>
      <trkpt lat="40.851836" lon="0.764535">
        <ele>4.1</ele>
      </trkpt>
      <trkpt lat="40.851725" lon="0.764624">
        <ele>5.9</ele>
      </trkpt>
      <trkpt lat="40.851523" lon="0.764657">
        <ele>7.9</ele>
      </trkpt>
      <trkpt lat="40.851403" lon="0.764526">
        <ele>7.7</ele>
      </trkpt>
      <trkpt lat="40.851414" lon="0.764314">
        <ele>11.7</ele>
      </trkpt>
      <trkpt lat="40.851302" lon="0.764198">
        <ele>10.9</ele>
      </trkpt>
      <trkpt lat="40.851275" lon="0.764136">
        <ele>9.7</ele>
      </trkpt>
      <trkpt lat="40.851128" lon="0.764109">
        <ele>2.7</ele>
      </trkpt>
      <trkpt lat="40.851099" lon="0.763966">
        <ele>7.3</ele>
      </trkpt>
      <trkpt lat="40.85109" lon="0.76393">
        <ele>8.2</ele>
      </trkpt>
      <trkpt lat="40.851054" lon="0.763906">
        <ele>8.5</ele>
      </trkpt>
      <trkpt lat="40.851033" lon="0.763703">
        <ele>10.9</ele>
      </trkpt>
      <trkpt lat="40.850955" lon="0.763635">
        <ele>11.7</ele>
      </trkpt>
      <trkpt lat="40.850864" lon="0.763542">
        <ele>9.2</ele>
      </trkpt>
      <trkpt lat="40.850857" lon="0.76354">
        <ele>9.0</ele>
        <name>l&apos;Ametlla de Mar, Baix Ebre</name>
        <extensions>
          <oa:Extension>
            <oa:mapZoom>17</oa:mapZoom>
          </oa:Extension>
        </extensions>
      </trkpt>
      <trkpt lat="40.850822" lon="0.76353">
        <ele>8.2</ele>
      </trkpt>
      <trkpt lat="40.850763" lon="0.763486">
        <ele>7.3</ele>
      </trkpt>
      <trkpt lat="40.85067" lon="0.763492">
        <ele>5.6</ele>
      </trkpt>
      <trkpt lat="40.850591" lon="0.76345">
        <ele>5.0</ele>
      </trkpt>
      <trkpt lat="40.850573" lon="0.763367">
        <ele>7.3</ele>
      </trkpt>
      <trkpt lat="40.850522" lon="0.763307">
        <ele>9.2</ele>
      </trkpt>
      <trkpt lat="40.850481" lon="0.763322">
        <ele>9.1</ele>
      </trkpt>
      <trkpt lat="40.850432" lon="0.763343">
        <ele>8.6</ele>
      </trkpt>
      <trkpt lat="40.850359" lon="0.763292">
        <ele>9.7</ele>
      </trkpt>
      <trkpt lat="40.850289" lon="0.763241">
        <ele>12.1</ele>
      </trkpt>
      <trkpt lat="40.850154" lon="0.763212">
        <ele>12.8</ele>
      </trkpt>
      <trkpt lat="40.849938" lon="0.763286">
        <ele>12.1</ele>
      </trkpt>
      <trkpt lat="40.849894" lon="0.763289">
        <ele>11.6</ele>
      </trkpt>
      <trkpt lat="40.849843" lon="0.763292">
        <ele>10.6</ele>
      </trkpt>
      <trkpt lat="40.84969" lon="0.763352">
        <ele>4.9</ele>
      </trkpt>
      <trkpt lat="40.849665" lon="0.763386">
        <ele>4.3</ele>
      </trkpt>
      <trkpt lat="40.849627" lon="0.763438">
        <ele>3.6</ele>
      </trkpt>
      <trkpt lat="40.849491" lon="0.763551">
        <ele>1.3</ele>
      </trkpt>
      <trkpt lat="40.849458" lon="0.763578">
        <ele>1.1</ele>
      </trkpt>
      <trkpt lat="40.849225" lon="0.763644">
        <ele>2.5</ele>
      </trkpt>
      <trkpt lat="40.84914" lon="0.763793">
        <ele>4.8</ele>
      </trkpt>
      <trkpt lat="40.84907" lon="0.763873">
        <ele>6.4</ele>
      </trkpt>
      <trkpt lat="40.848971" lon="0.7639">
        <ele>7.3</ele>
      </trkpt>
      <trkpt lat="40.848813" lon="0.763879">
        <ele>8.4</ele>
      </trkpt>
      <trkpt lat="40.848635" lon="0.763799">
        <ele>8.4</ele>
      </trkpt>
      <trkpt lat="40.848448" lon="0.763689">
        <ele>6.9</ele>
      </trkpt>
      <trkpt lat="40.84833" lon="0.763602">
        <ele>7.6</ele>
      </trkpt>
      <trkpt lat="40.848131" lon="0.763503">
        <ele>6.4</ele>
      </trkpt>
      <trkpt lat="40.847949" lon="0.763393">
        <ele>7.3</ele>
      </trkpt>
      <trkpt lat="40.847679" lon="0.763399">
        <ele>7.0</ele>
      </trkpt>
      <trkpt lat="40.847638" lon="0.763367">
        <ele>6.9</ele>
      </trkpt>
      <trkpt lat="40.847598" lon="0.763191">
        <ele>7.2</ele>
      </trkpt>
      <trkpt lat="40.847677" lon="0.763015">
        <ele>9.2</ele>
      </trkpt>
      <trkpt lat="40.847695" lon="0.762836">
        <ele>9.2</ele>
      </trkpt>
      <trkpt lat="40.847663" lon="0.762738">
        <ele>6.6</ele>
      </trkpt>
      <trkpt lat="40.847681" lon="0.762547">
        <ele>8.5</ele>
      </trkpt>
      <trkpt lat="40.847559" lon="0.762249">
        <ele>8.1</ele>
      </trkpt>
      <trkpt lat="40.847318" lon="0.76227">
        <ele>13.0</ele>
      </trkpt>
      <trkpt lat="40.847165" lon="0.762371">
        <ele>10.5</ele>
      </trkpt>
      <trkpt lat="40.847073" lon="0.7625">
        <ele>9.4</ele>
      </trkpt>
      <trkpt lat="40.847013" lon="0.762518">
        <ele>9.9</ele>
      </trkpt>
      <trkpt lat="40.846953" lon="0.76258">
        <ele>8.0</ele>
      </trkpt>
      <trkpt lat="40.846831" lon="0.762547">
        <ele>7.5</ele>
      </trkpt>
      <trkpt lat="40.846734" lon="0.762481">
        <ele>6.6</ele>
      </trkpt>
      <trkpt lat="40.846705" lon="0.762359">
        <ele>8.8</ele>
      </trkpt>
      <trkpt lat="40.846723" lon="0.762195">
        <ele>8.7</ele>
      </trkpt>
      <trkpt lat="40.846766" lon="0.762124">
        <ele>9.4</ele>
      </trkpt>
      <trkpt lat="40.846826" lon="0.762037">
        <ele>10.5</ele>
      </trkpt>
      <trkpt lat="40.846839" lon="0.761978">
        <ele>9.1</ele>
      </trkpt>
      <trkpt lat="40.846837" lon="0.761939">
        <ele>8.2</ele>
      </trkpt>
      <trkpt lat="40.846844" lon="0.761913">
        <ele>8.2</ele>
      </trkpt>
      <trkpt lat="40.846938" lon="0.761705">
        <ele>11.5</ele>
      </trkpt>
      <trkpt lat="40.847002" lon="0.761619">
        <ele>12.3</ele>
      </trkpt>
      <trkpt lat="40.847068" lon="0.761521">
        <ele>13.1</ele>
      </trkpt>
      <trkpt lat="40.847115" lon="0.761477">
        <ele>15.1</ele>
      </trkpt>
      <trkpt lat="40.847125" lon="0.761439">
        <ele>15.2</ele>
      </trkpt>
      <trkpt lat="40.847096" lon="0.761345">
        <ele>14.9</ele>
      </trkpt>
      <trkpt lat="40.847112" lon="0.761275">
        <ele>15.3</ele>
      </trkpt>
      <trkpt lat="40.847164" lon="0.761168">
        <ele>15.5</ele>
      </trkpt>
      <trkpt lat="40.847213" lon="0.761138">
        <ele>15.7</ele>
      </trkpt>
      <trkpt lat="40.847265" lon="0.761075">
        <ele>16.4</ele>
      </trkpt>
      <trkpt lat="40.847315" lon="0.761015">
        <ele>15.3</ele>
      </trkpt>
      <trkpt lat="40.847375" lon="0.761">
        <ele>15.0</ele>
      </trkpt>
      <trkpt lat="40.84751" lon="0.76096">
        <ele>17.5</ele>
      </trkpt>
      <trkpt lat="40.847542" lon="0.760943">
        <ele>17.9</ele>
      </trkpt>
      <trkpt lat="40.847605" lon="0.76091">
        <ele>18.5</ele>
      </trkpt>
      <trkpt lat="40.847602" lon="0.760869">
        <ele>18.2</ele>
      </trkpt>
      <trkpt lat="40.847528" lon="0.760786">
        <ele>14.2</ele>
      </trkpt>
      <trkpt lat="40.847467" lon="0.76058">
        <ele>8.2</ele>
      </trkpt>
      <trkpt lat="40.847508" lon="0.760529">
        <ele>8.3</ele>
      </trkpt>
      <trkpt lat="40.847509" lon="0.760521">
        <ele>8.3</ele>
        <name>l&apos;Àlia, l&apos;Ametlla de Mar, Baix Ebre</name>
        <extensions>
          <oa:Extension>
            <oa:mapZoom>17</oa:mapZoom>
          </oa:Extension>
        </extensions>
      </trkpt>
      <trkpt lat="40.847518" lon="0.760456">
        <ele>7.8</ele>
      </trkpt>
      <trkpt lat="40.847535" lon="0.760426">
        <ele>7.8</ele>
      </trkpt>
      <trkpt lat="40.847533" lon="0.760358">
        <ele>7.7</ele>
      </trkpt>
      <trkpt lat="40.847489" lon="0.760352">
        <ele>7.1</ele>
      </trkpt>
      <trkpt lat="40.847455" lon="0.76025">
        <ele>6.4</ele>
      </trkpt>
      <trkpt lat="40.84744" lon="0.760202">
        <ele>6.5</ele>
      </trkpt>
      <trkpt lat="40.847414" lon="0.760148">
        <ele>7.1</ele>
      </trkpt>
      <trkpt lat="40.847421" lon="0.760075">
        <ele>7.9</ele>
      </trkpt>
      <trkpt lat="40.847451" lon="0.759997">
        <ele>7.8</ele>
      </trkpt>
      <trkpt lat="40.847497" lon="0.759936">
        <ele>8.0</ele>
      </trkpt>
      <trkpt lat="40.847545" lon="0.759922">
        <ele>9.2</ele>
      </trkpt>
      <trkpt lat="40.847584" lon="0.759895">
        <ele>9.7</ele>
      </trkpt>
      <trkpt lat="40.847645" lon="0.75986">
        <ele>11.1</ele>
      </trkpt>
      <trkpt lat="40.847692" lon="0.759787">
        <ele>14.4</ele>
      </trkpt>
      <trkpt lat="40.847674" lon="0.759728">
        <ele>15.3</ele>
      </trkpt>
      <trkpt lat="40.847549" lon="0.75959">
        <ele>13.3</ele>
      </trkpt>
      <trkpt lat="40.847494" lon="0.759483">
        <ele>10.1</ele>
      </trkpt>
      <trkpt lat="40.847485" lon="0.759385">
        <ele>11.9</ele>
      </trkpt>
      <trkpt lat="40.847537" lon="0.759272">
        <ele>13.9</ele>
      </trkpt>
      <trkpt lat="40.847667" lon="0.759231">
        <ele>14.3</ele>
      </trkpt>
      <trkpt lat="40.847752" lon="0.759169">
        <ele>12.9</ele>
      </trkpt>
      <trkpt lat="40.847768" lon="0.759021">
        <ele>11.9</ele>
      </trkpt>
      <trkpt lat="40.847803" lon="0.758917">
        <ele>11.3</ele>
      </trkpt>
      <trkpt lat="40.847841" lon="0.758813">
        <ele>11.4</ele>
      </trkpt>
      <trkpt lat="40.847855" lon="0.758679">
        <ele>8.8</ele>
      </trkpt>
      <trkpt lat="40.84785" lon="0.75859">
        <ele>6.8</ele>
      </trkpt>
      <trkpt lat="40.847868" lon="0.758531">
        <ele>6.5</ele>
      </trkpt>
      <trkpt lat="40.847895" lon="0.758505">
        <ele>7.0</ele>
      </trkpt>
      <trkpt lat="40.847899" lon="0.758439">
        <ele>9.0</ele>
      </trkpt>
      <trkpt lat="40.847767" lon="0.758324">
        <ele>13.1</ele>
      </trkpt>
      <trkpt lat="40.847708" lon="0.758306">
        <ele>13.0</ele>
      </trkpt>
      <trkpt lat="40.8476" lon="0.758169">
        <ele>13.6</ele>
      </trkpt>
      <trkpt lat="40.847563" lon="0.75809">
        <ele>12.4</ele>
      </trkpt>
      <trkpt lat="40.847618" lon="0.75802">
        <ele>14.2</ele>
      </trkpt>
      <trkpt lat="40.847711" lon="0.757843">
        <ele>16.6</ele>
      </trkpt>
      <trkpt lat="40.847748" lon="0.757656">
        <ele>14.9</ele>
      </trkpt>
      <trkpt lat="40.847736" lon="0.757545">
        <ele>13.7</ele>
      </trkpt>
      <trkpt lat="40.847649" lon="0.757412">
        <ele>13.6</ele>
      </trkpt>
      <trkpt lat="40.847708" lon="0.757301">
        <ele>17.4</ele>
      </trkpt>
      <trkpt lat="40.847752" lon="0.757145">
        <ele>21.8</ele>
      </trkpt>
      <trkpt lat="40.847768" lon="0.756887">
        <ele>22.3</ele>
      </trkpt>
      <trkpt lat="40.847695" lon="0.756739">
        <ele>20.6</ele>
      </trkpt>
      <trkpt lat="40.847599" lon="0.756626">
        <ele>15.5</ele>
      </trkpt>
      <trkpt lat="40.847611" lon="0.75652">
        <ele>13.1</ele>
      </trkpt>
      <trkpt lat="40.847642" lon="0.756376">
        <ele>14.5</ele>
      </trkpt>
      <trkpt lat="40.847632" lon="0.756214">
        <ele>15.9</ele>
      </trkpt>
      <trkpt lat="40.84759" lon="0.756125">
        <ele>13.8</ele>
      </trkpt>
      <trkpt lat="40.84757" lon="0.756097">
        <ele>13.1</ele>
      </trkpt>
      <trkpt lat="40.847549" lon="0.756044">
        <ele>12.8</ele>
      </trkpt>
      <trkpt lat="40.847485" lon="0.75602">
        <ele>11.4</ele>
      </trkpt>
      <trkpt lat="40.847394" lon="0.755979">
        <ele>7.5</ele>
      </trkpt>
      <trkpt lat="40.847252" lon="0.755966">
        <ele>4.3</ele>
      </trkpt>
      <trkpt lat="40.84722" lon="0.755929">
        <ele>3.5</ele>
      </trkpt>
      <trkpt lat="40.847194" lon="0.755898">
        <ele>2.4</ele>
      </trkpt>
      <trkpt lat="40.84715" lon="0.755877">
        <ele>0.8</ele>
      </trkpt>
      <trkpt lat="40.847143" lon="0.755732">
        <ele>1.4</ele>
      </trkpt>
      <trkpt lat="40.847193" lon="0.755717">
        <ele>2.3</ele>
      </trkpt>
      <trkpt lat="40.84724" lon="0.755723">
        <ele>3.6</ele>
      </trkpt>
      <trkpt lat="40.847318" lon="0.755644">
        <ele>7.2</ele>
      </trkpt>
      <trkpt lat="40.847332" lon="0.755579">
        <ele>10.3</ele>
      </trkpt>
      <trkpt lat="40.847276" lon="0.755484">
        <ele>13.4</ele>
      </trkpt>
      <trkpt lat="40.847175" lon="0.755446">
        <ele>14.2</ele>
      </trkpt>
      <trkpt lat="40.847035" lon="0.755377">
        <ele>13.2</ele>
      </trkpt>
      <trkpt lat="40.846988" lon="0.7553">
        <ele>13.8</ele>
      </trkpt>
      <trkpt lat="40.846979" lon="0.755207">
        <ele>12.6</ele>
      </trkpt>
      <trkpt lat="40.846896" lon="0.75511">
        <ele>7.6</ele>
      </trkpt>
      <trkpt lat="40.846872" lon="0.755029">
        <ele>4.9</ele>
      </trkpt>
      <trkpt lat="40.846744" lon="0.754666">
        <ele>1.3</ele>
      </trkpt>
      <trkpt lat="40.846793" lon="0.754409">
        <ele>2.0</ele>
      </trkpt>
      <trkpt lat="40.846869" lon="0.754201">
        <ele>2.0</ele>
      </trkpt>
      <trkpt lat="40.846883" lon="0.753977">
        <ele>2.1</ele>
      </trkpt>
      <trkpt lat="40.846849" lon="0.753755">
        <ele>1.2</ele>
      </trkpt>
      <trkpt lat="40.846863" lon="0.753581">
        <ele>2.5</ele>
      </trkpt>
      <trkpt lat="40.846894" lon="0.753474">
        <ele>5.7</ele>
      </trkpt>
      <trkpt lat="40.846937" lon="0.753329">
        <ele>13.0</ele>
      </trkpt>
      <trkpt lat="40.846786" lon="0.753248">
        <ele>12.4</ele>
      </trkpt>
      <trkpt lat="40.846696" lon="0.753081">
        <ele>12.5</ele>
      </trkpt>
      <trkpt lat="40.846663" lon="0.752941">
        <ele>12.3</ele>
        <name>l&apos;Ametlla de Mar, Baix Ebre</name>
        <extensions>
          <oa:Extension>
            <oa:mapZoom>17</oa:mapZoom>
          </oa:Extension>
        </extensions>
      </trkpt>
      <trkpt lat="40.846616" lon="0.752737">
        <ele>12.0</ele>
      </trkpt>
      <trkpt lat="40.846568" lon="0.752463">
        <ele>8.5</ele>
      </trkpt>
      <trkpt lat="40.846589" lon="0.75238">
        <ele>8.1</ele>
      </trkpt>
      <trkpt lat="40.846578" lon="0.752273">
        <ele>8.0</ele>
      </trkpt>
      <trkpt lat="40.846425" lon="0.752063">
        <ele>4.1</ele>
      </trkpt>
      <trkpt lat="40.846248" lon="0.751829">
        <ele>3.2</ele>
      </trkpt>
      <trkpt lat="40.846178" lon="0.751738">
        <ele>2.6</ele>
      </trkpt>
      <trkpt lat="40.846054" lon="0.751636">
        <ele>1.7</ele>
      </trkpt>
      <trkpt lat="40.846016" lon="0.751578">
        <ele>1.8</ele>
      </trkpt>
      <trkpt lat="40.845977" lon="0.751576">
        <ele>1.8</ele>
      </trkpt>
      <trkpt lat="40.845936" lon="0.751562">
        <ele>1.8</ele>
      </trkpt>
      <trkpt lat="40.845871" lon="0.751441">
        <ele>3.0</ele>
      </trkpt>
      <trkpt lat="40.84583" lon="0.751293">
        <ele>6.2</ele>
      </trkpt>
      <trkpt lat="40.845768" lon="0.751153">
        <ele>8.7</ele>
      </trkpt>
      <trkpt lat="40.84565" lon="0.751074">
        <ele>11.2</ele>
      </trkpt>
      <trkpt lat="40.845586" lon="0.750986">
        <ele>12.7</ele>
      </trkpt>
      <trkpt lat="40.845519" lon="0.750869">
        <ele>15.9</ele>
      </trkpt>
      <trkpt lat="40.845448" lon="0.750795">
        <ele>17.7</ele>
      </trkpt>
      <trkpt lat="40.845296" lon="0.75085">
        <ele>20.1</ele>
      </trkpt>
      <trkpt lat="40.844927" lon="0.750844">
        <ele>22.5</ele>
      </trkpt>
      <trkpt lat="40.844823" lon="0.750786">
        <ele>22.8</ele>
      </trkpt>
      <trkpt lat="40.844697" lon="0.750606">
        <ele>19.6</ele>
      </trkpt>
      <trkpt lat="40.844426" lon="0.750523">
        <ele>16.9</ele>
      </trkpt>
      <trkpt lat="40.844294" lon="0.750421">
        <ele>17.0</ele>
      </trkpt>
      <trkpt lat="40.844233" lon="0.750273">
        <ele>18.1</ele>
      </trkpt>
      <trkpt lat="40.844135" lon="0.749841">
        <ele>18.4</ele>
      </trkpt>
      <trkpt lat="40.84413" lon="0.749764">
        <ele>17.7</ele>
      </trkpt>
      <trkpt lat="40.844175" lon="0.749589">
        <ele>17.1</ele>
      </trkpt>
      <trkpt lat="40.844216" lon="0.749488">
        <ele>17.9</ele>
      </trkpt>
      <trkpt lat="40.844154" lon="0.749306">
        <ele>18.3</ele>
      </trkpt>
      <trkpt lat="40.84412" lon="0.749278">
        <ele>18.2</ele>
      </trkpt>
      <trkpt lat="40.844033" lon="0.749173">
        <ele>15.4</ele>
      </trkpt>
      <trkpt lat="40.843938" lon="0.749063">
        <ele>14.6</ele>
      </trkpt>
      <trkpt lat="40.843771" lon="0.748978">
        <ele>12.0</ele>
      </trkpt>
      <trkpt lat="40.843542" lon="0.748889">
        <ele>6.4</ele>
      </trkpt>
      <trkpt lat="40.843393" lon="0.748795">
        <ele>3.1</ele>
      </trkpt>
      <trkpt lat="40.843318" lon="0.748721">
        <ele>2.0</ele>
      </trkpt>
      <trkpt lat="40.843216" lon="0.748649">
        <ele>2.7</ele>
      </trkpt>
      <trkpt lat="40.843132" lon="0.748537">
        <ele>3.3</ele>
      </trkpt>
      <trkpt lat="40.843118" lon="0.748477">
        <ele>4.0</ele>
      </trkpt>
      <trkpt lat="40.843063" lon="0.748477">
        <ele>4.6</ele>
      </trkpt>
      <trkpt lat="40.842867" lon="0.748544">
        <ele>6.9</ele>
      </trkpt>
      <trkpt lat="40.842736" lon="0.748615">
        <ele>9.7</ele>
      </trkpt>
      <trkpt lat="40.842715" lon="0.748549">
        <ele>13.7</ele>
      </trkpt>
      <trkpt lat="40.842793" lon="0.748382">
        <ele>19.3</ele>
      </trkpt>
      <trkpt lat="40.842694" lon="0.748455">
        <ele>23.3</ele>
      </trkpt>
      <trkpt lat="40.842621" lon="0.748504">
        <ele>24.7</ele>
      </trkpt>
      <trkpt lat="40.842473" lon="0.748636">
        <ele>24.5</ele>
      </trkpt>
      <trkpt lat="40.842189" lon="0.748847">
        <ele>21.2</ele>
      </trkpt>
      <trkpt lat="40.842104" lon="0.748975">
        <ele>20.5</ele>
      </trkpt>
      <trkpt lat="40.842009" lon="0.749186">
        <ele>21.0</ele>
      </trkpt>
      <trkpt lat="40.84197" lon="0.749236">
        <ele>21.1</ele>
        <name>el Perelló, Baix Ebre</name>
        <extensions>
          <oa:Extension>
            <oa:mapZoom>17</oa:mapZoom>
          </oa:Extension>
        </extensions>
      </trkpt>
      <trkpt lat="40.841941" lon="0.749272">
        <ele>21.2</ele>
      </trkpt>
      <trkpt lat="40.841843" lon="0.749298">
        <ele>24.5</ele>
      </trkpt>
      <trkpt lat="40.841653" lon="0.749265">
        <ele>23.3</ele>
      </trkpt>
      <trkpt lat="40.841515" lon="0.74926">
        <ele>19.4</ele>
      </trkpt>
      <trkpt lat="40.841249" lon="0.748911">
        <ele>24.1</ele>
      </trkpt>
      <trkpt lat="40.841044" lon="0.748777">
        <ele>21.3</ele>
      </trkpt>
      <trkpt lat="40.840977" lon="0.748705">
        <ele>21.8</ele>
      </trkpt>
      <trkpt lat="40.840895" lon="0.748509">
        <ele>21.8</ele>
      </trkpt>
      <trkpt lat="40.840816" lon="0.748418">
        <ele>21.1</ele>
      </trkpt>
      <trkpt lat="40.840671" lon="0.748395">
        <ele>21.9</ele>
      </trkpt>
      <trkpt lat="40.840439" lon="0.748062">
        <ele>21.9</ele>
      </trkpt>
      <trkpt lat="40.840328" lon="0.74795">
        <ele>23.8</ele>
      </trkpt>
      <trkpt lat="40.840037" lon="0.747784">
        <ele>18.5</ele>
      </trkpt>
      <trkpt lat="40.83992" lon="0.747593">
        <ele>20.1</ele>
      </trkpt>
      <trkpt lat="40.839726" lon="0.747285">
        <ele>20.3</ele>
      </trkpt>
      <trkpt lat="40.83961" lon="0.747062">
        <ele>24.3</ele>
      </trkpt>
      <trkpt lat="40.839533" lon="0.746946">
        <ele>23.6</ele>
      </trkpt>
      <trkpt lat="40.839441" lon="0.746743">
        <ele>25.3</ele>
      </trkpt>
      <trkpt lat="40.839401" lon="0.746673">
        <ele>24.1</ele>
      </trkpt>
      <trkpt lat="40.839272" lon="0.746545">
        <ele>18.2</ele>
      </trkpt>
      <trkpt lat="40.839236" lon="0.746311">
        <ele>16.8</ele>
      </trkpt>
      <trkpt lat="40.839239" lon="0.745984">
        <ele>17.2</ele>
      </trkpt>
      <trkpt lat="40.83922" lon="0.745925">
        <ele>16.2</ele>
      </trkpt>
      <trkpt lat="40.839216" lon="0.745857">
        <ele>15.7</ele>
      </trkpt>
      <trkpt lat="40.839188" lon="0.7458">
        <ele>14.3</ele>
      </trkpt>
      <trkpt lat="40.83916" lon="0.74576">
        <ele>13.8</ele>
      </trkpt>
      <trkpt lat="40.839155" lon="0.745691">
        <ele>13.8</ele>
      </trkpt>
      <trkpt lat="40.839208" lon="0.745509">
        <ele>14.0</ele>
      </trkpt>
      <trkpt lat="40.839243" lon="0.745415">
        <ele>14.2</ele>
      </trkpt>
      <trkpt lat="40.839181" lon="0.745301">
        <ele>10.0</ele>
      </trkpt>
      <trkpt lat="40.839116" lon="0.745268">
        <ele>7.3</ele>
      </trkpt>
      <trkpt lat="40.839118" lon="0.745141">
        <ele>4.9</ele>
      </trkpt>
      <trkpt lat="40.839004" lon="0.74489">
        <ele>13.1</ele>
      </trkpt>
      <trkpt lat="40.83878" lon="0.744731">
        <ele>16.1</ele>
      </trkpt>
      <trkpt lat="40.83852" lon="0.744666">
        <ele>15.7</ele>
      </trkpt>
      <trkpt lat="40.838261" lon="0.7446">
        <ele>14.9</ele>
      </trkpt>
      <trkpt lat="40.838052" lon="0.744471">
        <ele>19.7</ele>
      </trkpt>
      <trkpt lat="40.837918" lon="0.744432">
        <ele>20.2</ele>
      </trkpt>
      <trkpt lat="40.837832" lon="0.744383">
        <ele>21.9</ele>
      </trkpt>
      <trkpt lat="40.837719" lon="0.744437">
        <ele>21.7</ele>
      </trkpt>
      <trkpt lat="40.837612" lon="0.744467">
        <ele>20.0</ele>
      </trkpt>
      <trkpt lat="40.837357" lon="0.744434">
        <ele>17.0</ele>
      </trkpt>
      <trkpt lat="40.837282" lon="0.744514">
        <ele>12.9</ele>
      </trkpt>
      <trkpt lat="40.837234" lon="0.744426">
        <ele>14.0</ele>
      </trkpt>
      <trkpt lat="40.83713" lon="0.744329">
        <ele>12.0</ele>
      </trkpt>
      <trkpt lat="40.836963" lon="0.744281">
        <ele>4.8</ele>
      </trkpt>
      <trkpt lat="40.836813" lon="0.744345">
        <ele>3.0</ele>
      </trkpt>
      <trkpt lat="40.836602" lon="0.744286">
        <ele>2.0</ele>
      </trkpt>
      <trkpt lat="40.836468" lon="0.744254">
        <ele>2.5</ele>
      </trkpt>
      <trkpt lat="40.8364" lon="0.744124">
        <ele>2.6</ele>
      </trkpt>
      <trkpt lat="40.836307" lon="0.744011">
        <ele>2.9</ele>
      </trkpt>
      <trkpt lat="40.836215" lon="0.743868">
        <ele>2.0</ele>
      </trkpt>
      <trkpt lat="40.836074" lon="0.743779">
        <ele>1.6</ele>
        <name>Platja de l&apos;Adolç del Me, el Perelló, Baix Ebre</name>
        <extensions>
          <oa:Extension>
            <oa:mapZoom>17</oa:mapZoom>
          </oa:Extension>
        </extensions>
      </trkpt>
      <trkpt lat="40.836016" lon="0.743742">
        <ele>1.4</ele>
      </trkpt>
      <trkpt lat="40.835958" lon="0.743705">
        <ele>1.9</ele>
      </trkpt>
      <trkpt lat="40.835698" lon="0.743641">
        <ele>2.3</ele>
      </trkpt>
      <trkpt lat="40.835289" lon="0.743521">
        <ele>2.6</ele>
      </trkpt>
      <trkpt lat="40.834955" lon="0.743303">
        <ele>4.1</ele>
      </trkpt>
      <trkpt lat="40.834795" lon="0.743211">
        <ele>2.9</ele>
      </trkpt>
      <trkpt lat="40.834583" lon="0.743174">
        <ele>1.8</ele>
      </trkpt>
      <trkpt lat="40.834427" lon="0.743158">
        <ele>2.5</ele>
      </trkpt>
      <trkpt lat="40.834164" lon="0.742997">
        <ele>1.0</ele>
      </trkpt>
      <trkpt lat="40.833989" lon="0.742895">
        <ele>1.6</ele>
      </trkpt>
      <trkpt lat="40.833901" lon="0.742886">
        <ele>3.3</ele>
      </trkpt>
      <trkpt lat="40.833831" lon="0.742879">
        <ele>3.5</ele>
      </trkpt>
      <trkpt lat="40.833744" lon="0.742801">
        <ele>5.1</ele>
      </trkpt>
      <trkpt lat="40.833535" lon="0.742654">
        <ele>5.4</ele>
      </trkpt>
      <trkpt lat="40.833236" lon="0.742493">
        <ele>4.7</ele>
      </trkpt>
      <trkpt lat="40.832956" lon="0.742327">
        <ele>2.9</ele>
      </trkpt>
      <trkpt lat="40.832739" lon="0.742205">
        <ele>3.3</ele>
      </trkpt>
      <trkpt lat="40.832553" lon="0.742128">
        <ele>3.3</ele>
      </trkpt>
      <trkpt lat="40.832163" lon="0.742048">
        <ele>3.9</ele>
      </trkpt>
      <trkpt lat="40.831875" lon="0.741981">
        <ele>1.9</ele>
      </trkpt>
      <trkpt lat="40.831652" lon="0.741894">
        <ele>4.0</ele>
      </trkpt>
      <trkpt lat="40.831422" lon="0.741802">
        <ele>5.1</ele>
      </trkpt>
      <trkpt lat="40.831191" lon="0.741711">
        <ele>4.5</ele>
      </trkpt>
      <trkpt lat="40.83078" lon="0.741568">
        <ele>5.3</ele>
      </trkpt>
      <trkpt lat="40.830466" lon="0.741459">
        <ele>4.5</ele>
      </trkpt>
      <trkpt lat="40.830334" lon="0.7413">
        <ele>4.4</ele>
      </trkpt>
      <trkpt lat="40.830256" lon="0.741262">
        <ele>4.4</ele>
      </trkpt>
      <trkpt lat="40.830153" lon="0.741236">
        <ele>4.8</ele>
      </trkpt>
      <trkpt lat="40.830092" lon="0.741221">
        <ele>5.5</ele>
      </trkpt>
      <trkpt lat="40.829977" lon="0.7412">
        <ele>7.0</ele>
      </trkpt>
      <trkpt lat="40.829878" lon="0.741194">
        <ele>8.3</ele>
      </trkpt>
      <trkpt lat="40.829802" lon="0.741197">
        <ele>8.8</ele>
      </trkpt>
      <trkpt lat="40.829715" lon="0.741194">
        <ele>8.6</ele>
      </trkpt>
      <trkpt lat="40.829616" lon="0.741149">
        <ele>8.8</ele>
      </trkpt>
      <trkpt lat="40.829483" lon="0.741104">
        <ele>7.9</ele>
      </trkpt>
      <trkpt lat="40.829222" lon="0.741116">
        <ele>8.7</ele>
      </trkpt>
      <trkpt lat="40.829019" lon="0.741171">
        <ele>8.7</ele>
      </trkpt>
      <trkpt lat="40.828894" lon="0.741197">
        <ele>8.2</ele>
      </trkpt>
      <trkpt lat="40.828768" lon="0.741244">
        <ele>8.1</ele>
      </trkpt>
      <trkpt lat="40.828484" lon="0.741326">
        <ele>7.8</ele>
      </trkpt>
      <trkpt lat="40.828347" lon="0.74133">
        <ele>7.7</ele>
      </trkpt>
      <trkpt lat="40.828237" lon="0.741332">
        <ele>7.2</ele>
        <name>el Perelló, Baix Ebre</name>
        <extensions>
          <oa:Extension>
            <oa:mapZoom>17</oa:mapZoom>
          </oa:Extension>
        </extensions>
      </trkpt>
      <trkpt lat="40.828221" lon="0.741332">
        <ele>7.2</ele>
      </trkpt>
      <trkpt lat="40.828131" lon="0.741282">
        <ele>7.1</ele>
      </trkpt>
      <trkpt lat="40.828057" lon="0.741278">
        <ele>7.0</ele>
      </trkpt>
      <trkpt lat="40.827895" lon="0.741329">
        <ele>6.5</ele>
      </trkpt>
      <trkpt lat="40.827728" lon="0.741382">
        <ele>5.6</ele>
      </trkpt>
      <trkpt lat="40.827632" lon="0.741417">
        <ele>5.4</ele>
      </trkpt>
      <trkpt lat="40.827347" lon="0.741641">
        <ele>4.5</ele>
      </trkpt>
      <trkpt lat="40.827175" lon="0.741735">
        <ele>3.9</ele>
      </trkpt>
      <trkpt lat="40.827059" lon="0.741751">
        <ele>3.1</ele>
      </trkpt>
      <trkpt lat="40.826947" lon="0.741745">
        <ele>2.9</ele>
      </trkpt>
      <trkpt lat="40.826844" lon="0.741733">
        <ele>3.1</ele>
      </trkpt>
      <trkpt lat="40.82641" lon="0.741579">
        <ele>2.9</ele>
      </trkpt>
      <trkpt lat="40.826253" lon="0.74159">
        <ele>3.1</ele>
      </trkpt>
      <trkpt lat="40.82616" lon="0.741601">
        <ele>3.3</ele>
      </trkpt>
      <trkpt lat="40.826104" lon="0.741599">
        <ele>4.0</ele>
      </trkpt>
      <trkpt lat="40.826093" lon="0.741597">
        <ele>4.3</ele>
      </trkpt>
      <trkpt lat="40.825996" lon="0.741557">
        <ele>6.9</ele>
      </trkpt>
      <trkpt lat="40.825947" lon="0.741548">
        <ele>7.8</ele>
      </trkpt>
      <trkpt lat="40.825896" lon="0.741551">
        <ele>8.8</ele>
      </trkpt>
      <trkpt lat="40.825851" lon="0.741562">
        <ele>9.3</ele>
      </trkpt>
      <trkpt lat="40.825544" lon="0.741678">
        <ele>10.0</ele>
      </trkpt>
      <trkpt lat="40.825488" lon="0.741685">
        <ele>10.3</ele>
      </trkpt>
      <trkpt lat="40.825427" lon="0.741675">
        <ele>10.3</ele>
      </trkpt>
      <trkpt lat="40.82538" lon="0.741628">
        <ele>10.7</ele>
      </trkpt>
      <trkpt lat="40.825205" lon="0.741144">
        <ele>11.3</ele>
      </trkpt>
      <trkpt lat="40.825128" lon="0.740911">
        <ele>11.8</ele>
      </trkpt>
      <trkpt lat="40.825106" lon="0.740892">
        <ele>11.4</ele>
      </trkpt>
      <trkpt lat="40.825081" lon="0.74088">
        <ele>10.7</ele>
      </trkpt>
      <trkpt lat="40.825065" lon="0.74085">
        <ele>10.1</ele>
      </trkpt>
      <trkpt lat="40.825079" lon="0.740808">
        <ele>9.8</ele>
      </trkpt>
      <trkpt lat="40.825087" lon="0.740736">
        <ele>8.5</ele>
      </trkpt>
      <trkpt lat="40.825074" lon="0.740704">
        <ele>8.0</ele>
      </trkpt>
      <trkpt lat="40.825052" lon="0.740682">
        <ele>7.7</ele>
      </trkpt>
      <trkpt lat="40.824989" lon="0.740685">
        <ele>7.3</ele>
      </trkpt>
      <trkpt lat="40.824889" lon="0.740726">
        <ele>5.0</ele>
      </trkpt>
      <trkpt lat="40.824847" lon="0.740753">
        <ele>6.1</ele>
      </trkpt>
      <trkpt lat="40.824873" lon="0.740659">
        <ele>7.0</ele>
      </trkpt>
      <trkpt lat="40.824868" lon="0.740615">
        <ele>8.2</ele>
      </trkpt>
      <trkpt lat="40.824833" lon="0.740632">
        <ele>8.4</ele>
      </trkpt>
      <trkpt lat="40.824792" lon="0.740709">
        <ele>8.9</ele>
      </trkpt>
      <trkpt lat="40.824747" lon="0.740771">
        <ele>8.8</ele>
      </trkpt>
      <trkpt lat="40.8247" lon="0.740816">
        <ele>8.8</ele>
      </trkpt>
      <trkpt lat="40.824631" lon="0.740871">
        <ele>8.4</ele>
      </trkpt>
      <trkpt lat="40.824562" lon="0.740897">
        <ele>8.5</ele>
      </trkpt>
      <trkpt lat="40.824483" lon="0.740922">
        <ele>8.0</ele>
      </trkpt>
      <trkpt lat="40.824416" lon="0.740995">
        <ele>7.4</ele>
      </trkpt>
      <trkpt lat="40.824397" lon="0.741057">
        <ele>7.3</ele>
      </trkpt>
      <trkpt lat="40.824376" lon="0.741261">
        <ele>7.0</ele>
      </trkpt>
      <trkpt lat="40.82436" lon="0.741308">
        <ele>6.9</ele>
      </trkpt>
      <trkpt lat="40.824331" lon="0.741356">
        <ele>6.1</ele>
      </trkpt>
      <trkpt lat="40.824287" lon="0.741347">
        <ele>7.3</ele>
      </trkpt>
      <trkpt lat="40.824051" lon="0.741277">
        <ele>12.3</ele>
      </trkpt>
      <trkpt lat="40.823847" lon="0.741305">
        <ele>11.8</ele>
      </trkpt>
      <trkpt lat="40.823822" lon="0.741347">
        <ele>10.0</ele>
      </trkpt>
      <trkpt lat="40.823785" lon="0.741394">
        <ele>7.6</ele>
      </trkpt>
      <trkpt lat="40.823696" lon="0.741229">
        <ele>8.0</ele>
        <name>Cap Roig, el Perelló, Baix Ebre</name>
        <extensions>
          <oa:Extension>
            <oa:mapZoom>17</oa:mapZoom>
          </oa:Extension>
        </extensions>
      </trkpt>
      <trkpt lat="40.823687" lon="0.741212">
        <ele>8.1</ele>
      </trkpt>
      <trkpt lat="40.823415" lon="0.7412">
        <ele>9.3</ele>
      </trkpt>
      <trkpt lat="40.823385" lon="0.741099">
        <ele>12.4</ele>
      </trkpt>
      <trkpt lat="40.823431" lon="0.740923">
        <ele>13.0</ele>
      </trkpt>
      <trkpt lat="40.823442" lon="0.740819">
        <ele>13.3</ele>
      </trkpt>
      <trkpt lat="40.823396" lon="0.740715">
        <ele>13.2</ele>
      </trkpt>
      <trkpt lat="40.82333" lon="0.740507">
        <ele>8.6</ele>
      </trkpt>
      <trkpt lat="40.823418" lon="0.740324">
        <ele>8.8</ele>
      </trkpt>
      <trkpt lat="40.823449" lon="0.740216">
        <ele>8.5</ele>
      </trkpt>
      <trkpt lat="40.823509" lon="0.740126">
        <ele>11.4</ele>
      </trkpt>
      <trkpt lat="40.823571" lon="0.739963">
        <ele>12.5</ele>
      </trkpt>
      <trkpt lat="40.823643" lon="0.739875">
        <ele>13.8</ele>
      </trkpt>
      <trkpt lat="40.823706" lon="0.73971">
        <ele>14.5</ele>
      </trkpt>
      <trkpt lat="40.82373" lon="0.73963">
        <ele>14.1</ele>
      </trkpt>
      <trkpt lat="40.823763" lon="0.739574">
        <ele>15.1</ele>
      </trkpt>
      <trkpt lat="40.823771" lon="0.73951">
        <ele>14.2</ele>
      </trkpt>
      <trkpt lat="40.823826" lon="0.739391">
        <ele>14.0</ele>
      </trkpt>
      <trkpt lat="40.823887" lon="0.739278">
        <ele>14.8</ele>
      </trkpt>
      <trkpt lat="40.823953" lon="0.739146">
        <ele>16.2</ele>
      </trkpt>
      <trkpt lat="40.823991" lon="0.739013">
        <ele>18.1</ele>
      </trkpt>
      <trkpt lat="40.823961" lon="0.738867">
        <ele>15.3</ele>
      </trkpt>
      <trkpt lat="40.823997" lon="0.738832">
        <ele>17.1</ele>
      </trkpt>
      <trkpt lat="40.82402" lon="0.738771">
        <ele>17.6</ele>
      </trkpt>
      <trkpt lat="40.824013" lon="0.73867">
        <ele>17.8</ele>
      </trkpt>
      <trkpt lat="40.824022" lon="0.738532">
        <ele>17.8</ele>
      </trkpt>
      <trkpt lat="40.824084" lon="0.73829">
        <ele>18.3</ele>
      </trkpt>
      <trkpt lat="40.824123" lon="0.738171">
        <ele>17.3</ele>
      </trkpt>
      <trkpt lat="40.824134" lon="0.738055">
        <ele>17.3</ele>
      </trkpt>
      <trkpt lat="40.824183" lon="0.737814">
        <ele>18.2</ele>
      </trkpt>
      <trkpt lat="40.824198" lon="0.737718">
        <ele>18.5</ele>
      </trkpt>
      <trkpt lat="40.824253" lon="0.737619">
        <ele>18.6</ele>
      </trkpt>
      <trkpt lat="40.824247" lon="0.737569">
        <ele>18.9</ele>
      </trkpt>
      <trkpt lat="40.824219" lon="0.737501">
        <ele>18.0</ele>
      </trkpt>
      <trkpt lat="40.824219" lon="0.737447">
        <ele>17.3</ele>
        <name>el Perelló, Baix Ebre</name>
        <extensions>
          <oa:Extension>
            <oa:mapZoom>17</oa:mapZoom>
          </oa:Extension>
        </extensions>
      </trkpt>
      <trkpt lat="40.824219" lon="0.737413">
        <ele>16.8</ele>
      </trkpt>
      <trkpt lat="40.824232" lon="0.737312">
        <ele>15.2</ele>
      </trkpt>
      <trkpt lat="40.824262" lon="0.737108">
        <ele>14.0</ele>
      </trkpt>
      <trkpt lat="40.824287" lon="0.736988">
        <ele>14.1</ele>
      </trkpt>
      <trkpt lat="40.824259" lon="0.736879">
        <ele>12.0</ele>
      </trkpt>
      <trkpt lat="40.824258" lon="0.73671">
        <ele>8.8</ele>
      </trkpt>
      <trkpt lat="40.82425" lon="0.73657">
        <ele>6.4</ele>
      </trkpt>
      <trkpt lat="40.824203" lon="0.736455">
        <ele>2.2</ele>
      </trkpt>
      <trkpt lat="40.824176" lon="0.736428">
        <ele>1.5</ele>
      </trkpt>
      <trkpt lat="40.824016" lon="0.735993">
        <ele>1.9</ele>
      </trkpt>
      <trkpt lat="40.823994" lon="0.735907">
        <ele>3.9</ele>
      </trkpt>
      <trkpt lat="40.824144" lon="0.735682">
        <ele>4.8</ele>
      </trkpt>
      <trkpt lat="40.824126" lon="0.73559">
        <ele>4.7</ele>
      </trkpt>
      <trkpt lat="40.824108" lon="0.735435">
        <ele>5.1</ele>
      </trkpt>
      <trkpt lat="40.824064" lon="0.735309">
        <ele>4.8</ele>
      </trkpt>
      <trkpt lat="40.823996" lon="0.735033">
        <ele>5.6</ele>
      </trkpt>
      <trkpt lat="40.823928" lon="0.734948">
        <ele>6.4</ele>
      </trkpt>
      <trkpt lat="40.823822" lon="0.734751">
        <ele>10.4</ele>
      </trkpt>
      <trkpt lat="40.823679" lon="0.734473">
        <ele>16.8</ele>
      </trkpt>
      <trkpt lat="40.823679" lon="0.734472">
        <ele>16.8</ele>
        <name>l&apos;Ampolla, Baix Ebre</name>
        <extensions>
          <oa:Extension>
            <oa:mapZoom>17</oa:mapZoom>
          </oa:Extension>
        </extensions>
      </trkpt>
      <trkpt lat="40.82354" lon="0.734242">
        <ele>14.4</ele>
      </trkpt>
      <trkpt lat="40.82347" lon="0.734079">
        <ele>12.7</ele>
      </trkpt>
      <trkpt lat="40.823366" lon="0.733902">
        <ele>7.1</ele>
      </trkpt>
      <trkpt lat="40.823274" lon="0.733955">
        <ele>4.6</ele>
      </trkpt>
      <trkpt lat="40.8232" lon="0.733797">
        <ele>7.3</ele>
      </trkpt>
      <trkpt lat="40.822928" lon="0.733506">
        <ele>17.8</ele>
      </trkpt>
      <trkpt lat="40.8227" lon="0.733409">
        <ele>17.3</ele>
      </trkpt>
      <trkpt lat="40.822522" lon="0.733306">
        <ele>12.7</ele>
      </trkpt>
      <trkpt lat="40.822416" lon="0.733154">
        <ele>15.2</ele>
      </trkpt>
      <trkpt lat="40.822321" lon="0.732989">
        <ele>13.6</ele>
      </trkpt>
      <trkpt lat="40.822327" lon="0.732902">
        <ele>14.1</ele>
      </trkpt>
      <trkpt lat="40.822256" lon="0.732832">
        <ele>8.1</ele>
      </trkpt>
      <trkpt lat="40.822173" lon="0.732779">
        <ele>3.0</ele>
      </trkpt>
      <trkpt lat="40.822103" lon="0.73276">
        <ele>0.8</ele>
      </trkpt>
      <trkpt lat="40.821944" lon="0.732631">
        <ele>1.0</ele>
      </trkpt>
      <trkpt lat="40.82181" lon="0.732297">
        <ele>2.0</ele>
      </trkpt>
      <trkpt lat="40.82178" lon="0.732028">
        <ele>3.6</ele>
      </trkpt>
      <trkpt lat="40.821804" lon="0.731946">
        <ele>6.0</ele>
      </trkpt>
      <trkpt lat="40.821661" lon="0.731899">
        <ele>7.2</ele>
      </trkpt>
      <trkpt lat="40.821563" lon="0.731848">
        <ele>10.3</ele>
      </trkpt>
      <trkpt lat="40.821442" lon="0.731781">
        <ele>16.4</ele>
      </trkpt>
      <trkpt lat="40.8213" lon="0.731635">
        <ele>18.4</ele>
      </trkpt>
      <trkpt lat="40.821177" lon="0.731388">
        <ele>16.6</ele>
      </trkpt>
      <trkpt lat="40.82103" lon="0.731287">
        <ele>15.1</ele>
      </trkpt>
      <trkpt lat="40.820957" lon="0.731331">
        <ele>16.3</ele>
      </trkpt>
      <trkpt lat="40.820887" lon="0.731408">
        <ele>16.7</ele>
      </trkpt>
      <trkpt lat="40.820598" lon="0.731633">
        <ele>17.5</ele>
      </trkpt>
      <trkpt lat="40.82036" lon="0.731867">
        <ele>16.9</ele>
      </trkpt>
      <trkpt lat="40.820313" lon="0.731899">
        <ele>16.5</ele>
      </trkpt>
      <trkpt lat="40.82026" lon="0.731911">
        <ele>16.7</ele>
      </trkpt>
      <trkpt lat="40.820226" lon="0.7319">
        <ele>16.4</ele>
      </trkpt>
      <trkpt lat="40.820193" lon="0.731907">
        <ele>16.2</ele>
      </trkpt>
      <trkpt lat="40.820165" lon="0.731917">
        <ele>16.0</ele>
      </trkpt>
      <trkpt lat="40.820157" lon="0.731945">
        <ele>16.3</ele>
      </trkpt>
      <trkpt lat="40.820132" lon="0.731975">
        <ele>16.1</ele>
      </trkpt>
      <trkpt lat="40.820101" lon="0.731963">
        <ele>15.8</ele>
      </trkpt>
      <trkpt lat="40.820064" lon="0.731964">
        <ele>15.5</ele>
      </trkpt>
      <trkpt lat="40.820006" lon="0.731982">
        <ele>15.8</ele>
      </trkpt>
      <trkpt lat="40.819986" lon="0.732">
        <ele>16.0</ele>
      </trkpt>
      <trkpt lat="40.819951" lon="0.732041">
        <ele>15.7</ele>
      </trkpt>
      <trkpt lat="40.819907" lon="0.732071">
        <ele>15.7</ele>
      </trkpt>
      <trkpt lat="40.819847" lon="0.732101">
        <ele>16.2</ele>
      </trkpt>
      <trkpt lat="40.819632" lon="0.732177">
        <ele>16.8</ele>
      </trkpt>
      <trkpt lat="40.819496" lon="0.732217">
        <ele>16.6</ele>
      </trkpt>
      <trkpt lat="40.819255" lon="0.732265">
        <ele>16.2</ele>
      </trkpt>
      <trkpt lat="40.818868" lon="0.732201">
        <ele>15.6</ele>
      </trkpt>
      <trkpt lat="40.81864" lon="0.731983">
        <ele>14.3</ele>
      </trkpt>
      <trkpt lat="40.818533" lon="0.73173">
        <ele>15.8</ele>
      </trkpt>
      <trkpt lat="40.818475" lon="0.731267">
        <ele>15.0</ele>
      </trkpt>
      <trkpt lat="40.818463" lon="0.730929">
        <ele>12.2</ele>
      </trkpt>
      <trkpt lat="40.818417" lon="0.73072">
        <ele>14.0</ele>
      </trkpt>
      <trkpt lat="40.818378" lon="0.730623">
        <ele>14.6</ele>
      </trkpt>
      <trkpt lat="40.81828" lon="0.730454">
        <ele>14.9</ele>
      </trkpt>
      <trkpt lat="40.818246" lon="0.730365">
        <ele>15.4</ele>
      </trkpt>
      <trkpt lat="40.81822" lon="0.730268">
        <ele>16.3</ele>
      </trkpt>
      <trkpt lat="40.818171" lon="0.730048">
        <ele>16.7</ele>
      </trkpt>
      <trkpt lat="40.818156" lon="0.729899">
        <ele>17.6</ele>
      </trkpt>
      <trkpt lat="40.818123" lon="0.729648">
        <ele>16.3</ele>
        <name>l&apos;Ampolla, Baix Ebre</name>
        <extensions>
          <oa:Extension>
            <oa:mapZoom>17</oa:mapZoom>
          </oa:Extension>
        </extensions>
      </trkpt>
      <trkpt lat="40.818116" lon="0.729597">
        <ele>16.1</ele>
      </trkpt>
      <trkpt lat="40.818052" lon="0.729215">
        <ele>18.2</ele>
      </trkpt>
      <trkpt lat="40.817973" lon="0.728925">
        <ele>12.0</ele>
      </trkpt>
      <trkpt lat="40.817952" lon="0.728776">
        <ele>15.4</ele>
      </trkpt>
      <trkpt lat="40.818003" lon="0.728708">
        <ele>14.1</ele>
      </trkpt>
      <trkpt lat="40.817955" lon="0.728639">
        <ele>10.0</ele>
      </trkpt>
      <trkpt lat="40.817967" lon="0.728498">
        <ele>6.6</ele>
      </trkpt>
      <trkpt lat="40.817955" lon="0.728378">
        <ele>9.4</ele>
      </trkpt>
      <trkpt lat="40.817881" lon="0.728342">
        <ele>10.8</ele>
      </trkpt>
      <trkpt lat="40.81776" lon="0.728197">
        <ele>15.7</ele>
      </trkpt>
      <trkpt lat="40.817583" lon="0.727838">
        <ele>17.6</ele>
      </trkpt>
      <trkpt lat="40.817574" lon="0.727529">
        <ele>16.8</ele>
      </trkpt>
      <trkpt lat="40.817492" lon="0.727247">
        <ele>17.5</ele>
      </trkpt>
      <trkpt lat="40.817403" lon="0.726945">
        <ele>16.7</ele>
      </trkpt>
      <trkpt lat="40.817327" lon="0.726692">
        <ele>11.0</ele>
      </trkpt>
      <trkpt lat="40.817236" lon="0.726551">
        <ele>12.2</ele>
      </trkpt>
      <trkpt lat="40.817077" lon="0.72643">
        <ele>10.4</ele>
      </trkpt>
      <trkpt lat="40.816968" lon="0.72618">
        <ele>11.0</ele>
      </trkpt>
      <trkpt lat="40.816959" lon="0.725951">
        <ele>8.3</ele>
      </trkpt>
      <trkpt lat="40.817021" lon="0.725748">
        <ele>5.1</ele>
        <name>l&apos;Ampolla, Baix Ebre</name>
        <extensions>
          <oa:Extension>
            <oa:mapZoom>17</oa:mapZoom>
          </oa:Extension>
        </extensions>
      </trkpt>
      <trkpt lat="40.817026" lon="0.725734">
        <ele>4.9</ele>
      </trkpt>
      <trkpt lat="40.817178" lon="0.725472">
        <ele>3.7</ele>
      </trkpt>
      <trkpt lat="40.817233" lon="0.725367">
        <ele>1.7</ele>
      </trkpt>
      <trkpt lat="40.81737" lon="0.725235">
        <ele>0.9</ele>
      </trkpt>
      <trkpt lat="40.817396" lon="0.72509">
        <ele>1.0</ele>
      </trkpt>
      <trkpt lat="40.817402" lon="0.72494">
        <ele>1.2</ele>
      </trkpt>
      <trkpt lat="40.817409" lon="0.724687">
        <ele>2.4</ele>
      </trkpt>
      <trkpt lat="40.817492" lon="0.724583">
        <ele>6.1</ele>
      </trkpt>
      <trkpt lat="40.817455" lon="0.724502">
        <ele>9.3</ele>
      </trkpt>
      <trkpt lat="40.817327" lon="0.724486">
        <ele>10.8</ele>
      </trkpt>
      <trkpt lat="40.817224" lon="0.724478">
        <ele>12.1</ele>
      </trkpt>
      <trkpt lat="40.817062" lon="0.72403">
        <ele>14.7</ele>
      </trkpt>
      <trkpt lat="40.816901" lon="0.723581">
        <ele>13.6</ele>
      </trkpt>
      <trkpt lat="40.816828" lon="0.723339">
        <ele>15.0</ele>
      </trkpt>
      <trkpt lat="40.816712" lon="0.723307">
        <ele>14.8</ele>
      </trkpt>
      <trkpt lat="40.816724" lon="0.723203">
        <ele>14.8</ele>
      </trkpt>
      <trkpt lat="40.816627" lon="0.722997">
        <ele>14.0</ele>
      </trkpt>
      <trkpt lat="40.816572" lon="0.72278">
        <ele>11.7</ele>
      </trkpt>
      <trkpt lat="40.816508" lon="0.722728">
        <ele>9.7</ele>
      </trkpt>
      <trkpt lat="40.816496" lon="0.722551">
        <ele>6.1</ele>
      </trkpt>
      <trkpt lat="40.816514" lon="0.72241">
        <ele>7.3</ele>
      </trkpt>
      <trkpt lat="40.816359" lon="0.722217">
        <ele>11.5</ele>
      </trkpt>
      <trkpt lat="40.816219" lon="0.722084">
        <ele>11.5</ele>
      </trkpt>
      <trkpt lat="40.816142" lon="0.721883">
        <ele>9.9</ele>
      </trkpt>
      <trkpt lat="40.816109" lon="0.72179">
        <ele>7.1</ele>
      </trkpt>
      <trkpt lat="40.81603" lon="0.72173">
        <ele>3.9</ele>
      </trkpt>
      <trkpt lat="40.81596" lon="0.721621">
        <ele>1.6</ele>
      </trkpt>
      <trkpt lat="40.815711" lon="0.721468">
        <ele>1.7</ele>
      </trkpt>
      <trkpt lat="40.815639" lon="0.721424">
        <ele>1.7</ele>
        <name>Platja del Baconer, l&apos;Ampolla, Baix Ebre</name>
        <extensions>
          <oa:Extension>
            <oa:mapZoom>17</oa:mapZoom>
          </oa:Extension>
        </extensions>
      </trkpt>
      <trkpt lat="40.815463" lon="0.721315">
        <ele>1.6</ele>
      </trkpt>
      <trkpt lat="40.815067" lon="0.72111">
        <ele>1.7</ele>
      </trkpt>
      <trkpt lat="40.814859" lon="0.720897">
        <ele>1.9</ele>
      </trkpt>
      <trkpt lat="40.814811" lon="0.720822">
        <ele>1.8</ele>
      </trkpt>
      <trkpt lat="40.814773" lon="0.720744">
        <ele>2.1</ele>
      </trkpt>
      <trkpt lat="40.814758" lon="0.720646">
        <ele>2.1</ele>
      </trkpt>
      <trkpt lat="40.814743" lon="0.720412">
        <ele>2.7</ele>
      </trkpt>
      <trkpt lat="40.814718" lon="0.720292">
        <ele>3.4</ele>
      </trkpt>
      <trkpt lat="40.814665" lon="0.720181">
        <ele>4.3</ele>
      </trkpt>
      <trkpt lat="40.814496" lon="0.71991">
        <ele>7.4</ele>
      </trkpt>
      <trkpt lat="40.814447" lon="0.719737">
        <ele>9.3</ele>
      </trkpt>
      <trkpt lat="40.814244" lon="0.719779">
        <ele>9.5</ele>
      </trkpt>
      <trkpt lat="40.81415" lon="0.719743">
        <ele>7.4</ele>
      </trkpt>
      <trkpt lat="40.813972" lon="0.719531">
        <ele>6.5</ele>
      </trkpt>
      <trkpt lat="40.813795" lon="0.719318">
        <ele>9.4</ele>
      </trkpt>
      <trkpt lat="40.813645" lon="0.719026">
        <ele>7.7</ele>
      </trkpt>
      <trkpt lat="40.813608" lon="0.718924">
        <ele>7.5</ele>
      </trkpt>
      <trkpt lat="40.813574" lon="0.71883">
        <ele>8.1</ele>
      </trkpt>
      <trkpt lat="40.813553" lon="0.718743">
        <ele>8.5</ele>
      </trkpt>
      <trkpt lat="40.813545" lon="0.718647">
        <ele>8.3</ele>
      </trkpt>
      <trkpt lat="40.813682" lon="0.71831">
        <ele>9.4</ele>
      </trkpt>
      <trkpt lat="40.813767" lon="0.718136">
        <ele>8.5</ele>
      </trkpt>
      <trkpt lat="40.8138" lon="0.718074">
        <ele>8.0</ele>
      </trkpt>
      <trkpt lat="40.813877" lon="0.717959">
        <ele>5.6</ele>
      </trkpt>
      <trkpt lat="40.813897" lon="0.717848">
        <ele>4.3</ele>
      </trkpt>
      <trkpt lat="40.813886" lon="0.717724">
        <ele>3.7</ele>
      </trkpt>
      <trkpt lat="40.813823" lon="0.717627">
        <ele>3.8</ele>
      </trkpt>
      <trkpt lat="40.81365" lon="0.717469">
        <ele>5.8</ele>
      </trkpt>
      <trkpt lat="40.813535" lon="0.717315">
        <ele>7.6</ele>
      </trkpt>
      <trkpt lat="40.813448" lon="0.717235">
        <ele>7.9</ele>
      </trkpt>
      <trkpt lat="40.81317" lon="0.717046">
        <ele>7.8</ele>
      </trkpt>
      <trkpt lat="40.813131" lon="0.717001">
        <ele>8.4</ele>
      </trkpt>
      <trkpt lat="40.812978" lon="0.716825">
        <ele>7.9</ele>
      </trkpt>
      <trkpt lat="40.812802" lon="0.716287">
        <ele>5.4</ele>
      </trkpt>
      <trkpt lat="40.81303" lon="0.715992">
        <ele>3.2</ele>
      </trkpt>
      <trkpt lat="40.813059" lon="0.715875">
        <ele>2.6</ele>
      </trkpt>
      <trkpt lat="40.813093" lon="0.715554">
        <ele>2.5</ele>
      </trkpt>
      <trkpt lat="40.813126" lon="0.715234">
        <ele>2.0</ele>
      </trkpt>
      <trkpt lat="40.813023" lon="0.714888">
        <ele>2.7</ele>
      </trkpt>
      <trkpt lat="40.812867" lon="0.714622">
        <ele>5.9</ele>
      </trkpt>
      <trkpt lat="40.812828" lon="0.714465">
        <ele>7.4</ele>
      </trkpt>
      <trkpt lat="40.812709" lon="0.714157">
        <ele>8.5</ele>
      </trkpt>
      <trkpt lat="40.812575" lon="0.713883">
        <ele>7.7</ele>
      </trkpt>
      <trkpt lat="40.812492" lon="0.713773">
        <ele>7.3</ele>
      </trkpt>
      <trkpt lat="40.812461" lon="0.713749">
        <ele>7.3</ele>
      </trkpt>
      <trkpt lat="40.812211" lon="0.713784">
        <ele>6.4</ele>
      </trkpt>
      <trkpt lat="40.812192" lon="0.713783">
        <ele>6.4</ele>
      </trkpt>
      <trkpt lat="40.812187" lon="0.713781">
        <ele>6.4</ele>
        <name>Carrer de Vista Alegre, l&apos;Ampolla, Baix Ebre</name>
        <extensions>
          <oa:Extension>
            <oa:mapZoom>17</oa:mapZoom>
          </oa:Extension>
        </extensions>
      </trkpt>
      <trkpt lat="40.812169" lon="0.713772">
        <ele>6.3</ele>
      </trkpt>
      <trkpt lat="40.81215" lon="0.713744">
        <ele>6.2</ele>
      </trkpt>
      <trkpt lat="40.812139" lon="0.713709">
        <ele>6.1</ele>
      </trkpt>
      <trkpt lat="40.812132" lon="0.713663">
        <ele>6.2</ele>
      </trkpt>
      <trkpt lat="40.812107" lon="0.713354">
        <ele>6.4</ele>
      </trkpt>
      <trkpt lat="40.812082" lon="0.713045">
        <ele>6.6</ele>
      </trkpt>
      <trkpt lat="40.812081" lon="0.713031">
        <ele>6.6</ele>
      </trkpt>
      <trkpt lat="40.812049" lon="0.712701">
        <ele>6.3</ele>
      </trkpt>
      <trkpt lat="40.812026" lon="0.712464">
        <ele>6.1</ele>
      </trkpt>
      <trkpt lat="40.812025" lon="0.712441">
        <ele>6.1</ele>
      </trkpt>
      <trkpt lat="40.812027" lon="0.71242">
        <ele>6.1</ele>
      </trkpt>
      <trkpt lat="40.812031" lon="0.712407">
        <ele>6.1</ele>
      </trkpt>
      <trkpt lat="40.812037" lon="0.712395">
        <ele>6.1</ele>
      </trkpt>
      <trkpt lat="40.812046" lon="0.712383">
        <ele>6.1</ele>
      </trkpt>
      <trkpt lat="40.812056" lon="0.712374">
        <ele>6.0</ele>
      </trkpt>
      <trkpt lat="40.812064" lon="0.71237">
        <ele>6.0</ele>
      </trkpt>
      <trkpt lat="40.812114" lon="0.712357">
        <ele>6.1</ele>
      </trkpt>
      <trkpt lat="40.81233" lon="0.712327">
        <ele>7.0</ele>
      </trkpt>
      <trkpt lat="40.812338" lon="0.712326">
        <ele>7.0</ele>
      </trkpt>
      <trkpt lat="40.812336" lon="0.712258">
        <ele>7.0</ele>
      </trkpt>
      <trkpt lat="40.812333" lon="0.712188">
        <ele>7.0</ele>
      </trkpt>
      <trkpt lat="40.812353" lon="0.711771">
        <ele>4.6</ele>
      </trkpt>
      <trkpt lat="40.812354" lon="0.71174">
        <ele>4.2</ele>
      </trkpt>
      <trkpt lat="40.812356" lon="0.711696">
        <ele>3.6</ele>
      </trkpt>
      <trkpt lat="40.812359" lon="0.711648">
        <ele>3.1</ele>
      </trkpt>
      <trkpt lat="40.812368" lon="0.711519">
        <ele>2.1</ele>
      </trkpt>
      <trkpt lat="40.812374" lon="0.711482">
        <ele>1.9</ele>
      </trkpt>
      <trkpt lat="40.812381" lon="0.711456">
        <ele>1.8</ele>
      </trkpt>
      <trkpt lat="40.812386" lon="0.711443">
        <ele>1.7</ele>
      </trkpt>
      <trkpt lat="40.812392" lon="0.711434">
        <ele>1.7</ele>
      </trkpt>
      <trkpt lat="40.812399" lon="0.711426">
        <ele>1.7</ele>
      </trkpt>
      <trkpt lat="40.812407" lon="0.711421">
        <ele>1.7</ele>
      </trkpt>
      <trkpt lat="40.812416" lon="0.711417">
        <ele>1.7</ele>
      </trkpt>
      <trkpt lat="40.812422" lon="0.711416">
        <ele>1.7</ele>
      </trkpt>
      <trkpt lat="40.812428" lon="0.711416">
        <ele>1.7</ele>
      </trkpt>
      <trkpt lat="40.812435" lon="0.711414">
        <ele>1.7</ele>
      </trkpt>
      <trkpt lat="40.812421" lon="0.711406">
        <ele>1.6</ele>
      </trkpt>
      <trkpt lat="40.812411" lon="0.711393">
        <ele>1.5</ele>
      </trkpt>
      <trkpt lat="40.812397" lon="0.711369">
        <ele>1.4</ele>
      </trkpt>
      <trkpt lat="40.812386" lon="0.711358">
        <ele>1.4</ele>
      </trkpt>
      <trkpt lat="40.812376" lon="0.711352">
        <ele>1.4</ele>
      </trkpt>
      <trkpt lat="40.812364" lon="0.711349">
        <ele>1.4</ele>
      </trkpt>
      <trkpt lat="40.81235" lon="0.711353">
        <ele>1.3</ele>
      </trkpt>
      <trkpt lat="40.812321" lon="0.711372">
        <ele>1.3</ele>
      </trkpt>
      <trkpt lat="40.812287" lon="0.711402">
        <ele>1.2</ele>
      </trkpt>
      <trkpt lat="40.812277" lon="0.711415">
        <ele>1.2</ele>
      </trkpt>
      <trkpt lat="40.812263" lon="0.711397">
        <ele>1.2</ele>
      </trkpt>
      <trkpt lat="40.812246" lon="0.711376">
        <ele>1.2</ele>
      </trkpt>
      <trkpt lat="40.812227" lon="0.711352">
        <ele>1.2</ele>
      </trkpt>
      <trkpt lat="40.812247" lon="0.711313">
        <ele>1.2</ele>
      </trkpt>
      <trkpt lat="40.81229" lon="0.711231">
        <ele>1.3</ele>
      </trkpt>
      <trkpt lat="40.812305" lon="0.711118">
        <ele>1.4</ele>
      </trkpt>
      <trkpt lat="40.812296" lon="0.711068">
        <ele>1.4</ele>
      </trkpt>
      <trkpt lat="40.812275" lon="0.711023">
        <ele>1.5</ele>
      </trkpt>
      <trkpt lat="40.812235" lon="0.710983">
        <ele>1.5</ele>
      </trkpt>
      <trkpt lat="40.811929" lon="0.710957">
        <ele>1.3</ele>
      </trkpt>
      <trkpt lat="40.811844" lon="0.710936">
        <ele>1.0</ele>
      </trkpt>
      <trkpt lat="40.811781" lon="0.710904">
        <ele>1.4</ele>
      </trkpt>
      <trkpt lat="40.811756" lon="0.71086">
        <ele>1.5</ele>
      </trkpt>
      <trkpt lat="40.811741" lon="0.710815">
        <ele>1.4</ele>
      </trkpt>
      <trkpt lat="40.811612" lon="0.710405">
        <ele>1.0</ele>
      </trkpt>
      <trkpt lat="40.811512" lon="0.71009">
        <ele>1.2</ele>
        <name>Carrer de Menorca, l&apos;Ampolla, Baix Ebre</name>
        <extensions>
          <oa:Extension>
            <oa:mapZoom>17</oa:mapZoom>
          </oa:Extension>
        </extensions>
      </trkpt>
      <trkpt lat="40.811482" lon="0.709996">
        <ele>1.3</ele>
      </trkpt>
      <trkpt lat="40.811238" lon="0.709674">
        <ele>1.4</ele>
      </trkpt>
      <trkpt lat="40.811158" lon="0.709559">
        <ele>1.6</ele>
      </trkpt>
      <trkpt lat="40.810985" lon="0.709285">
        <ele>1.4</ele>
      </trkpt>
      <trkpt lat="40.810811" lon="0.709011">
        <ele>1.4</ele>
      </trkpt>
      <trkpt lat="40.810767" lon="0.708924">
        <ele>1.4</ele>
      </trkpt>
      <trkpt lat="40.810758" lon="0.708866">
        <ele>1.5</ele>
      </trkpt>
      <trkpt lat="40.810766" lon="0.708808">
        <ele>1.5</ele>
      </trkpt>
      <trkpt lat="40.810779" lon="0.708765">
        <ele>1.5</ele>
      </trkpt>
      <trkpt lat="40.810794" lon="0.708718">
        <ele>1.6</ele>
      </trkpt>
      <trkpt lat="40.81081" lon="0.708669">
        <ele>1.7</ele>
      </trkpt>
      <trkpt lat="40.810829" lon="0.708598">
        <ele>1.7</ele>
      </trkpt>
      <trkpt lat="40.81085" lon="0.708502">
        <ele>1.8</ele>
      </trkpt>
      <trkpt lat="40.810838" lon="0.708295">
        <ele>2.0</ele>
      </trkpt>
      <trkpt lat="40.810908" lon="0.708222">
        <ele>2.3</ele>
      </trkpt>
      <trkpt lat="40.810917" lon="0.708242">
        <ele>2.3</ele>
      </trkpt>
      <trkpt lat="40.810929" lon="0.70826">
        <ele>2.3</ele>
      </trkpt>
      <trkpt lat="40.810944" lon="0.708273">
        <ele>2.3</ele>
      </trkpt>
      <trkpt lat="40.810961" lon="0.708283">
        <ele>2.3</ele>
      </trkpt>
      <trkpt lat="40.810978" lon="0.708288">
        <ele>2.3</ele>
      </trkpt>
      <trkpt lat="40.810997" lon="0.708287">
        <ele>2.3</ele>
      </trkpt>
      <trkpt lat="40.811014" lon="0.708282">
        <ele>2.3</ele>
      </trkpt>
      <trkpt lat="40.811025" lon="0.708276">
        <ele>2.4</ele>
      </trkpt>
      <trkpt lat="40.811035" lon="0.708269">
        <ele>2.4</ele>
      </trkpt>
      <trkpt lat="40.811045" lon="0.708259">
        <ele>2.5</ele>
      </trkpt>
      <trkpt lat="40.811098" lon="0.708241">
        <ele>2.6</ele>
      </trkpt>
      <trkpt lat="40.811131" lon="0.708236">
        <ele>2.7</ele>
      </trkpt>
      <trkpt lat="40.811176" lon="0.708234">
        <ele>2.8</ele>
      </trkpt>
      <trkpt lat="40.811207" lon="0.708243">
        <ele>2.8</ele>
      </trkpt>
      <trkpt lat="40.811213" lon="0.708285">
        <ele>2.8</ele>
      </trkpt>
      <trkpt lat="40.811233" lon="0.708325">
        <ele>2.9</ele>
      </trkpt>
      <trkpt lat="40.811305" lon="0.708278">
        <ele>3.1</ele>
      </trkpt>
      <trkpt lat="40.811403" lon="0.708187">
        <ele>2.9</ele>
      </trkpt>
      <trkpt lat="40.811518" lon="0.708079">
        <ele>2.6</ele>
      </trkpt>
      <trkpt lat="40.811561" lon="0.708022">
        <ele>2.8</ele>
      </trkpt>
      <trkpt lat="40.811699" lon="0.708225">
        <ele>7.7</ele>
      </trkpt>
      <trkpt lat="40.811834" lon="0.708448">
        <ele>7.5</ele>
      </trkpt>
      <trkpt lat="40.811876" lon="0.708518">
        <ele>7.6</ele>
        <name>L&apos;Ampolla - Perelló - Deltebre, l&apos;Ampolla, Baix Ebre</name>
        <extensions>
          <oa:Extension>
            <oa:mapZoom>17</oa:mapZoom>
          </oa:Extension>
        </extensions>
      </trkpt>
      <trkpt lat="40.811834" lon="0.708448">
        <ele>7.5</ele>
      </trkpt>
      <trkpt lat="40.811699" lon="0.708225">
        <ele>7.7</ele>
      </trkpt>
      <trkpt lat="40.811561" lon="0.708022">
        <ele>2.8</ele>
      </trkpt>
      <trkpt lat="40.81158" lon="0.707997">
        <ele>3.4</ele>
      </trkpt>
      <trkpt lat="40.811712" lon="0.707761">
        <ele>3.5</ele>
      </trkpt>
      <trkpt lat="40.811821" lon="0.707944">
        <ele>8.8</ele>
      </trkpt>
      <trkpt lat="40.811886" lon="0.707941">
        <ele>9.2</ele>
      </trkpt>
      <trkpt lat="40.81199" lon="0.708108">
        <ele>9.4</ele>
        <name>L&apos;Ampolla - Perelló - Deltebre, l&apos;Ampolla, Baix Ebre</name>
        <extensions>
          <oa:Extension>
            <oa:mapZoom>17</oa:mapZoom>
          </oa:Extension>
        </extensions>
      </trkpt>
    </trkseg>
  </trk>
</gpx>