<?xml version="1.0" encoding="UTF-8"?>
<gpx creator="Garmin Connect" version="1.1"
  xsi:schemaLocation="http://www.topografix.com/GPX/1/1 http://www.topografix.com/GPX/11.xsd"
  xmlns:ns3="http://www.garmin.com/xmlschemas/TrackPointExtension/v1"
  xmlns="http://www.topografix.com/GPX/1/1"
  xmlns:xsi="http://www.w3.org/2001/XMLSchema-instance" xmlns:ns2="http://www.garmin.com/xmlschemas/GpxExtensions/v3">
  <metadata>
    <name>GR92 Etappi 20 Sant Vicenç dels Hortsista Bruguers puistoon</name>
    <link href="connect.garmin.com">
      <text>Garmin Connect</text>
    </link>
    <time>2026-02-04T09:38:53.000Z</time>
  </metadata>
  <trk>
    <name>GR92 Etappi 20 Sant Vicenç dels Hortsista Bruguers puistoon</name>
    <desc>Tämä reitti kulkee&amp;nbsp;Llobregat-joen rannalta&amp;nbsp;Garrafin&amp;nbsp;massiivin reunalle, kulkee&amp;nbsp;Sant&amp;nbsp;Climent&amp;nbsp;de&amp;nbsp;Llobregatin&amp;nbsp;kirsikanviljelyalueen läpi ja päättyy romaaniseen erakkomajaan.</desc>
    <trkseg>
      <trkpt lat="41.32859297096729" lon="1.993711944669485">
        <ele>85.4</ele>
      </trkpt>
      <trkpt lat="41.32859297096729" lon="1.993711944669485">
        <ele>85.5</ele>
      </trkpt>
      <trkpt lat="41.328556928783655" lon="1.993559980764985">
        <ele>86.5</ele>
      </trkpt>
      <trkpt lat="41.32853697985411" lon="1.9934619963169098">
        <ele>86.6</ele>
      </trkpt>
      <trkpt lat="41.328513929620385" lon="1.9932979624718428">
        <ele>86.3</ele>
      </trkpt>
      <trkpt lat="41.32849892601371" lon="1.993094952777028">
        <ele>84.8</ele>
      </trkpt>
      <trkpt lat="41.32852893322706" lon="1.9928989838808775">
        <ele>82.2</ele>
      </trkpt>
      <trkpt lat="41.32856195792556" lon="1.992672923952341">
        <ele>80.1</ele>
      </trkpt>
      <trkpt lat="41.3285599462688" lon="1.9924619514495134">
        <ele>79.3</ele>
      </trkpt>
      <trkpt lat="41.32851795293391" lon="1.9922269228845835">
        <ele>79.1</ele>
      </trkpt>
      <trkpt lat="41.32851694710553" lon="1.9921409245580435">
        <ele>79.5</ele>
      </trkpt>
      <trkpt lat="41.328515941277146" lon="1.9920489750802517">
        <ele>80.4</ele>
      </trkpt>
      <trkpt lat="41.328555922955275" lon="1.991716967895627">
        <ele>83.8</ele>
      </trkpt>
      <trkpt lat="41.32858894765377" lon="1.9914639182388783">
        <ele>86.1</ele>
      </trkpt>
      <trkpt lat="41.32858391851187" lon="1.9913779199123383">
        <ele>87.0</ele>
      </trkpt>
      <trkpt lat="41.328576961532235" lon="1.9912379421293736">
        <ele>87.9</ele>
      </trkpt>
      <trkpt lat="41.32857193239033" lon="1.9912209268659353">
        <ele>88.0</ele>
      </trkpt>
      <trkpt lat="41.32847797125578" lon="1.9911729823797941">
        <ele>91.4</ele>
      </trkpt>
      <trkpt lat="41.32840999402106" lon="1.9911639299243689">
        <ele>93.8</ele>
      </trkpt>
      <trkpt lat="41.32832894101739" lon="1.9911539554595947">
        <ele>96.4</ele>
      </trkpt>
      <trkpt lat="41.328253922984004" lon="1.9910859782248735">
        <ele>98.1</ele>
      </trkpt>
      <trkpt lat="41.32818695157766" lon="1.991008948534727">
        <ele>99.3</ele>
      </trkpt>
      <trkpt lat="41.32815593853593" lon="1.9910129718482494">
        <ele>100.2</ele>
      </trkpt>
      <trkpt lat="41.32811394520104" lon="1.9908639416098595">
        <ele>100.2</ele>
      </trkpt>
      <trkpt lat="41.32805099710822" lon="1.99056395329535">
        <ele>102.1</ele>
      </trkpt>
      <trkpt lat="41.32790096104145" lon="1.9901709258556366">
        <ele>106.0</ele>
      </trkpt>
      <trkpt lat="41.32773097604513" lon="1.9899789802730083">
        <ele>109.0</ele>
      </trkpt>
      <trkpt lat="41.32751195691526" lon="1.989845959469676">
        <ele>112.1</ele>
      </trkpt>
      <trkpt lat="41.327204927802086" lon="1.989653930068016">
        <ele>111.6</ele>
      </trkpt>
      <trkpt lat="41.32700493559241" lon="1.9895569514483213">
        <ele>109.0</ele>
      </trkpt>
      <trkpt lat="41.32684894837439" lon="1.9894809275865555">
        <ele>106.9</ele>
      </trkpt>
      <trkpt lat="41.32665893062949" lon="1.9895269442349672">
        <ele>108.8</ele>
      </trkpt>
      <trkpt lat="41.326599922031164" lon="1.9895559456199408">
        <ele>109.6</ele>
      </trkpt>
      <trkpt lat="41.326515935361385" lon="1.9895859528332949">
        <ele>110.5</ele>
      </trkpt>
      <trkpt lat="41.326405964791775" lon="1.9896149542182684">
        <ele>111.6</ele>
      </trkpt>
      <trkpt lat="41.32624494843185" lon="1.9896519184112549">
        <ele>114.6</ele>
      </trkpt>
      <trkpt lat="41.32609399035573" lon="1.9896569475531578">
        <ele>116.6</ele>
      </trkpt>
      <trkpt lat="41.326041938737035" lon="1.989645967260003">
        <ele>116.7</ele>
      </trkpt>
      <trkpt lat="41.32599592208862" lon="1.989658959209919">
        <ele>117.2</ele>
      </trkpt>
      <trkpt lat="41.325934985652566" lon="1.9896649941802025">
        <ele>117.5</ele>
      </trkpt>
      <trkpt lat="41.325867930427194" lon="1.989635992795229">
        <ele>116.8</ele>
      </trkpt>
      <trkpt lat="41.32579693570733" lon="1.9896019622683525">
        <ele>115.9</ele>
      </trkpt>
      <trkpt lat="41.325696939602494" lon="1.989509928971529">
        <ele>113.5</ele>
      </trkpt>
      <trkpt lat="41.32562099955976" lon="1.9894499983638525">
        <ele>112.1</ele>
      </trkpt>
      <trkpt lat="41.3255309779197" lon="1.989430971443653">
        <ele>111.7</ele>
      </trkpt>
      <trkpt lat="41.32538295350969" lon="1.9893949292600155">
        <ele>111.2</ele>
      </trkpt>
      <trkpt lat="41.32517793215811" lon="1.9893279578536749">
        <ele>110.4</ele>
      </trkpt>
      <trkpt lat="41.325009958818555" lon="1.9893049914389849">
        <ele>109.9</ele>
      </trkpt>
      <trkpt lat="41.32493896409869" lon="1.9893049914389849">
        <ele>109.9</ele>
      </trkpt>
      <trkpt lat="41.324899988248944" lon="1.9893259461969137">
        <ele>110.2</ele>
      </trkpt>
      <trkpt lat="41.32487492635846" lon="1.9893489964306355">
        <ele>110.5</ele>
      </trkpt>
      <trkpt lat="41.32483293302357" lon="1.9893639162182808">
        <ele>110.7</ele>
      </trkpt>
      <trkpt lat="41.32478498853743" lon="1.9893739745020866">
        <ele>110.9</ele>
      </trkpt>
      <trkpt lat="41.32474894635379" lon="1.9893969409167767">
        <ele>111.3</ele>
      </trkpt>
      <trkpt lat="41.32471793331206" lon="1.9894349947571754">
        <ele>111.9</ele>
      </trkpt>
      <trkpt lat="41.32467392832041" lon="1.9894829392433167">
        <ele>112.8</ele>
      </trkpt>
      <trkpt lat="41.324621960520744" lon="1.9895329792052507">
        <ele>113.7</ele>
      </trkpt>
      <trkpt lat="41.32458591833711" lon="1.9895439594984055">
        <ele>114.0</ele>
      </trkpt>
      <trkpt lat="41.3245499599725" lon="1.9895419478416443">
        <ele>114.1</ele>
      </trkpt>
      <trkpt lat="41.32450897246599" lon="1.9895039778202772">
        <ele>114.0</ele>
      </trkpt>
      <trkpt lat="41.32449799217284" lon="1.989438934251666">
        <ele>113.5</ele>
      </trkpt>
      <trkpt lat="41.32446496747434" lon="1.9893789198249578">
        <ele>113.1</ele>
      </trkpt>
      <trkpt lat="41.324449963867664" lon="1.9892909936606884">
        <ele>112.3</ele>
      </trkpt>
      <trkpt lat="41.32435591891408" lon="1.9891549553722143">
        <ele>111.9</ele>
      </trkpt>
      <trkpt lat="41.324257934466004" lon="1.9890209287405014">
        <ele>112.6</ele>
      </trkpt>
      <trkpt lat="41.32416296750307" lon="1.9888909254223108">
        <ele>114.1</ele>
      </trkpt>
      <trkpt lat="41.3240269292146" lon="1.9887799490243196">
        <ele>116.3</ele>
      </trkpt>
      <trkpt lat="41.323924921453" lon="1.9887549709528685">
        <ele>118.5</ele>
      </trkpt>
      <trkpt lat="41.32379491813481" lon="1.9887219462543726">
        <ele>122.1</ele>
      </trkpt>
      <trkpt lat="41.32372593507171" lon="1.9887069426476955">
        <ele>124.3</ele>
      </trkpt>
      <trkpt lat="41.32366994395852" lon="1.9886359479278326">
        <ele>125.5</ele>
      </trkpt>
      <trkpt lat="41.32357992231846" lon="1.988505944609642">
        <ele>126.7</ele>
      </trkpt>
      <trkpt lat="41.32350197061896" lon="1.988348951563239">
        <ele>127.1</ele>
      </trkpt>
      <trkpt lat="41.323439944535494" lon="1.9881069660186768">
        <ele>126.5</ele>
      </trkpt>
      <trkpt lat="41.32339191623032" lon="1.987911919131875">
        <ele>125.8</ele>
      </trkpt>
      <trkpt lat="41.32337096147239" lon="1.9878679979592562">
        <ele>125.9</ele>
      </trkpt>
      <trkpt lat="41.32332695648074" lon="1.9878489710390568">
        <ele>126.9</ele>
      </trkpt>
      <trkpt lat="41.32330399006605" lon="1.987794991582632">
        <ele>126.9</ele>
      </trkpt>
      <trkpt lat="41.32321799173951" lon="1.9876089971512556">
        <ele>127.0</ele>
      </trkpt>
      <trkpt lat="41.32317599840462" lon="1.9875549338757992">
        <ele>127.3</ele>
      </trkpt>
      <trkpt lat="41.32310491986573" lon="1.987491985782981">
        <ele>128.1</ele>
      </trkpt>
      <trkpt lat="41.32303895428777" lon="1.9873829372227192">
        <ele>128.8</ele>
      </trkpt>
      <trkpt lat="41.3230149820447" lon="1.9872739724814892">
        <ele>128.9</ele>
      </trkpt>
      <trkpt lat="41.32299997843802" lon="1.9871669355779886">
        <ele>128.6</ele>
      </trkpt>
      <trkpt lat="41.32298396900296" lon="1.9870819430798292">
        <ele>128.3</ele>
      </trkpt>
      <trkpt lat="41.322945998981595" lon="1.9869579747319221">
        <ele>128.0</ele>
      </trkpt>
      <trkpt lat="41.32285195402801" lon="1.986811961978674">
        <ele>128.6</ele>
      </trkpt>
      <trkpt lat="41.32275799289346" lon="1.9867159891873598">
        <ele>129.6</ele>
      </trkpt>
      <trkpt lat="41.32268297486007" lon="1.9866659492254257">
        <ele>130.5</ele>
      </trkpt>
      <trkpt lat="41.3226349465549" lon="1.9866089522838593">
        <ele>130.7</ele>
      </trkpt>
      <trkpt lat="41.322583984583616" lon="1.9865509495139122">
        <ele>130.7</ele>
      </trkpt>
      <trkpt lat="41.32255892269313" lon="1.9865249656140804">
        <ele>130.7</ele>
      </trkpt>
      <trkpt lat="41.32253595627844" lon="1.986495964229107">
        <ele>130.6</ele>
      </trkpt>
      <trkpt lat="41.32255397737026" lon="1.986318938434124">
        <ele>129.6</ele>
      </trkpt>
      <trkpt lat="41.32254995405674" lon="1.9862169306725264">
        <ele>129.7</ele>
      </trkpt>
      <trkpt lat="41.32251198403537" lon="1.9861119892448187">
        <ele>130.0</ele>
      </trkpt>
      <trkpt lat="41.3224499579519" lon="1.9859459437429905">
        <ele>130.6</ele>
      </trkpt>
      <trkpt lat="41.322432942688465" lon="1.9857919681817293">
        <ele>131.4</ele>
      </trkpt>
      <trkpt lat="41.322470996528864" lon="1.9856999348849058">
        <ele>132.6</ele>
      </trkpt>
      <trkpt lat="41.322516929358244" lon="1.9856999348849058">
        <ele>133.1</ele>
      </trkpt>
      <trkpt lat="41.32257493212819" lon="1.9857379887253046">
        <ele>133.3</ele>
      </trkpt>
      <trkpt lat="41.32259094156325" lon="1.9857959914952517">
        <ele>133.0</ele>
      </trkpt>
      <trkpt lat="41.322645926848054" lon="1.98587897233665">
        <ele>132.5</ele>
      </trkpt>
      <trkpt lat="41.32272094488144" lon="1.9858919642865658">
        <ele>132.5</ele>
      </trkpt>
      <trkpt lat="41.32279093377292" lon="1.9858539942651987">
        <ele>132.8</ele>
      </trkpt>
      <trkpt lat="41.32280392572284" lon="1.9857789762318134">
        <ele>133.4</ele>
      </trkpt>
      <trkpt lat="41.32273796014488" lon="1.9853049796074629">
        <ele>137.6</ele>
      </trkpt>
      <trkpt lat="41.322734942659736" lon="1.9850639998912811">
        <ele>140.1</ele>
      </trkpt>
      <trkpt lat="41.322839967906475" lon="1.9846429768949747">
        <ele>146.0</ele>
      </trkpt>
      <trkpt lat="41.32294298149645" lon="1.9843659549951553">
        <ele>149.0</ele>
      </trkpt>
      <trkpt lat="41.32304498925805" lon="1.984088933095336">
        <ele>150.2</ele>
      </trkpt>
      <trkpt lat="41.32309092208743" lon="1.983921965584159">
        <ele>150.2</ele>
      </trkpt>
      <trkpt lat="41.323115983977914" lon="1.9838019367307425">
        <ele>150.0</ele>
      </trkpt>
      <trkpt lat="41.32331597618759" lon="1.9834979251027107">
        <ele>152.2</ele>
      </trkpt>
      <trkpt lat="41.32364898920059" lon="1.9831729587167501">
        <ele>159.3</ele>
      </trkpt>
      <trkpt lat="41.32370992563665" lon="1.9831089209765196">
        <ele>160.4</ele>
      </trkpt>
      <trkpt lat="41.32373197004199" lon="1.9830859545618296">
        <ele>160.8</ele>
      </trkpt>
      <trkpt lat="41.32378192618489" lon="1.9829649198800325">
        <ele>161.7</ele>
      </trkpt>
      <trkpt lat="41.32378192618489" lon="1.982831982895732">
        <ele>161.9</ele>
      </trkpt>
      <trkpt lat="41.323806988075376" lon="1.9826859701424837">
        <ele>162.9</ele>
      </trkpt>
      <trkpt lat="41.32383196614683" lon="1.982548926025629">
        <ele>164.3</ele>
      </trkpt>
      <trkpt lat="41.32382391951978" lon="1.9824609998613596">
        <ele>165.1</ele>
      </trkpt>
      <trkpt lat="41.32375694811344" lon="1.982373995706439">
        <ele>165.1</ele>
      </trkpt>
      <trkpt lat="41.32365292869508" lon="1.9821989815682173">
        <ele>165.2</ele>
      </trkpt>
      <trkpt lat="41.323570953682065" lon="1.9821269810199738">
        <ele>163.7</ele>
      </trkpt>
      <trkpt lat="41.323569947853684" lon="1.9820239674299955">
        <ele>164.2</ele>
      </trkpt>
      <trkpt lat="41.32358193397522" lon="1.9819179363548756">
        <ele>165.1</ele>
      </trkpt>
      <trkpt lat="41.32358696311712" lon="1.981870997697115">
        <ele>165.4</ele>
      </trkpt>
      <trkpt lat="41.32381696254015" lon="1.9815059658139944">
        <ele>169.5</ele>
      </trkpt>
      <trkpt lat="41.32389893755317" lon="1.9814119208604097">
        <ele>171.5</ele>
      </trkpt>
      <trkpt lat="41.32392793893814" lon="1.981286946684122">
        <ele>171.9</ele>
      </trkpt>
      <trkpt lat="41.32392793893814" lon="1.9811209850013256">
        <ele>171.4</ele>
      </trkpt>
      <trkpt lat="41.32378092035651" lon="1.9806099403649569">
        <ele>171.0</ele>
      </trkpt>
      <trkpt lat="41.32377396337688" lon="1.9804269634187222">
        <ele>171.8</ele>
      </trkpt>
      <trkpt lat="41.32387597113848" lon="1.9803319964557886">
        <ele>174.2</ele>
      </trkpt>
      <trkpt lat="41.32403992116451" lon="1.9801909290254116">
        <ele>177.2</ele>
      </trkpt>
      <trkpt lat="41.32422692142427" lon="1.9799049384891987">
        <ele>179.7</ele>
      </trkpt>
      <trkpt lat="41.32433496415615" lon="1.9796489551663399">
        <ele>180.2</ele>
      </trkpt>
      <trkpt lat="41.32430696859956" lon="1.979607967659831">
        <ele>178.6</ele>
      </trkpt>
      <trkpt lat="41.324170930311084" lon="1.9793329574167728">
        <ele>169.9</ele>
      </trkpt>
      <trkpt lat="41.32422398775816" lon="1.9788779877126217">
        <ele>166.0</ele>
      </trkpt>
      <trkpt lat="41.32428492419422" lon="1.978419916704297">
        <ele>168.0</ele>
      </trkpt>
      <trkpt lat="41.32415894418955" lon="1.97818698361516">
        <ele>164.4</ele>
      </trkpt>
      <trkpt lat="41.32413991726935" lon="1.9779389631003141">
        <ele>163.2</ele>
      </trkpt>
      <trkpt lat="41.32425491698086" lon="1.9775989931076765">
        <ele>166.6</ele>
      </trkpt>
      <trkpt lat="41.324237985536456" lon="1.97737293317914">
        <ele>168.3</ele>
      </trkpt>
      <trkpt lat="41.32386691868305" lon="1.9770559296011925">
        <ele>163.8</ele>
      </trkpt>
      <trkpt lat="41.32363993674517" lon="1.9766669254750013">
        <ele>165.3</ele>
      </trkpt>
      <trkpt lat="41.3235329836607" lon="1.976581932976842">
        <ele>167.4</ele>
      </trkpt>
      <trkpt lat="41.3234259467572" lon="1.9765939190983772">
        <ele>167.6</ele>
      </trkpt>
      <trkpt lat="41.32337196730077" lon="1.9766789954155684">
        <ele>165.4</ele>
      </trkpt>
      <trkpt lat="41.323292925953865" lon="1.976803969591856">
        <ele>162.2</ele>
      </trkpt>
      <trkpt lat="41.32326099090278" lon="1.9768559373915195">
        <ele>161.0</ele>
      </trkpt>
      <trkpt lat="41.32313299924135" lon="1.9770609587430954">
        <ele>157.0</ele>
      </trkpt>
      <trkpt lat="41.322906939312816" lon="1.9772879406809807">
        <ele>151.0</ele>
      </trkpt>
      <trkpt lat="41.32268792018294" lon="1.9773369748145342">
        <ele>148.1</ele>
      </trkpt>
      <trkpt lat="41.322452975437045" lon="1.9773759506642818">
        <ele>144.4</ele>
      </trkpt>
      <trkpt lat="41.322281984612346" lon="1.977425990626216">
        <ele>140.5</ele>
      </trkpt>
      <trkpt lat="41.3221719302237" lon="1.9774199556559324">
        <ele>138.7</ele>
      </trkpt>
      <trkpt lat="41.3220529910177" lon="1.9773459434509277">
        <ele>138.2</ele>
      </trkpt>
      <trkpt lat="41.321894992142916" lon="1.9772459473460913">
        <ele>137.1</ele>
      </trkpt>
      <trkpt lat="41.32177898660302" lon="1.9771499745547771">
        <ele>136.7</ele>
      </trkpt>
      <trkpt lat="41.32167396135628" lon="1.9770809914916754">
        <ele>134.8</ele>
      </trkpt>
      <trkpt lat="41.32158896885812" lon="1.9769969210028648">
        <ele>133.1</ele>
      </trkpt>
      <trkpt lat="41.32151294499636" lon="1.976894997060299">
        <ele>132.1</ele>
      </trkpt>
      <trkpt lat="41.32143398746848" lon="1.9767509959638119">
        <ele>131.8</ele>
      </trkpt>
      <trkpt lat="41.32132292725146" lon="1.9766159635037184">
        <ele>131.6</ele>
      </trkpt>
      <trkpt lat="41.32119996473193" lon="1.976502975448966">
        <ele>131.9</ele>
      </trkpt>
      <trkpt lat="41.32108999416232" lon="1.9764389377087355">
        <ele>130.5</ele>
      </trkpt>
      <trkpt lat="41.321012964472175" lon="1.9763129577040672">
        <ele>130.5</ele>
      </trkpt>
      <trkpt lat="41.32092394866049" lon="1.9762479979544878">
        <ele>129.0</ele>
      </trkpt>
      <trkpt lat="41.32080894894898" lon="1.9762029871344566">
        <ele>126.7</ele>
      </trkpt>
      <trkpt lat="41.32076494395733" lon="1.9761849660426378">
        <ele>125.9</ele>
      </trkpt>
      <trkpt lat="41.32068598642945" lon="1.9761539530009031">
        <ele>124.5</ele>
      </trkpt>
      <trkpt lat="41.32059797644615" lon="1.9761149771511555">
        <ele>123.0</ele>
      </trkpt>
      <trkpt lat="41.32053796201944" lon="1.976007940247655">
        <ele>122.3</ele>
      </trkpt>
      <trkpt lat="41.320521952584386" lon="1.9758679624646902">
        <ele>122.1</ele>
      </trkpt>
      <trkpt lat="41.3205539714545" lon="1.975706946104765">
        <ele>122.3</ele>
      </trkpt>
      <trkpt lat="41.32060996256769" lon="1.9755859952419996">
        <ele>122.6</ele>
      </trkpt>
      <trkpt lat="41.32068498060107" lon="1.9754469394683838">
        <ele>123.6</ele>
      </trkpt>
      <trkpt lat="41.32076997309923" lon="1.9753339514136314">
        <ele>124.9</ele>
      </trkpt>
      <trkpt lat="41.32082898169756" lon="1.9752349611371756">
        <ele>125.5</ele>
      </trkpt>
      <trkpt lat="41.32085496559739" lon="1.9750869367271662">
        <ele>124.4</ele>
      </trkpt>
      <trkpt lat="41.32084691897035" lon="1.974912928417325">
        <ele>122.7</ele>
      </trkpt>
      <trkpt lat="41.320840967819095" lon="1.9747279398143291">
        <ele>122.1</ele>
      </trkpt>
      <trkpt lat="41.32083795033395" lon="1.9746069889515638">
        <ele>122.9</ele>
      </trkpt>
      <trkpt lat="41.320776930078864" lon="1.974525935947895">
        <ele>123.3</ele>
      </trkpt>
      <trkpt lat="41.32068095728755" lon="1.9745139498263597">
        <ele>122.8</ele>
      </trkpt>
      <trkpt lat="41.32057199254632" lon="1.974515961483121">
        <ele>121.7</ele>
      </trkpt>
      <trkpt lat="41.32046998478472" lon="1.974515961483121">
        <ele>120.0</ele>
      </trkpt>
      <trkpt lat="41.32038893178105" lon="1.9745139498263597">
        <ele>118.5</ele>
      </trkpt>
      <trkpt lat="41.32031592540443" lon="1.9744869600981474">
        <ele>117.3</ele>
      </trkpt>
      <trkpt lat="41.32026798091829" lon="1.9744089245796204">
        <ele>117.3</ele>
      </trkpt>
      <trkpt lat="41.32024199701846" lon="1.974252937361598">
        <ele>119.3</ele>
      </trkpt>
      <trkpt lat="41.32022699341178" lon="1.9740169867873192">
        <ele>122.4</ele>
      </trkpt>
      <trkpt lat="41.320197992026806" lon="1.9738479238003492">
        <ele>123.1</ele>
      </trkpt>
      <trkpt lat="41.32016295567155" lon="1.9736529607325792">
        <ele>122.9</ele>
      </trkpt>
      <trkpt lat="41.32012498565018" lon="1.9734809640794992">
        <ele>121.2</ele>
      </trkpt>
      <trkpt lat="41.32010193541646" lon="1.9733089674264193">
        <ele>119.7</ele>
      </trkpt>
      <trkpt lat="41.320091960951686" lon="1.973139988258481">
        <ele>118.0</ele>
      </trkpt>
      <trkpt lat="41.320069916546345" lon="1.9729949813336134">
        <ele>116.4</ele>
      </trkpt>
      <trkpt lat="41.32003697566688" lon="1.9728529918938875">
        <ele>115.2</ele>
      </trkpt>
      <trkpt lat="41.32000797428191" lon="1.9727139361202717">
        <ele>114.1</ele>
      </trkpt>
      <trkpt lat="41.3200309406966" lon="1.97257898747921">
        <ele>114.1</ele>
      </trkpt>
      <trkpt lat="41.3200309406966" lon="1.9724479783326387">
        <ele>113.7</ele>
      </trkpt>
      <trkpt lat="41.320026917383075" lon="1.9722869619727135">
        <ele>113.5</ele>
      </trkpt>
      <trkpt lat="41.320022977888584" lon="1.9721579644829035">
        <ele>112.8</ele>
      </trkpt>
      <trkpt lat="41.32007494568825" lon="1.9720889814198017">
        <ele>112.8</ele>
      </trkpt>
      <trkpt lat="41.32012599147856" lon="1.971964929252863">
        <ele>112.8</ele>
      </trkpt>
      <trkpt lat="41.32009497843683" lon="1.9719459861516953">
        <ele>112.1</ele>
      </trkpt>
      <trkpt lat="41.32008299231529" lon="1.97193693369627">
        <ele>111.9</ele>
      </trkpt>
      <trkpt lat="41.320109982043505" lon="1.9718449842184782">
        <ele>112.8</ele>
      </trkpt>
      <trkpt lat="41.32009699009359" lon="1.971736941486597">
        <ele>113.6</ele>
      </trkpt>
      <trkpt lat="41.32006195373833" lon="1.9716589897871017">
        <ele>114.2</ele>
      </trkpt>
      <trkpt lat="41.32007997483015" lon="1.9716189242899418">
        <ele>114.6</ele>
      </trkpt>
      <trkpt lat="41.320025995373726" lon="1.9715709798038006">
        <ele>115.0</ele>
      </trkpt>
      <trkpt lat="41.320003950968385" lon="1.9714899268001318">
        <ele>116.0</ele>
      </trkpt>
      <trkpt lat="41.31997796706855" lon="1.9713989831507206">
        <ele>117.1</ele>
      </trkpt>
      <trkpt lat="41.319985929876566" lon="1.9715239573270082">
        <ele>115.7</ele>
      </trkpt>
      <trkpt lat="41.319916946813464" lon="1.971577936783433">
        <ele>115.7</ele>
      </trkpt>
      <trkpt lat="41.31988895125687" lon="1.9715409725904465">
        <ele>116.6</ele>
      </trkpt>
      <trkpt lat="41.31992499344051" lon="1.9715169165283442">
        <ele>116.4</ele>
      </trkpt>
      <trkpt lat="41.31987193599343" lon="1.9715139828622341">
        <ele>117.3</ele>
      </trkpt>
      <trkpt lat="41.31982298567891" lon="1.9714329298585653">
        <ele>119.3</ele>
      </trkpt>
      <trkpt lat="41.31982298567891" lon="1.9713749270886183">
        <ele>119.9</ele>
      </trkpt>
      <trkpt lat="41.31985894404352" lon="1.9713209476321936">
        <ele>119.5</ele>
      </trkpt>
      <trkpt lat="41.319789960980415" lon="1.9712439179420471">
        <ele>121.6</ele>
      </trkpt>
      <trkpt lat="41.319721983745694" lon="1.9712029304355383">
        <ele>123.5</ele>
      </trkpt>
      <trkpt lat="41.31966892629862" lon="1.9711559917777777">
        <ele>125.1</ele>
      </trkpt>
      <trkpt lat="41.31964294239879" lon="1.9712199456989765">
        <ele>125.3</ele>
      </trkpt>
      <trkpt lat="41.31957999430597" lon="1.9712159223854542">
        <ele>126.9</ele>
      </trkpt>
      <trkpt lat="41.319530960172415" lon="1.9712029304355383">
        <ele>128.3</ele>
      </trkpt>
      <trkpt lat="41.31945493631065" lon="1.9710979890078306">
        <ele>131.9</ele>
      </trkpt>
      <trkpt lat="41.31941193714738" lon="1.9709289260208607">
        <ele>135.7</ele>
      </trkpt>
      <trkpt lat="41.31943196989596" lon="1.9706779718399048">
        <ele>138.8</ele>
      </trkpt>
      <trkpt lat="41.319507993757725" lon="1.9704059790819883">
        <ele>139.0</ele>
      </trkpt>
      <trkpt lat="41.31950095295906" lon="1.9701849482953548">
        <ele>142.3</ele>
      </trkpt>
      <trkpt lat="41.31943196989596" lon="1.9699399452656507">
        <ele>147.9</ele>
      </trkpt>
      <trkpt lat="41.31941294297576" lon="1.9698069244623184">
        <ele>149.3</ele>
      </trkpt>
      <trkpt lat="41.31946197710931" lon="1.969718998298049">
        <ele>148.4</ele>
      </trkpt>
      <trkpt lat="41.31967294961214" lon="1.9696309883147478">
        <ele>142.4</ele>
      </trkpt>
      <trkpt lat="41.3197719398886" lon="1.969435941427946">
        <ele>143.6</ele>
      </trkpt>
      <trkpt lat="41.31982893683016" lon="1.969175934791565">
        <ele>148.1</ele>
      </trkpt>
      <trkpt lat="41.319832960143685" lon="1.968664973974228">
        <ele>152.4</ele>
      </trkpt>
      <trkpt lat="41.31965694017708" lon="1.9681529235094786">
        <ele>158.8</ele>
      </trkpt>
      <trkpt lat="41.319614946842194" lon="1.9678009673953056">
        <ele>155.2</ele>
      </trkpt>
      <trkpt lat="41.31949491798878" lon="1.9675439782440662">
        <ele>155.8</ele>
      </trkpt>
      <trkpt lat="41.31937497295439" lon="1.9672869890928268">
        <ele>155.0</ele>
      </trkpt>
      <trkpt lat="41.31914899684489" lon="1.9671599194407463">
        <ele>160.3</ele>
      </trkpt>
      <trkpt lat="41.3191569596529" lon="1.966975936666131">
        <ele>157.5</ele>
      </trkpt>
      <trkpt lat="41.3190879765898" lon="1.9667999166995287">
        <ele>159.3</ele>
      </trkpt>
      <trkpt lat="41.31902293302119" lon="1.9667469430714846">
        <ele>161.2</ele>
      </trkpt>
      <trkpt lat="41.318976916372776" lon="1.9665139261633158">
        <ele>162.7</ele>
      </trkpt>
      <trkpt lat="41.319013964384794" lon="1.9661909714341164">
        <ele>163.0</ele>
      </trkpt>
      <trkpt lat="41.3190499227494" lon="1.9658679328858852">
        <ele>165.8</ele>
      </trkpt>
      <trkpt lat="41.31893492303789" lon="1.96540298871696">
        <ele>170.8</ele>
      </trkpt>
      <trkpt lat="41.318884966894984" lon="1.9653059262782335">
        <ele>171.0</ele>
      </trkpt>
      <trkpt lat="41.31876493804157" lon="1.9650709815323353">
        <ele>171.8</ele>
      </trkpt>
      <trkpt lat="41.318651949986815" lon="1.964851962402463">
        <ele>173.4</ele>
      </trkpt>
      <trkpt lat="41.318629989400506" lon="1.9647259823977947">
        <ele>173.6</ele>
      </trkpt>
      <trkpt lat="41.318645998835564" lon="1.9646709971129894">
        <ele>173.2</ele>
      </trkpt>
      <trkpt lat="41.318476935848594" lon="1.9644229765981436">
        <ele>177.0</ele>
      </trkpt>
      <trkpt lat="41.31840392947197" lon="1.9642959907650948">
        <ele>178.7</ele>
      </trkpt>
      <trkpt lat="41.31825196556747" lon="1.9641119241714478">
        <ele>181.6</ele>
      </trkpt>
      <trkpt lat="41.31800897419453" lon="1.9639819208532572">
        <ele>184.8</ele>
      </trkpt>
      <trkpt lat="41.31771393120289" lon="1.9638639874756336">
        <ele>185.4</ele>
      </trkpt>
      <trkpt lat="41.317534977570176" lon="1.9638359919190407">
        <ele>187.2</ele>
      </trkpt>
      <trkpt lat="41.31722895428538" lon="1.9637069944292307">
        <ele>192.0</ele>
      </trkpt>
      <trkpt lat="41.31685495376587" lon="1.9635379314422607">
        <ele>198.7</ele>
      </trkpt>
      <trkpt lat="41.31672696210444" lon="1.963417986407876">
        <ele>202.8</ele>
      </trkpt>
      <trkpt lat="41.31663895212114" lon="1.9633949361741543">
        <ele>206.4</ele>
      </trkpt>
      <trkpt lat="41.31659796461463" lon="1.9633759930729866">
        <ele>208.0</ele>
      </trkpt>
      <trkpt lat="41.31655898876488" lon="1.9632469955831766">
        <ele>209.2</ele>
      </trkpt>
      <trkpt lat="41.316501991823316" lon="1.9631769228726625">
        <ele>211.4</ele>
      </trkpt>
      <trkpt lat="41.31626897491515" lon="1.9629799481481314">
        <ele>221.3</ele>
      </trkpt>
      <trkpt lat="41.31614391691983" lon="1.9626679737120867">
        <ele>224.8</ele>
      </trkpt>
      <trkpt lat="41.31602497771382" lon="1.962515925988555">
        <ele>228.7</ele>
      </trkpt>
      <trkpt lat="41.315900925546885" lon="1.9624639581888914">
        <ele>234.0</ele>
      </trkpt>
      <trkpt lat="41.3158499635756" lon="1.9625039398670197">
        <ele>236.4</ele>
      </trkpt>
      <trkpt lat="41.3158309366554" lon="1.9625799637287855">
        <ele>237.6</ele>
      </trkpt>
      <trkpt lat="41.31579598411918" lon="1.9626189395785332">
        <ele>239.3</ele>
      </trkpt>
      <trkpt lat="41.31573496386409" lon="1.9627359509468079">
        <ele>242.9</ele>
      </trkpt>
      <trkpt lat="41.31569892168045" lon="1.9627819675952196">
        <ele>245.0</ele>
      </trkpt>
      <trkpt lat="41.315665980800986" lon="1.9627929478883743">
        <ele>246.5</ele>
      </trkpt>
      <trkpt lat="41.31557093001902" lon="1.962838964536786">
        <ele>250.2</ele>
      </trkpt>
      <trkpt lat="41.31556397303939" lon="1.962831923738122">
        <ele>250.3</ele>
      </trkpt>
      <trkpt lat="41.31554695777595" lon="1.962813986465335">
        <ele>250.5</ele>
      </trkpt>
      <trkpt lat="41.31543598137796" lon="1.962641989812255">
        <ele>249.8</ele>
      </trkpt>
      <trkpt lat="41.31537395529449" lon="1.9625799637287855">
        <ele>249.1</ele>
      </trkpt>
      <trkpt lat="41.315320981666446" lon="1.9625039398670197">
        <ele>248.1</ele>
      </trkpt>
      <trkpt lat="41.315129958093166" lon="1.9624479487538338">
        <ele>246.2</ele>
      </trkpt>
      <trkpt lat="41.31497195921838" lon="1.9623889401555061">
        <ele>243.9</ele>
      </trkpt>
      <trkpt lat="41.314741959795356" lon="1.9622889440506697">
        <ele>241.1</ele>
      </trkpt>
      <trkpt lat="41.314761992543936" lon="1.961834980174899">
        <ele>241.9</ele>
      </trkpt>
      <trkpt lat="41.314741959795356" lon="1.9622889440506697">
        <ele>241.1</ele>
      </trkpt>
      <trkpt lat="41.31497195921838" lon="1.9623889401555061">
        <ele>243.9</ele>
      </trkpt>
      <trkpt lat="41.315129958093166" lon="1.9624479487538338">
        <ele>246.2</ele>
      </trkpt>
      <trkpt lat="41.315320981666446" lon="1.9625039398670197">
        <ele>248.1</ele>
      </trkpt>
      <trkpt lat="41.31537395529449" lon="1.9625799637287855">
        <ele>249.1</ele>
      </trkpt>
      <trkpt lat="41.31543598137796" lon="1.962641989812255">
        <ele>249.8</ele>
      </trkpt>
      <trkpt lat="41.31554695777595" lon="1.962813986465335">
        <ele>250.5</ele>
      </trkpt>
      <trkpt lat="41.31556397303939" lon="1.962831923738122">
        <ele>250.3</ele>
      </trkpt>
      <trkpt lat="41.31557093001902" lon="1.962838964536786">
        <ele>250.2</ele>
      </trkpt>
      <trkpt lat="41.315665980800986" lon="1.9627929478883743">
        <ele>246.5</ele>
      </trkpt>
      <trkpt lat="41.31569892168045" lon="1.9627819675952196">
        <ele>245.0</ele>
      </trkpt>
      <trkpt lat="41.31573496386409" lon="1.9627359509468079">
        <ele>242.9</ele>
      </trkpt>
      <trkpt lat="41.31579598411918" lon="1.9626189395785332">
        <ele>239.3</ele>
      </trkpt>
      <trkpt lat="41.3158309366554" lon="1.9625799637287855">
        <ele>237.6</ele>
      </trkpt>
      <trkpt lat="41.3158499635756" lon="1.9625039398670197">
        <ele>236.4</ele>
      </trkpt>
      <trkpt lat="41.315900925546885" lon="1.9624639581888914">
        <ele>234.0</ele>
      </trkpt>
      <trkpt lat="41.31602497771382" lon="1.962515925988555">
        <ele>228.7</ele>
      </trkpt>
      <trkpt lat="41.31614391691983" lon="1.9626679737120867">
        <ele>224.8</ele>
      </trkpt>
      <trkpt lat="41.31626897491515" lon="1.9629799481481314">
        <ele>221.3</ele>
      </trkpt>
      <trkpt lat="41.316501991823316" lon="1.9631769228726625">
        <ele>211.4</ele>
      </trkpt>
      <trkpt lat="41.31655898876488" lon="1.9632469955831766">
        <ele>209.2</ele>
      </trkpt>
      <trkpt lat="41.31659796461463" lon="1.9633759930729866">
        <ele>208.0</ele>
      </trkpt>
      <trkpt lat="41.31663895212114" lon="1.9633949361741543">
        <ele>206.4</ele>
      </trkpt>
      <trkpt lat="41.31672696210444" lon="1.963417986407876">
        <ele>202.8</ele>
      </trkpt>
      <trkpt lat="41.31685495376587" lon="1.9635379314422607">
        <ele>198.7</ele>
      </trkpt>
      <trkpt lat="41.31722895428538" lon="1.9637069944292307">
        <ele>192.0</ele>
      </trkpt>
      <trkpt lat="41.317534977570176" lon="1.9638359919190407">
        <ele>187.2</ele>
      </trkpt>
      <trkpt lat="41.31771393120289" lon="1.9638639874756336">
        <ele>185.4</ele>
      </trkpt>
      <trkpt lat="41.31800897419453" lon="1.9639819208532572">
        <ele>184.8</ele>
      </trkpt>
      <trkpt lat="41.31825196556747" lon="1.9641119241714478">
        <ele>181.6</ele>
      </trkpt>
      <trkpt lat="41.31840392947197" lon="1.9642959907650948">
        <ele>178.7</ele>
      </trkpt>
      <trkpt lat="41.318476935848594" lon="1.9644229765981436">
        <ele>177.0</ele>
      </trkpt>
      <trkpt lat="41.318645998835564" lon="1.9646709971129894">
        <ele>173.2</ele>
      </trkpt>
      <trkpt lat="41.318629989400506" lon="1.9647259823977947">
        <ele>173.6</ele>
      </trkpt>
      <trkpt lat="41.318651949986815" lon="1.964851962402463">
        <ele>173.4</ele>
      </trkpt>
      <trkpt lat="41.31876493804157" lon="1.9650709815323353">
        <ele>171.8</ele>
      </trkpt>
      <trkpt lat="41.318884966894984" lon="1.9653059262782335">
        <ele>171.0</ele>
      </trkpt>
      <trkpt lat="41.31893492303789" lon="1.96540298871696">
        <ele>170.8</ele>
      </trkpt>
      <trkpt lat="41.3190499227494" lon="1.9658679328858852">
        <ele>165.8</ele>
      </trkpt>
      <trkpt lat="41.319013964384794" lon="1.9661909714341164">
        <ele>163.0</ele>
      </trkpt>
      <trkpt lat="41.318976916372776" lon="1.9665139261633158">
        <ele>162.7</ele>
      </trkpt>
      <trkpt lat="41.31902293302119" lon="1.9667469430714846">
        <ele>161.2</ele>
      </trkpt>
      <trkpt lat="41.3190879765898" lon="1.9667999166995287">
        <ele>159.3</ele>
      </trkpt>
      <trkpt lat="41.3191569596529" lon="1.966975936666131">
        <ele>157.5</ele>
      </trkpt>
      <trkpt lat="41.31914899684489" lon="1.9671599194407463">
        <ele>160.3</ele>
      </trkpt>
      <trkpt lat="41.31937497295439" lon="1.9672869890928268">
        <ele>155.0</ele>
      </trkpt>
      <trkpt lat="41.31949491798878" lon="1.9675439782440662">
        <ele>155.8</ele>
      </trkpt>
      <trkpt lat="41.319614946842194" lon="1.9678009673953056">
        <ele>155.2</ele>
      </trkpt>
      <trkpt lat="41.31965694017708" lon="1.9681529235094786">
        <ele>158.8</ele>
      </trkpt>
      <trkpt lat="41.319832960143685" lon="1.968664973974228">
        <ele>152.4</ele>
      </trkpt>
      <trkpt lat="41.31982893683016" lon="1.969175934791565">
        <ele>148.1</ele>
      </trkpt>
      <trkpt lat="41.3197719398886" lon="1.969435941427946">
        <ele>143.6</ele>
      </trkpt>
      <trkpt lat="41.31967294961214" lon="1.9696309883147478">
        <ele>142.4</ele>
      </trkpt>
      <trkpt lat="41.31946197710931" lon="1.969718998298049">
        <ele>148.4</ele>
      </trkpt>
      <trkpt lat="41.31941294297576" lon="1.9698069244623184">
        <ele>149.3</ele>
      </trkpt>
      <trkpt lat="41.31943196989596" lon="1.9699399452656507">
        <ele>147.9</ele>
      </trkpt>
      <trkpt lat="41.31950095295906" lon="1.9701849482953548">
        <ele>142.3</ele>
      </trkpt>
      <trkpt lat="41.319507993757725" lon="1.9704059790819883">
        <ele>139.0</ele>
      </trkpt>
      <trkpt lat="41.31943196989596" lon="1.9706779718399048">
        <ele>138.8</ele>
      </trkpt>
      <trkpt lat="41.31941193714738" lon="1.9709289260208607">
        <ele>135.7</ele>
      </trkpt>
      <trkpt lat="41.31945493631065" lon="1.9710979890078306">
        <ele>131.9</ele>
      </trkpt>
      <trkpt lat="41.319530960172415" lon="1.9712029304355383">
        <ele>128.3</ele>
      </trkpt>
      <trkpt lat="41.31957999430597" lon="1.9712159223854542">
        <ele>126.9</ele>
      </trkpt>
      <trkpt lat="41.31964294239879" lon="1.9712199456989765">
        <ele>125.3</ele>
      </trkpt>
      <trkpt lat="41.31966892629862" lon="1.9711559917777777">
        <ele>125.1</ele>
      </trkpt>
      <trkpt lat="41.319721983745694" lon="1.9712029304355383">
        <ele>123.5</ele>
      </trkpt>
      <trkpt lat="41.319789960980415" lon="1.9712439179420471">
        <ele>121.6</ele>
      </trkpt>
      <trkpt lat="41.31985894404352" lon="1.9713209476321936">
        <ele>119.5</ele>
      </trkpt>
      <trkpt lat="41.31982298567891" lon="1.9713749270886183">
        <ele>119.9</ele>
      </trkpt>
      <trkpt lat="41.31982298567891" lon="1.9714329298585653">
        <ele>119.3</ele>
      </trkpt>
      <trkpt lat="41.31987193599343" lon="1.9715139828622341">
        <ele>117.3</ele>
      </trkpt>
      <trkpt lat="41.31992499344051" lon="1.9715169165283442">
        <ele>116.4</ele>
      </trkpt>
      <trkpt lat="41.31988895125687" lon="1.9715409725904465">
        <ele>116.6</ele>
      </trkpt>
      <trkpt lat="41.319916946813464" lon="1.971577936783433">
        <ele>115.7</ele>
      </trkpt>
      <trkpt lat="41.319985929876566" lon="1.9715239573270082">
        <ele>115.7</ele>
      </trkpt>
      <trkpt lat="41.31997796706855" lon="1.9713989831507206">
        <ele>117.1</ele>
      </trkpt>
      <trkpt lat="41.320003950968385" lon="1.9714899268001318">
        <ele>116.0</ele>
      </trkpt>
      <trkpt lat="41.320025995373726" lon="1.9715709798038006">
        <ele>115.0</ele>
      </trkpt>
      <trkpt lat="41.32007997483015" lon="1.9716189242899418">
        <ele>114.6</ele>
      </trkpt>
      <trkpt lat="41.32006195373833" lon="1.9716589897871017">
        <ele>114.2</ele>
      </trkpt>
      <trkpt lat="41.32009699009359" lon="1.971736941486597">
        <ele>113.6</ele>
      </trkpt>
      <trkpt lat="41.320109982043505" lon="1.9718449842184782">
        <ele>112.8</ele>
      </trkpt>
      <trkpt lat="41.32008299231529" lon="1.97193693369627">
        <ele>111.9</ele>
      </trkpt>
      <trkpt lat="41.32009497843683" lon="1.9719459861516953">
        <ele>112.1</ele>
      </trkpt>
      <trkpt lat="41.32012599147856" lon="1.971964929252863">
        <ele>112.8</ele>
      </trkpt>
      <trkpt lat="41.32007494568825" lon="1.9720889814198017">
        <ele>112.8</ele>
      </trkpt>
      <trkpt lat="41.320022977888584" lon="1.9721579644829035">
        <ele>112.8</ele>
      </trkpt>
      <trkpt lat="41.320026917383075" lon="1.9722869619727135">
        <ele>113.5</ele>
      </trkpt>
      <trkpt lat="41.3200309406966" lon="1.9724479783326387">
        <ele>113.7</ele>
      </trkpt>
      <trkpt lat="41.3200309406966" lon="1.97257898747921">
        <ele>114.1</ele>
      </trkpt>
      <trkpt lat="41.32000797428191" lon="1.9727139361202717">
        <ele>114.1</ele>
      </trkpt>
      <trkpt lat="41.32003697566688" lon="1.9728529918938875">
        <ele>115.2</ele>
      </trkpt>
      <trkpt lat="41.320069916546345" lon="1.9729949813336134">
        <ele>116.4</ele>
      </trkpt>
      <trkpt lat="41.320091960951686" lon="1.973139988258481">
        <ele>118.0</ele>
      </trkpt>
      <trkpt lat="41.32010193541646" lon="1.9733089674264193">
        <ele>119.7</ele>
      </trkpt>
      <trkpt lat="41.32012498565018" lon="1.9734809640794992">
        <ele>121.2</ele>
      </trkpt>
      <trkpt lat="41.32016295567155" lon="1.9736529607325792">
        <ele>122.9</ele>
      </trkpt>
      <trkpt lat="41.320197992026806" lon="1.9738479238003492">
        <ele>123.1</ele>
      </trkpt>
      <trkpt lat="41.32022699341178" lon="1.9740169867873192">
        <ele>122.4</ele>
      </trkpt>
      <trkpt lat="41.32024199701846" lon="1.974252937361598">
        <ele>119.3</ele>
      </trkpt>
      <trkpt lat="41.32026798091829" lon="1.9744089245796204">
        <ele>117.3</ele>
      </trkpt>
      <trkpt lat="41.32031592540443" lon="1.9744869600981474">
        <ele>117.3</ele>
      </trkpt>
      <trkpt lat="41.32038893178105" lon="1.9745139498263597">
        <ele>118.5</ele>
      </trkpt>
      <trkpt lat="41.32046998478472" lon="1.974515961483121">
        <ele>120.0</ele>
      </trkpt>
      <trkpt lat="41.32057199254632" lon="1.974515961483121">
        <ele>121.7</ele>
      </trkpt>
      <trkpt lat="41.32068095728755" lon="1.9745139498263597">
        <ele>122.8</ele>
      </trkpt>
      <trkpt lat="41.320776930078864" lon="1.974525935947895">
        <ele>123.3</ele>
      </trkpt>
      <trkpt lat="41.32083795033395" lon="1.9746069889515638">
        <ele>122.9</ele>
      </trkpt>
      <trkpt lat="41.320840967819095" lon="1.9747279398143291">
        <ele>122.1</ele>
      </trkpt>
      <trkpt lat="41.32084691897035" lon="1.974912928417325">
        <ele>122.7</ele>
      </trkpt>
      <trkpt lat="41.32085496559739" lon="1.9750869367271662">
        <ele>124.4</ele>
      </trkpt>
      <trkpt lat="41.32082898169756" lon="1.9752349611371756">
        <ele>125.5</ele>
      </trkpt>
      <trkpt lat="41.32076997309923" lon="1.9753339514136314">
        <ele>124.9</ele>
      </trkpt>
      <trkpt lat="41.32068498060107" lon="1.9754469394683838">
        <ele>123.6</ele>
      </trkpt>
      <trkpt lat="41.32060996256769" lon="1.9755859952419996">
        <ele>122.6</ele>
      </trkpt>
      <trkpt lat="41.3205539714545" lon="1.975706946104765">
        <ele>122.3</ele>
      </trkpt>
      <trkpt lat="41.320521952584386" lon="1.9758679624646902">
        <ele>122.1</ele>
      </trkpt>
      <trkpt lat="41.32053796201944" lon="1.976007940247655">
        <ele>122.3</ele>
      </trkpt>
      <trkpt lat="41.32059797644615" lon="1.9761149771511555">
        <ele>123.0</ele>
      </trkpt>
      <trkpt lat="41.32068598642945" lon="1.9761539530009031">
        <ele>124.5</ele>
      </trkpt>
      <trkpt lat="41.32076494395733" lon="1.9761849660426378">
        <ele>125.9</ele>
      </trkpt>
      <trkpt lat="41.32080894894898" lon="1.9762029871344566">
        <ele>126.7</ele>
      </trkpt>
      <trkpt lat="41.32092394866049" lon="1.9762479979544878">
        <ele>129.0</ele>
      </trkpt>
      <trkpt lat="41.321012964472175" lon="1.9763129577040672">
        <ele>130.5</ele>
      </trkpt>
      <trkpt lat="41.32108999416232" lon="1.9764389377087355">
        <ele>130.5</ele>
      </trkpt>
      <trkpt lat="41.32119996473193" lon="1.976502975448966">
        <ele>131.9</ele>
      </trkpt>
      <trkpt lat="41.32132292725146" lon="1.9766159635037184">
        <ele>131.6</ele>
      </trkpt>
      <trkpt lat="41.32143398746848" lon="1.9767509959638119">
        <ele>131.8</ele>
      </trkpt>
      <trkpt lat="41.32151294499636" lon="1.976894997060299">
        <ele>132.1</ele>
      </trkpt>
      <trkpt lat="41.32158896885812" lon="1.9769969210028648">
        <ele>133.1</ele>
      </trkpt>
      <trkpt lat="41.32167396135628" lon="1.9770809914916754">
        <ele>134.8</ele>
      </trkpt>
      <trkpt lat="41.32177898660302" lon="1.9771499745547771">
        <ele>136.7</ele>
      </trkpt>
      <trkpt lat="41.321894992142916" lon="1.9772459473460913">
        <ele>137.1</ele>
      </trkpt>
      <trkpt lat="41.3220529910177" lon="1.9773459434509277">
        <ele>138.2</ele>
      </trkpt>
      <trkpt lat="41.3221719302237" lon="1.9774199556559324">
        <ele>138.7</ele>
      </trkpt>
      <trkpt lat="41.322281984612346" lon="1.977425990626216">
        <ele>140.5</ele>
      </trkpt>
      <trkpt lat="41.322452975437045" lon="1.9773759506642818">
        <ele>144.4</ele>
      </trkpt>
      <trkpt lat="41.32268792018294" lon="1.9773369748145342">
        <ele>148.1</ele>
      </trkpt>
      <trkpt lat="41.322906939312816" lon="1.9772879406809807">
        <ele>151.0</ele>
      </trkpt>
      <trkpt lat="41.32313299924135" lon="1.9770609587430954">
        <ele>157.0</ele>
      </trkpt>
      <trkpt lat="41.32326099090278" lon="1.9768559373915195">
        <ele>161.0</ele>
      </trkpt>
      <trkpt lat="41.323292925953865" lon="1.976803969591856">
        <ele>162.2</ele>
      </trkpt>
      <trkpt lat="41.32337196730077" lon="1.9766789954155684">
        <ele>165.4</ele>
      </trkpt>
      <trkpt lat="41.3234259467572" lon="1.9765939190983772">
        <ele>167.6</ele>
      </trkpt>
      <trkpt lat="41.3235329836607" lon="1.976581932976842">
        <ele>167.4</ele>
      </trkpt>
      <trkpt lat="41.32363993674517" lon="1.9766669254750013">
        <ele>165.3</ele>
      </trkpt>
      <trkpt lat="41.32386691868305" lon="1.9770559296011925">
        <ele>163.8</ele>
      </trkpt>
      <trkpt lat="41.324237985536456" lon="1.97737293317914">
        <ele>168.3</ele>
      </trkpt>
      <trkpt lat="41.32425491698086" lon="1.9775989931076765">
        <ele>166.6</ele>
      </trkpt>
      <trkpt lat="41.32413991726935" lon="1.9779389631003141">
        <ele>163.2</ele>
      </trkpt>
      <trkpt lat="41.32415894418955" lon="1.97818698361516">
        <ele>164.4</ele>
      </trkpt>
      <trkpt lat="41.32428492419422" lon="1.978419916704297">
        <ele>168.0</ele>
      </trkpt>
      <trkpt lat="41.32422398775816" lon="1.9788779877126217">
        <ele>166.0</ele>
      </trkpt>
      <trkpt lat="41.324170930311084" lon="1.9793329574167728">
        <ele>169.9</ele>
      </trkpt>
      <trkpt lat="41.32430696859956" lon="1.979607967659831">
        <ele>178.6</ele>
      </trkpt>
      <trkpt lat="41.32433496415615" lon="1.9796489551663399">
        <ele>180.2</ele>
      </trkpt>
      <trkpt lat="41.32422692142427" lon="1.9799049384891987">
        <ele>179.7</ele>
      </trkpt>
      <trkpt lat="41.32403992116451" lon="1.9801909290254116">
        <ele>177.2</ele>
      </trkpt>
      <trkpt lat="41.32387597113848" lon="1.9803319964557886">
        <ele>174.2</ele>
      </trkpt>
      <trkpt lat="41.32377396337688" lon="1.9804269634187222">
        <ele>171.8</ele>
      </trkpt>
      <trkpt lat="41.32378092035651" lon="1.9806099403649569">
        <ele>171.0</ele>
      </trkpt>
      <trkpt lat="41.32392793893814" lon="1.9811209850013256">
        <ele>171.4</ele>
      </trkpt>
      <trkpt lat="41.32392793893814" lon="1.981286946684122">
        <ele>171.9</ele>
      </trkpt>
      <trkpt lat="41.32389893755317" lon="1.9814119208604097">
        <ele>171.5</ele>
      </trkpt>
      <trkpt lat="41.32381696254015" lon="1.9815059658139944">
        <ele>169.5</ele>
      </trkpt>
      <trkpt lat="41.32358696311712" lon="1.981870997697115">
        <ele>165.4</ele>
      </trkpt>
      <trkpt lat="41.32358193397522" lon="1.9819179363548756">
        <ele>165.1</ele>
      </trkpt>
      <trkpt lat="41.323569947853684" lon="1.9820239674299955">
        <ele>164.2</ele>
      </trkpt>
      <trkpt lat="41.323570953682065" lon="1.9821269810199738">
        <ele>163.7</ele>
      </trkpt>
      <trkpt lat="41.32365292869508" lon="1.9821989815682173">
        <ele>165.2</ele>
      </trkpt>
      <trkpt lat="41.32375694811344" lon="1.982373995706439">
        <ele>165.1</ele>
      </trkpt>
      <trkpt lat="41.32382391951978" lon="1.9824609998613596">
        <ele>165.1</ele>
      </trkpt>
      <trkpt lat="41.32383196614683" lon="1.982548926025629">
        <ele>164.3</ele>
      </trkpt>
      <trkpt lat="41.323806988075376" lon="1.9826859701424837">
        <ele>162.9</ele>
      </trkpt>
      <trkpt lat="41.32378192618489" lon="1.982831982895732">
        <ele>161.9</ele>
      </trkpt>
      <trkpt lat="41.32378192618489" lon="1.9829649198800325">
        <ele>161.7</ele>
      </trkpt>
      <trkpt lat="41.32373197004199" lon="1.9830859545618296">
        <ele>160.8</ele>
      </trkpt>
      <trkpt lat="41.32370992563665" lon="1.9831089209765196">
        <ele>160.4</ele>
      </trkpt>
      <trkpt lat="41.32364898920059" lon="1.9831729587167501">
        <ele>159.3</ele>
      </trkpt>
      <trkpt lat="41.32331597618759" lon="1.9834979251027107">
        <ele>152.2</ele>
      </trkpt>
      <trkpt lat="41.323115983977914" lon="1.9838019367307425">
        <ele>150.0</ele>
      </trkpt>
      <trkpt lat="41.32309092208743" lon="1.983921965584159">
        <ele>150.2</ele>
      </trkpt>
      <trkpt lat="41.32304498925805" lon="1.984088933095336">
        <ele>150.2</ele>
      </trkpt>
      <trkpt lat="41.32294298149645" lon="1.9843659549951553">
        <ele>149.0</ele>
      </trkpt>
      <trkpt lat="41.322839967906475" lon="1.9846429768949747">
        <ele>146.0</ele>
      </trkpt>
      <trkpt lat="41.322734942659736" lon="1.9850639998912811">
        <ele>140.1</ele>
      </trkpt>
      <trkpt lat="41.32273796014488" lon="1.9853049796074629">
        <ele>137.6</ele>
      </trkpt>
      <trkpt lat="41.32280392572284" lon="1.9857789762318134">
        <ele>133.4</ele>
      </trkpt>
      <trkpt lat="41.32279093377292" lon="1.9858539942651987">
        <ele>132.8</ele>
      </trkpt>
      <trkpt lat="41.32272094488144" lon="1.9858919642865658">
        <ele>132.5</ele>
      </trkpt>
      <trkpt lat="41.322645926848054" lon="1.98587897233665">
        <ele>132.5</ele>
      </trkpt>
      <trkpt lat="41.32259094156325" lon="1.9857959914952517">
        <ele>133.0</ele>
      </trkpt>
      <trkpt lat="41.32257493212819" lon="1.9857379887253046">
        <ele>133.3</ele>
      </trkpt>
      <trkpt lat="41.322516929358244" lon="1.9856999348849058">
        <ele>133.1</ele>
      </trkpt>
      <trkpt lat="41.322470996528864" lon="1.9856999348849058">
        <ele>132.6</ele>
      </trkpt>
      <trkpt lat="41.322432942688465" lon="1.9857919681817293">
        <ele>131.4</ele>
      </trkpt>
      <trkpt lat="41.3224499579519" lon="1.9859459437429905">
        <ele>130.6</ele>
      </trkpt>
      <trkpt lat="41.32251198403537" lon="1.9861119892448187">
        <ele>130.0</ele>
      </trkpt>
      <trkpt lat="41.32254995405674" lon="1.9862169306725264">
        <ele>129.7</ele>
      </trkpt>
      <trkpt lat="41.32255397737026" lon="1.986318938434124">
        <ele>129.6</ele>
      </trkpt>
      <trkpt lat="41.32253595627844" lon="1.986495964229107">
        <ele>130.6</ele>
      </trkpt>
      <trkpt lat="41.32255892269313" lon="1.9865249656140804">
        <ele>130.7</ele>
      </trkpt>
      <trkpt lat="41.322583984583616" lon="1.9865509495139122">
        <ele>130.7</ele>
      </trkpt>
      <trkpt lat="41.3226349465549" lon="1.9866089522838593">
        <ele>130.7</ele>
      </trkpt>
      <trkpt lat="41.32268297486007" lon="1.9866659492254257">
        <ele>130.5</ele>
      </trkpt>
      <trkpt lat="41.32275799289346" lon="1.9867159891873598">
        <ele>129.6</ele>
      </trkpt>
      <trkpt lat="41.32285195402801" lon="1.986811961978674">
        <ele>128.6</ele>
      </trkpt>
      <trkpt lat="41.322945998981595" lon="1.9869579747319221">
        <ele>128.0</ele>
      </trkpt>
      <trkpt lat="41.32298396900296" lon="1.9870819430798292">
        <ele>128.3</ele>
      </trkpt>
      <trkpt lat="41.32299997843802" lon="1.9871669355779886">
        <ele>128.6</ele>
      </trkpt>
      <trkpt lat="41.3230149820447" lon="1.9872739724814892">
        <ele>128.9</ele>
      </trkpt>
      <trkpt lat="41.32303895428777" lon="1.9873829372227192">
        <ele>128.8</ele>
      </trkpt>
      <trkpt lat="41.32310491986573" lon="1.987491985782981">
        <ele>128.1</ele>
      </trkpt>
      <trkpt lat="41.32317599840462" lon="1.9875549338757992">
        <ele>127.3</ele>
      </trkpt>
      <trkpt lat="41.32321799173951" lon="1.9876089971512556">
        <ele>127.0</ele>
      </trkpt>
      <trkpt lat="41.32330399006605" lon="1.987794991582632">
        <ele>126.9</ele>
      </trkpt>
      <trkpt lat="41.32332695648074" lon="1.9878489710390568">
        <ele>126.9</ele>
      </trkpt>
      <trkpt lat="41.32337096147239" lon="1.9878679979592562">
        <ele>125.9</ele>
      </trkpt>
      <trkpt lat="41.32339191623032" lon="1.987911919131875">
        <ele>125.8</ele>
      </trkpt>
      <trkpt lat="41.323439944535494" lon="1.9881069660186768">
        <ele>126.5</ele>
      </trkpt>
      <trkpt lat="41.32350197061896" lon="1.988348951563239">
        <ele>127.1</ele>
      </trkpt>
      <trkpt lat="41.32357992231846" lon="1.988505944609642">
        <ele>126.7</ele>
      </trkpt>
      <trkpt lat="41.32366994395852" lon="1.9886359479278326">
        <ele>125.5</ele>
      </trkpt>
      <trkpt lat="41.32372593507171" lon="1.9887069426476955">
        <ele>124.3</ele>
      </trkpt>
      <trkpt lat="41.32379491813481" lon="1.9887219462543726">
        <ele>122.1</ele>
      </trkpt>
      <trkpt lat="41.323924921453" lon="1.9887549709528685">
        <ele>118.5</ele>
      </trkpt>
      <trkpt lat="41.3240269292146" lon="1.9887799490243196">
        <ele>116.3</ele>
      </trkpt>
      <trkpt lat="41.32416296750307" lon="1.9888909254223108">
        <ele>114.1</ele>
      </trkpt>
      <trkpt lat="41.324257934466004" lon="1.9890209287405014">
        <ele>112.6</ele>
      </trkpt>
      <trkpt lat="41.32435591891408" lon="1.9891549553722143">
        <ele>111.9</ele>
      </trkpt>
      <trkpt lat="41.324449963867664" lon="1.9892909936606884">
        <ele>112.3</ele>
      </trkpt>
      <trkpt lat="41.32446496747434" lon="1.9893789198249578">
        <ele>113.1</ele>
      </trkpt>
      <trkpt lat="41.32449799217284" lon="1.989438934251666">
        <ele>113.5</ele>
      </trkpt>
      <trkpt lat="41.32450897246599" lon="1.9895039778202772">
        <ele>114.0</ele>
      </trkpt>
      <trkpt lat="41.3245499599725" lon="1.9895419478416443">
        <ele>114.1</ele>
      </trkpt>
      <trkpt lat="41.32458591833711" lon="1.9895439594984055">
        <ele>114.0</ele>
      </trkpt>
      <trkpt lat="41.324621960520744" lon="1.9895329792052507">
        <ele>113.7</ele>
      </trkpt>
      <trkpt lat="41.32467392832041" lon="1.9894829392433167">
        <ele>112.8</ele>
      </trkpt>
      <trkpt lat="41.32471793331206" lon="1.9894349947571754">
        <ele>111.9</ele>
      </trkpt>
      <trkpt lat="41.32474894635379" lon="1.9893969409167767">
        <ele>111.3</ele>
      </trkpt>
      <trkpt lat="41.32478498853743" lon="1.9893739745020866">
        <ele>110.9</ele>
      </trkpt>
      <trkpt lat="41.32483293302357" lon="1.9893639162182808">
        <ele>110.7</ele>
      </trkpt>
      <trkpt lat="41.32487492635846" lon="1.9893489964306355">
        <ele>110.5</ele>
      </trkpt>
      <trkpt lat="41.324899988248944" lon="1.9893259461969137">
        <ele>110.2</ele>
      </trkpt>
      <trkpt lat="41.32493896409869" lon="1.9893049914389849">
        <ele>109.9</ele>
      </trkpt>
      <trkpt lat="41.325009958818555" lon="1.9893049914389849">
        <ele>109.9</ele>
      </trkpt>
      <trkpt lat="41.32517793215811" lon="1.9893279578536749">
        <ele>110.4</ele>
      </trkpt>
      <trkpt lat="41.32538295350969" lon="1.9893949292600155">
        <ele>111.2</ele>
      </trkpt>
      <trkpt lat="41.3255309779197" lon="1.989430971443653">
        <ele>111.7</ele>
      </trkpt>
      <trkpt lat="41.32562099955976" lon="1.9894499983638525">
        <ele>112.1</ele>
      </trkpt>
      <trkpt lat="41.325696939602494" lon="1.989509928971529">
        <ele>113.5</ele>
      </trkpt>
      <trkpt lat="41.32579693570733" lon="1.9896019622683525">
        <ele>115.9</ele>
      </trkpt>
      <trkpt lat="41.325867930427194" lon="1.989635992795229">
        <ele>116.8</ele>
      </trkpt>
      <trkpt lat="41.325934985652566" lon="1.9896649941802025">
        <ele>117.5</ele>
      </trkpt>
      <trkpt lat="41.32599592208862" lon="1.989658959209919">
        <ele>117.2</ele>
      </trkpt>
      <trkpt lat="41.326041938737035" lon="1.989645967260003">
        <ele>116.7</ele>
      </trkpt>
      <trkpt lat="41.32609399035573" lon="1.9896569475531578">
        <ele>116.6</ele>
      </trkpt>
      <trkpt lat="41.32624494843185" lon="1.9896519184112549">
        <ele>114.6</ele>
      </trkpt>
      <trkpt lat="41.326405964791775" lon="1.9896149542182684">
        <ele>111.6</ele>
      </trkpt>
      <trkpt lat="41.326515935361385" lon="1.9895859528332949">
        <ele>110.5</ele>
      </trkpt>
      <trkpt lat="41.326599922031164" lon="1.9895559456199408">
        <ele>109.6</ele>
      </trkpt>
      <trkpt lat="41.32665893062949" lon="1.9895269442349672">
        <ele>108.8</ele>
      </trkpt>
      <trkpt lat="41.32684894837439" lon="1.9894809275865555">
        <ele>106.9</ele>
      </trkpt>
      <trkpt lat="41.327204927802086" lon="1.989653930068016">
        <ele>111.6</ele>
      </trkpt>
      <trkpt lat="41.32751195691526" lon="1.989845959469676">
        <ele>112.1</ele>
      </trkpt>
      <trkpt lat="41.32773097604513" lon="1.9899789802730083">
        <ele>109.0</ele>
      </trkpt>
      <trkpt lat="41.32790096104145" lon="1.9901709258556366">
        <ele>106.0</ele>
      </trkpt>
      <trkpt lat="41.32805099710822" lon="1.99056395329535">
        <ele>102.1</ele>
      </trkpt>
      <trkpt lat="41.32811394520104" lon="1.9908639416098595">
        <ele>100.2</ele>
      </trkpt>
      <trkpt lat="41.32815593853593" lon="1.9910129718482494">
        <ele>100.2</ele>
      </trkpt>
      <trkpt lat="41.32818695157766" lon="1.991008948534727">
        <ele>99.3</ele>
      </trkpt>
      <trkpt lat="41.328253922984004" lon="1.9910859782248735">
        <ele>98.1</ele>
      </trkpt>
      <trkpt lat="41.32832894101739" lon="1.9911539554595947">
        <ele>96.4</ele>
      </trkpt>
      <trkpt lat="41.32840999402106" lon="1.9911639299243689">
        <ele>93.8</ele>
      </trkpt>
      <trkpt lat="41.32847797125578" lon="1.9911729823797941">
        <ele>91.4</ele>
      </trkpt>
      <trkpt lat="41.32857193239033" lon="1.9912209268659353">
        <ele>88.0</ele>
      </trkpt>
      <trkpt lat="41.328576961532235" lon="1.9912379421293736">
        <ele>87.9</ele>
      </trkpt>
      <trkpt lat="41.32858391851187" lon="1.9913779199123383">
        <ele>87.0</ele>
      </trkpt>
      <trkpt lat="41.32858894765377" lon="1.9914639182388783">
        <ele>86.1</ele>
      </trkpt>
      <trkpt lat="41.328555922955275" lon="1.991716967895627">
        <ele>83.8</ele>
      </trkpt>
      <trkpt lat="41.328515941277146" lon="1.9920489750802517">
        <ele>80.4</ele>
      </trkpt>
      <trkpt lat="41.32851694710553" lon="1.9921409245580435">
        <ele>79.5</ele>
      </trkpt>
      <trkpt lat="41.32851795293391" lon="1.9922269228845835">
        <ele>79.1</ele>
      </trkpt>
      <trkpt lat="41.3285599462688" lon="1.9924619514495134">
        <ele>79.3</ele>
      </trkpt>
      <trkpt lat="41.32856195792556" lon="1.992672923952341">
        <ele>80.1</ele>
      </trkpt>
      <trkpt lat="41.32852893322706" lon="1.9928989838808775">
        <ele>82.2</ele>
      </trkpt>
      <trkpt lat="41.32849892601371" lon="1.993094952777028">
        <ele>84.8</ele>
      </trkpt>
      <trkpt lat="41.328513929620385" lon="1.9932979624718428">
        <ele>86.3</ele>
      </trkpt>
      <trkpt lat="41.32853697985411" lon="1.9934619963169098">
        <ele>86.6</ele>
      </trkpt>
      <trkpt lat="41.328556928783655" lon="1.993559980764985">
        <ele>86.5</ele>
      </trkpt>
      <trkpt lat="41.32859297096729" lon="1.993711944669485">
        <ele>85.5</ele>
      </trkpt>
      <trkpt lat="41.328620966523886" lon="1.9937619846314192">
        <ele>84.5</ele>
      </trkpt>
      <trkpt lat="41.32865399122238" lon="1.9937929976731539">
        <ele>83.3</ele>
      </trkpt>
      <trkpt lat="41.328725991770625" lon="1.9938499946147203">
        <ele>80.6</ele>
      </trkpt>
      <trkpt lat="41.328853983432055" lon="1.9939339812844992">
        <ele>76.5</ele>
      </trkpt>
      <trkpt lat="41.32897895760834" lon="1.9939879607409239">
        <ele>74.6</ele>
      </trkpt>
      <trkpt lat="41.32905397564173" lon="1.9940159562975168">
        <ele>74.2</ele>
      </trkpt>
      <trkpt lat="41.32910099811852" lon="1.9939529243856668">
        <ele>74.0</ele>
      </trkpt>
      <trkpt lat="41.329110972583294" lon="1.9938949216157198">
        <ele>74.0</ele>
      </trkpt>
      <trkpt lat="41.32910896092653" lon="1.993838930502534">
        <ele>74.1</ele>
      </trkpt>
      <trkpt lat="41.32910393178463" lon="1.9937489926815033">
        <ele>74.0</ele>
      </trkpt>
      <trkpt lat="41.329117929562926" lon="1.9936369266360998">
        <ele>74.1</ele>
      </trkpt>
      <trkpt lat="41.3291469309479" lon="1.9935479946434498">
        <ele>74.3</ele>
      </trkpt>
      <trkpt lat="41.329178949818015" lon="1.9934429693967104">
        <ele>75.0</ele>
      </trkpt>
      <trkpt lat="41.32918397895992" lon="1.9933609943836927">
        <ele>75.7</ele>
      </trkpt>
      <trkpt lat="41.32916193455458" lon="1.9932729844003916">
        <ele>76.7</ele>
      </trkpt>
      <trkpt lat="41.3291329331696" lon="1.9932099524885416">
        <ele>77.6</ele>
      </trkpt>
      <trkpt lat="41.32908197119832" lon="1.9931219425052404">
        <ele>78.3</ele>
      </trkpt>
      <trkpt lat="41.32906193844974" lon="1.9929399713873863">
        <ele>80.0</ele>
      </trkpt>
      <trkpt lat="41.32907694205642" lon="1.9928109738975763">
        <ele>81.4</ele>
      </trkpt>
      <trkpt lat="41.32905498147011" lon="1.9926559925079346">
        <ele>82.2</ele>
      </trkpt>
      <trkpt lat="41.32905296981335" lon="1.9925219658762217">
        <ele>82.6</ele>
      </trkpt>
      <trkpt lat="41.32907895371318" lon="1.992295989766717">
        <ele>82.9</ele>
      </trkpt>
      <trkpt lat="41.32914299145341" lon="1.9921139348298311">
        <ele>84.1</ele>
      </trkpt>
      <trkpt lat="41.3292589969933" lon="1.991967922076583">
        <ele>87.3</ele>
      </trkpt>
      <trkpt lat="41.32961598224938" lon="1.9916229229420424">
        <ele>91.7</ele>
      </trkpt>
      <trkpt lat="41.329676918685436" lon="1.9915699493139982">
        <ele>91.3</ele>
      </trkpt>
      <trkpt lat="41.32972796447575" lon="1.9915549457073212">
        <ele>91.8</ele>
      </trkpt>
      <trkpt lat="41.32976895198226" lon="1.9915629923343658">
        <ele>92.5</ele>
      </trkpt>
      <trkpt lat="41.32989099249244" lon="1.991620995104313">
        <ele>95.9</ele>
      </trkpt>
      <trkpt lat="41.33004899136722" lon="1.99168193154037">
        <ele>100.1</ele>
      </trkpt>
      <trkpt lat="41.33021897636354" lon="1.9917279481887817">
        <ele>103.0</ele>
      </trkpt>
      <trkpt lat="41.33024294860661" lon="1.9917349889874458">
        <ele>103.4</ele>
      </trkpt>
      <trkpt lat="41.330512929707766" lon="1.9918759725987911">
        <ele>108.4</ele>
      </trkpt>
      <trkpt lat="41.33079892024398" lon="1.992083927616477">
        <ele>110.6</ele>
      </trkpt>
      <trkpt lat="41.330962954089046" lon="1.9921789783984423">
        <ele>111.1</ele>
      </trkpt>
      <trkpt lat="41.33111793547869" lon="1.9922359753400087">
        <ele>111.0</ele>
      </trkpt>
      <trkpt lat="41.33140794932842" lon="1.9923449400812387">
        <ele>113.7</ele>
      </trkpt>
      <trkpt lat="41.33157198317349" lon="1.9923709239810705">
        <ele>116.3</ele>
      </trkpt>
      <trkpt lat="41.33178697898984" lon="1.992368996143341">
        <ele>118.7</ele>
      </trkpt>
      <trkpt lat="41.33200197480619" lon="1.9923479575663805">
        <ele>120.4</ele>
      </trkpt>
      <trkpt lat="41.33224094286561" lon="1.99228391982615">
        <ele>123.1</ele>
      </trkpt>
      <trkpt lat="41.332421991974115" lon="1.99224092066288">
        <ele>124.2</ele>
      </trkpt>
      <trkpt lat="41.33248192258179" lon="1.9922209717333317">
        <ele>124.8</ele>
      </trkpt>
      <trkpt lat="41.3325609639287" lon="1.992252990603447">
        <ele>125.6</ele>
      </trkpt>
      <trkpt lat="41.332682920619845" lon="1.992290960624814">
        <ele>127.5</ele>
      </trkpt>
      <trkpt lat="41.3329409994185" lon="1.9922979176044464">
        <ele>133.8</ele>
      </trkpt>
      <trkpt lat="41.333021968603134" lon="1.9923209678381681">
        <ele>135.9</ele>
      </trkpt>
      <trkpt lat="41.33305792696774" lon="1.9923649728298187">
        <ele>136.3</ele>
      </trkpt>
      <trkpt lat="41.3331619463861" lon="1.9926039408892393">
        <ele>137.6</ele>
      </trkpt>
      <trkpt lat="41.333236964419484" lon="1.9927139952778816">
        <ele>138.7</ele>
      </trkpt>
      <trkpt lat="41.33335598744452" lon="1.9927849899977446">
        <ele>140.4</ele>
      </trkpt>
      <trkpt lat="41.3335089571774" lon="1.9928729999810457">
        <ele>142.8</ele>
      </trkpt>
      <trkpt lat="41.33355991914868" lon="1.9929199386388063">
        <ele>143.0</ele>
      </trkpt>
      <trkpt lat="41.33363393135369" lon="1.993069974705577">
        <ele>141.8</ele>
      </trkpt>
      <trkpt lat="41.33368195965886" lon="1.9931469205766916">
        <ele>141.2</ele>
      </trkpt>
      <trkpt lat="41.33374197408557" lon="1.9931899197399616">
        <ele>140.7</ele>
      </trkpt>
      <trkpt lat="41.333883963525295" lon="1.9932609982788563">
        <ele>138.4</ele>
      </trkpt>
      <trkpt lat="41.33392998017371" lon="1.9932829588651657">
        <ele>137.2</ele>
      </trkpt>
      <trkpt lat="41.333927968516946" lon="1.9933109544217587">
        <ele>137.1</ele>
      </trkpt>
      <trkpt lat="41.33393299765885" lon="1.9933389499783516">
        <ele>136.8</ele>
      </trkpt>
      <trkpt lat="41.33394096046686" lon="1.9933589827269316">
        <ele>136.4</ele>
      </trkpt>
      <trkpt lat="41.3339529465884" lon="1.9933769199997187">
        <ele>135.9</ele>
      </trkpt>
      <trkpt lat="41.333970967680216" lon="1.9933919236063957">
        <ele>135.2</ele>
      </trkpt>
      <trkpt lat="41.333991922438145" lon="1.9933989644050598">
        <ele>134.4</ele>
      </trkpt>
      <trkpt lat="41.334011955186725" lon="1.9933989644050598">
        <ele>133.7</ele>
      </trkpt>
      <trkpt lat="41.33402997627854" lon="1.9933909177780151">
        <ele>133.1</ele>
      </trkpt>
      <trkpt lat="41.33404799737036" lon="1.9933749921619892">
        <ele>132.6</ele>
      </trkpt>
      <trkpt lat="41.33406199514866" lon="1.993352947756648">
        <ele>132.3</ele>
      </trkpt>
      <trkpt lat="41.33406995795667" lon="1.9933239463716745">
        <ele>132.3</ele>
      </trkpt>
      <trkpt lat="41.334099965170026" lon="1.9933789316564798">
        <ele>130.6</ele>
      </trkpt>
      <trkpt lat="41.33412997238338" lon="1.9934329949319363">
        <ele>128.9</ele>
      </trkpt>
      <trkpt lat="41.3341479934752" lon="1.993473982438445">
        <ele>127.8</ele>
      </trkpt>
      <trkpt lat="41.334162997081876" lon="1.9935179874300957">
        <ele>126.8</ele>
      </trkpt>
      <trkpt lat="41.33428696542978" lon="1.9939189776778221">
        <ele>120.5</ele>
      </trkpt>
      <trkpt lat="41.33429693989456" lon="1.9939519185572863">
        <ele>119.9</ele>
      </trkpt>
      <trkpt lat="41.33430892601609" lon="1.993982931599021">
        <ele>119.3</ele>
      </trkpt>
      <trkpt lat="41.334357960149646" lon="1.994090974330902">
        <ele>116.8</ele>
      </trkpt>
      <trkpt lat="41.33443892933428" lon="1.9942509848624468">
        <ele>113.1</ele>
      </trkpt>
      <trkpt lat="41.33452299982309" lon="1.9944139290601015">
        <ele>110.5</ele>
      </trkpt>
      <trkpt lat="41.33458695374429" lon="1.9945219717919827">
        <ele>109.4</ele>
      </trkpt>
      <trkpt lat="41.33468393236399" lon="1.9946799706667662">
        <ele>108.4</ele>
      </trkpt>
      <trkpt lat="41.33470991626382" lon="1.9947149232029915">
        <ele>108.2</ele>
      </trkpt>
      <trkpt lat="41.33473296649754" lon="1.9947369676083326">
        <ele>107.9</ele>
      </trkpt>
      <trkpt lat="41.334933964535594" lon="1.9948989897966385">
        <ele>106.3</ele>
      </trkpt>
      <trkpt lat="41.33496497757733" lon="1.994915921241045">
        <ele>106.0</ele>
      </trkpt>
      <trkpt lat="41.33499599061906" lon="1.9949269853532314">
        <ele>105.6</ele>
      </trkpt>
      <trkpt lat="41.33510394953191" lon="1.994950957596302">
        <ele>103.9</ele>
      </trkpt>
      <trkpt lat="41.33515893481672" lon="1.994965961202979">
        <ele>103.0</ele>
      </trkpt>
      <trkpt lat="41.33520897477865" lon="1.994983982294798">
        <ele>102.2</ele>
      </trkpt>
      <trkpt lat="41.33525096811354" lon="1.995006948709488">
        <ele>101.5</ele>
      </trkpt>
      <trkpt lat="41.33528592064977" lon="1.995031926780939">
        <ele>101.0</ele>
      </trkpt>
      <trkpt lat="41.33532598614693" lon="1.9950669631361961">
        <ele>100.4</ele>
      </trkpt>
      <trkpt lat="41.33536295033991" lon="1.9951049331575632">
        <ele>99.8</ele>
      </trkpt>
      <trkpt lat="41.33540293201804" lon="1.995150949805975">
        <ele>99.3</ele>
      </trkpt>
      <trkpt lat="41.33544693700969" lon="1.995203923434019">
        <ele>98.7</ele>
      </trkpt>
      <trkpt lat="41.33548297919333" lon="1.995264943689108">
        <ele>98.3</ele>
      </trkpt>
      <trkpt lat="41.33554399944842" lon="1.9953819550573826">
        <ele>97.2</ele>
      </trkpt>
      <trkpt lat="41.33561993949115" lon="1.9955309852957726">
        <ele>95.8</ele>
      </trkpt>
      <trkpt lat="41.33567199110985" lon="1.995638944208622">
        <ele>95.0</ele>
      </trkpt>
      <trkpt lat="41.33579093031585" lon="1.995623940601945">
        <ele>92.8</ele>
      </trkpt>
      <trkpt lat="41.33582898415625" lon="1.9956269580870867">
        <ele>92.2</ele>
      </trkpt>
      <trkpt lat="41.335860919207335" lon="1.9956379383802414">
        <ele>91.7</ele>
      </trkpt>
      <trkpt lat="41.335942978039384" lon="1.9956849608570337">
        <ele>90.6</ele>
      </trkpt>
      <trkpt lat="41.335989916697145" lon="1.995711950585246">
        <ele>90.0</ele>
      </trkpt>
      <trkpt lat="41.336163925006986" lon="1.9958269502967596">
        <ele>88.3</ele>
      </trkpt>
      <trkpt lat="41.33627993054688" lon="1.9958929996937513">
        <ele>87.1</ele>
      </trkpt>
      <trkpt lat="41.33638897910714" lon="1.9959529303014278">
        <ele>86.0</ele>
      </trkpt>
      <trkpt lat="41.3364879693836" lon="1.9960199855268002">
        <ele>85.3</ele>
      </trkpt>
      <trkpt lat="41.33664194494486" lon="1.9961409363895655">
        <ele>84.2</ele>
      </trkpt>
      <trkpt lat="41.33668997325003" lon="1.9961819238960743">
        <ele>83.5</ele>
      </trkpt>
      <trkpt lat="41.33676893077791" lon="1.9962469674646854">
        <ele>82.5</ele>
      </trkpt>
      <trkpt lat="41.33685794658959" lon="1.9963299483060837">
        <ele>81.7</ele>
      </trkpt>
      <trkpt lat="41.336956936866045" lon="1.9964169524610043">
        <ele>80.8</ele>
      </trkpt>
      <trkpt lat="41.33714091964066" lon="1.9965369813144207">
        <ele>77.6</ele>
      </trkpt>
      <trkpt lat="41.33716598153114" lon="1.9965459499508142">
        <ele>77.2</ele>
      </trkpt>
      <trkpt lat="41.33718391880393" lon="1.9965469557791948">
        <ele>77.0</ele>
      </trkpt>
      <trkpt lat="41.3372269179672" lon="1.9965319521725178">
        <ele>76.5</ele>
      </trkpt>
      <trkpt lat="41.33724795654416" lon="1.9964649807661772">
        <ele>76.5</ele>
      </trkpt>
      <trkpt lat="41.337254997342825" lon="1.9964359793812037">
        <ele>76.5</ele>
      </trkpt>
      <trkpt lat="41.33726195432246" lon="1.9964069779962301">
        <ele>76.6</ele>
      </trkpt>
      <trkpt lat="41.337276957929134" lon="1.9963709358125925">
        <ele>76.5</ele>
      </trkpt>
      <trkpt lat="41.33738994598389" lon="1.9962359871715307">
        <ele>76.0</ele>
      </trkpt>
      <trkpt lat="41.337406961247325" lon="1.9962059799581766">
        <ele>76.0</ele>
      </trkpt>
      <trkpt lat="41.33741894736886" lon="1.9961829297244549">
        <ele>76.0</ele>
      </trkpt>
      <trkpt lat="41.33743395097554" lon="1.9961429480463266">
        <ele>76.0</ele>
      </trkpt>
      <trkpt lat="41.33745398372412" lon="1.996047981083393">
        <ele>76.3</ele>
      </trkpt>
      <trkpt lat="41.33754693903029" lon="1.9956069253385067">
        <ele>78.8</ele>
      </trkpt>
      <trkpt lat="41.33758197538555" lon="1.9955549575388432">
        <ele>79.6</ele>
      </trkpt>
      <trkpt lat="41.337606953457" lon="1.995552945882082">
        <ele>79.7</ele>
      </trkpt>
      <trkpt lat="41.33763193152845" lon="1.995539953932166">
        <ele>80.1</ele>
      </trkpt>
      <trkpt lat="41.33765498176217" lon="1.9954979605972767">
        <ele>80.7</ele>
      </trkpt>
      <trkpt lat="41.33766093291342" lon="1.9954759161919355">
        <ele>81.0</ele>
      </trkpt>
      <trkpt lat="41.33767895400524" lon="1.9954139739274979">
        <ele>81.9</ele>
      </trkpt>
      <trkpt lat="41.33770292624831" lon="1.995309954509139">
        <ele>83.2</ele>
      </trkpt>
      <trkpt lat="41.33771197870374" lon="1.9952429831027985">
        <ele>83.9</ele>
      </trkpt>
      <trkpt lat="41.33771692402661" lon="1.9951839745044708">
        <ele>84.4</ele>
      </trkpt>
      <trkpt lat="41.33772497065365" lon="1.9950889237225056">
        <ele>85.3</ele>
      </trkpt>
      <trkpt lat="41.33772497065365" lon="1.9949919451028109">
        <ele>85.7</ele>
      </trkpt>
      <trkpt lat="41.33772295899689" lon="1.994927991181612">
        <ele>85.7</ele>
      </trkpt>
      <trkpt lat="41.33767694234848" lon="1.9944799784570932">
        <ele>83.8</ele>
      </trkpt>
      <trkpt lat="41.33765799924731" lon="1.9943249970674515">
        <ele>83.6</ele>
      </trkpt>
      <trkpt lat="41.33765297010541" lon="1.9942879490554333">
        <ele>83.6</ele>
      </trkpt>
      <trkpt lat="41.33765297010541" lon="1.9942639768123627">
        <ele>83.7</ele>
      </trkpt>
      <trkpt lat="41.33766093291342" lon="1.9942369870841503">
        <ele>83.7</ele>
      </trkpt>
      <trkpt lat="41.33767694234848" lon="1.994217960163951">
        <ele>83.6</ele>
      </trkpt>
      <trkpt lat="41.3376949634403" lon="1.9942029565572739">
        <ele>83.5</ele>
      </trkpt>
      <trkpt lat="41.33772497065365" lon="1.9941809959709644">
        <ele>83.3</ele>
      </trkpt>
      <trkpt lat="41.33786494843662" lon="1.994080999866128">
        <ele>82.8</ele>
      </trkpt>
      <trkpt lat="41.33788799867034" lon="1.994065996259451">
        <ele>82.9</ele>
      </trkpt>
      <trkpt lat="41.33791096508503" lon="1.9940549321472645">
        <ele>83.0</ele>
      </trkpt>
      <trkpt lat="41.337967962026596" lon="1.9940709415823221">
        <ele>83.4</ele>
      </trkpt>
      <trkpt lat="41.338198967278004" lon="1.9942339695990086">
        <ele>85.2</ele>
      </trkpt>
      <trkpt lat="41.33842997252941" lon="1.9943979196250439">
        <ele>88.6</ele>
      </trkpt>
      <trkpt lat="41.33846794255078" lon="1.9944229815155268">
        <ele>89.1</ele>
      </trkpt>
      <trkpt lat="41.338502978906035" lon="1.9944539945572615">
        <ele>89.8</ele>
      </trkpt>
      <trkpt lat="41.33860297501087" lon="1.9945729337632656">
        <ele>92.3</ele>
      </trkpt>
      <trkpt lat="41.33862493559718" lon="1.9946169387549162">
        <ele>93.1</ele>
      </trkpt>
      <trkpt lat="41.33863993920386" lon="1.9946559984236956">
        <ele>93.8</ele>
      </trkpt>
      <trkpt lat="41.338653936982155" lon="1.9946879334747791">
        <ele>94.3</ele>
      </trkpt>
      <trkpt lat="41.338820988312364" lon="1.9950629398226738">
        <ele>97.3</ele>
      </trkpt>
      <trkpt lat="41.33889793418348" lon="1.9951489381492138">
        <ele>97.7</ele>
      </trkpt>
      <trkpt lat="41.339127933606505" lon="1.9952169992029667">
        <ele>100.2</ele>
      </trkpt>
      <trkpt lat="41.33917696774006" lon="1.9952329248189926">
        <ele>100.6</ele>
      </trkpt>
      <trkpt lat="41.33924293331802" lon="1.9952609203755856">
        <ele>101.0</ele>
      </trkpt>
      <trkpt lat="41.339296996593475" lon="1.9952989742159843">
        <ele>101.3</ele>
      </trkpt>
      <trkpt lat="41.339363967999816" lon="1.9953519478440285">
        <ele>101.6</ele>
      </trkpt>
      <trkpt lat="41.33942197076976" lon="1.9954139739274979">
        <ele>101.6</ele>
      </trkpt>
      <trkpt lat="41.33947494439781" lon="1.9954709708690643">
        <ele>101.4</ele>
      </trkpt>
      <trkpt lat="41.33955096825957" lon="1.9955289736390114">
        <ele>100.9</ele>
      </trkpt>
      <trkpt lat="41.339595979079604" lon="1.995559986680746">
        <ele>100.6</ele>
      </trkpt>
      <trkpt lat="41.33964694105089" lon="1.9955869764089584">
        <ele>100.3</ele>
      </trkpt>
      <trkpt lat="41.33973897434771" lon="1.9956319872289896">
        <ele>100.1</ele>
      </trkpt>
      <trkpt lat="41.33980393409729" lon="1.995653947815299">
        <ele>100.1</ele>
      </trkpt>
      <trkpt lat="41.339832935482264" lon="1.995658976957202">
        <ele>100.1</ele>
      </trkpt>
      <trkpt lat="41.33986193686724" lon="1.995658976957202">
        <ele>100.2</ele>
      </trkpt>
      <trkpt lat="41.340026976540685" lon="1.9956339988857508">
        <ele>101.9</ele>
      </trkpt>
      <trkpt lat="41.34007693268359" lon="1.9956299755722284">
        <ele>102.7</ele>
      </trkpt>
      <trkpt lat="41.34015396237373" lon="1.9956319872289896">
        <ele>103.9</ele>
      </trkpt>
      <trkpt lat="41.34025496430695" lon="1.9956469908356667">
        <ele>105.4</ele>
      </trkpt>
      <trkpt lat="41.34031397290528" lon="1.9956619944423437">
        <ele>106.1</ele>
      </trkpt>
      <trkpt lat="41.34034791961312" lon="1.9956809375435114">
        <ele>106.4</ele>
      </trkpt>
      <trkpt lat="41.34038195014" lon="1.9956939294934273">
        <ele>106.8</ele>
      </trkpt>
      <trkpt lat="41.34041195735335" lon="1.9957109447568655">
        <ele>107.0</ele>
      </trkpt>
      <trkpt lat="41.34044799953699" lon="1.9957369286566973">
        <ele>107.2</ele>
      </trkpt>
      <trkpt lat="41.34057599119842" lon="1.9958249386399984">
        <ele>107.4</ele>
      </trkpt>
      <trkpt lat="41.34066794067621" lon="1.9958879705518484">
        <ele>107.5</ele>
      </trkpt>
      <trkpt lat="41.34075192734599" lon="1.995931975543499">
        <ele>107.4</ele>
      </trkpt>
      <trkpt lat="41.340803978964686" lon="1.9959499966353178">
        <ele>107.3</ele>
      </trkpt>
      <trkpt lat="41.34085292927921" lon="1.9959609769284725">
        <ele>107.2</ele>
      </trkpt>
      <trkpt lat="41.340887965634465" lon="1.9959629885852337">
        <ele>107.1</ele>
      </trkpt>
      <trkpt lat="41.3409139495343" lon="1.995959971100092">
        <ele>107.2</ele>
      </trkpt>
      <trkpt lat="41.34094194509089" lon="1.9959529303014278">
        <ele>107.3</ele>
      </trkpt>
      <trkpt lat="41.34096097201109" lon="1.995946979150176">
        <ele>107.4</ele>
      </trkpt>
      <trkpt lat="41.340975975617766" lon="1.995939938351512">
        <ele>107.6</ele>
      </trkpt>
      <trkpt lat="41.340997936204076" lon="1.9959289580583572">
        <ele>107.8</ele>
      </trkpt>
      <trkpt lat="41.34105392731726" lon="1.9958989508450031">
        <ele>108.4</ele>
      </trkpt>
      <trkpt lat="41.34120496921241" lon="1.9958019722253084">
        <ele>110.7</ele>
      </trkpt>
      <trkpt lat="41.341360956430435" lon="1.9955429714173079">
        <ele>117.5</ele>
      </trkpt>
      <trkpt lat="41.34158793836832" lon="1.9952169992029667">
        <ele>125.5</ele>
      </trkpt>
      <trkpt lat="41.34179899469018" lon="1.9950939528644085">
        <ele>126.6</ele>
      </trkpt>
      <trkpt lat="41.34188398718834" lon="1.995044918730855">
        <ele>127.0</ele>
      </trkpt>
      <trkpt lat="41.342135947197676" lon="1.9950669631361961">
        <ele>125.8</ele>
      </trkpt>
      <trkpt lat="41.34240492247045" lon="1.9951319228857756">
        <ele>122.2</ele>
      </trkpt>
      <trkpt lat="41.34261094965041" lon="1.9951069448143244">
        <ele>121.0</ele>
      </trkpt>
      <trkpt lat="41.34272393770516" lon="1.9949919451028109">
        <ele>122.6</ele>
      </trkpt>
      <trkpt lat="41.34285595268011" lon="1.9949109759181738">
        <ele>123.8</ele>
      </trkpt>
      <trkpt lat="41.34294597432017" lon="1.994770998135209">
        <ele>125.7</ele>
      </trkpt>
      <trkpt lat="41.34301193989813" lon="1.9946289248764515">
        <ele>126.4</ele>
      </trkpt>
      <trkpt lat="41.343078995123506" lon="1.9944799784570932">
        <ele>127.6</ele>
      </trkpt>
      <trkpt lat="41.343156946823" lon="1.9944409187883139">
        <ele>128.1</ele>
      </trkpt>
      <trkpt lat="41.343208998441696" lon="1.9945349637418985">
        <ele>127.3</ele>
      </trkpt>
      <trkpt lat="41.34319793432951" lon="1.9947299268096685">
        <ele>124.7</ele>
      </trkpt>
      <trkpt lat="41.34323498234153" lon="1.994943916797638">
        <ele>122.4</ele>
      </trkpt>
      <trkpt lat="41.34328292682767" lon="1.9950899295508862">
        <ele>120.1</ele>
      </trkpt>
      <trkpt lat="41.34345995262265" lon="1.9952049292623997">
        <ele>119.8</ele>
      </trkpt>
      <trkpt lat="41.34372993372381" lon="1.9953059311956167">
        <ele>121.2</ele>
      </trkpt>
      <trkpt lat="41.34381299838424" lon="1.995332920923829">
        <ele>121.7</ele>
      </trkpt>
      <trkpt lat="41.34394392371178" lon="1.9953749980777502">
        <ele>121.4</ele>
      </trkpt>
      <trkpt lat="41.34414399974048" lon="1.9953839667141438">
        <ele>122.7</ele>
      </trkpt>
      <trkpt lat="41.344514982774854" lon="1.9953539595007896">
        <ele>129.4</ele>
      </trkpt>
      <trkpt lat="41.34478999301791" lon="1.9952839706093073">
        <ele>133.8</ele>
      </trkpt>
      <trkpt lat="41.34506399743259" lon="1.995213981717825">
        <ele>132.1</ele>
      </trkpt>
      <trkpt lat="41.34532492607832" lon="1.9951129797846079">
        <ele>128.4</ele>
      </trkpt>
      <trkpt lat="41.34540396742523" lon="1.995084984228015">
        <ele>127.9</ele>
      </trkpt>
      <trkpt lat="41.345598930493" lon="1.9950149953365326">
        <ele>127.5</ele>
      </trkpt>
      <trkpt lat="41.34586497209966" lon="1.9947829842567444">
        <ele>132.7</ele>
      </trkpt>
      <trkpt lat="41.34594694711268" lon="1.9947599340230227">
        <ele>133.9</ele>
      </trkpt>
      <trkpt lat="41.34603696875274" lon="1.9948259834200144">
        <ele>133.3</ele>
      </trkpt>
      <trkpt lat="41.34613998234272" lon="1.9949569925665855">
        <ele>131.2</ele>
      </trkpt>
      <trkpt lat="41.34633092209697" lon="1.9949679728597403">
        <ele>133.5</ele>
      </trkpt>
      <trkpt lat="41.346433935686946" lon="1.9949779473245144">
        <ele>135.8</ele>
      </trkpt>
      <trkpt lat="41.346814977005124" lon="1.9951269775629044">
        <ele>141.4</ele>
      </trkpt>
      <trkpt lat="41.34689192287624" lon="1.995150949805975">
        <ele>141.8</ele>
      </trkpt>
      <trkpt lat="41.34697699919343" lon="1.9951779395341873">
        <ele>142.1</ele>
      </trkpt>
      <trkpt lat="41.3470649253577" lon="1.9951849803328514">
        <ele>143.0</ele>
      </trkpt>
      <trkpt lat="41.347376983612776" lon="1.9951749220490456">
        <ele>147.4</ele>
      </trkpt>
      <trkpt lat="41.34759499691427" lon="1.9951839745044708">
        <ele>149.7</ele>
      </trkpt>
      <trkpt lat="41.34761796332896" lon="1.9951849803328514">
        <ele>149.9</ele>
      </trkpt>
      <trkpt lat="41.34787897579372" lon="1.9951409753412008">
        <ele>152.4</ele>
      </trkpt>
      <trkpt lat="41.348147951066494" lon="1.9950049370527267">
        <ele>154.1</ele>
      </trkpt>
      <trkpt lat="41.3483599293977" lon="1.9948539789766073">
        <ele>155.6</ele>
      </trkpt>
      <trkpt lat="41.34857299737632" lon="1.9947029370814562">
        <ele>157.6</ele>
      </trkpt>
      <trkpt lat="41.348749939352274" lon="1.9945659767836332">
        <ele>160.3</ele>
      </trkpt>
      <trkpt lat="41.34886393323541" lon="1.994477966800332">
        <ele>162.0</ele>
      </trkpt>
      <trkpt lat="41.34917196817696" lon="1.994399931281805">
        <ele>167.5</ele>
      </trkpt>
      <trkpt lat="41.34933994151652" lon="1.994391968473792">
        <ele>172.3</ele>
      </trkpt>
      <trkpt lat="41.34947497397661" lon="1.9943859335035086">
        <ele>175.2</ele>
      </trkpt>
      <trkpt lat="41.3497569411993" lon="1.9944799784570932">
        <ele>172.9</ele>
      </trkpt>
      <trkpt lat="41.350038992241025" lon="1.9944529887288809">
        <ele>170.5</ele>
      </trkpt>
      <trkpt lat="41.350430930033326" lon="1.9944069720804691">
        <ele>172.5</ele>
      </trkpt>
      <trkpt lat="41.35061499662697" lon="1.994525995105505">
        <ele>171.7</ele>
      </trkpt>
      <trkpt lat="41.35086293332279" lon="1.9946319423615932">
        <ele>175.2</ele>
      </trkpt>
      <trkpt lat="41.351137943565845" lon="1.9946469459682703">
        <ele>182.7</ele>
      </trkpt>
      <trkpt lat="41.35131195187569" lon="1.9947539828717709">
        <ele>184.3</ele>
      </trkpt>
      <trkpt lat="41.351394932717085" lon="1.9948059506714344">
        <ele>185.2</ele>
      </trkpt>
      <trkpt lat="41.35155393742025" lon="1.9949389714747667">
        <ele>185.9</ele>
      </trkpt>
      <trkpt lat="41.351713947951794" lon="1.995069980621338">
        <ele>186.3</ele>
      </trkpt>
      <trkpt lat="41.351906983181834" lon="1.995122954249382">
        <ele>189.2</ele>
      </trkpt>
      <trkpt lat="41.35207193903625" lon="1.9950789492577314">
        <ele>193.9</ele>
      </trkpt>
      <trkpt lat="41.35228592902422" lon="1.9949799589812756">
        <ele>200.5</ele>
      </trkpt>
      <trkpt lat="41.352335968986154" lon="1.9949569925665855">
        <ele>201.8</ele>
      </trkpt>
      <trkpt lat="41.352682979777455" lon="1.9947229698300362">
        <ele>215.5</ele>
      </trkpt>
      <trkpt lat="41.353049939498305" lon="1.994692962616682">
        <ele>217.6</ele>
      </trkpt>
      <trkpt lat="41.353242974728346" lon="1.9948009215295315">
        <ele>219.3</ele>
      </trkpt>
      <trkpt lat="41.35342796333134" lon="1.9948429986834526">
        <ele>222.1</ele>
      </trkpt>
      <trkpt lat="41.3535959366709" lon="1.994899995625019">
        <ele>224.3</ele>
      </trkpt>
      <trkpt lat="41.353733986616135" lon="1.9949869997799397">
        <ele>225.5</ele>
      </trkpt>
      <trkpt lat="41.35383691638708" lon="1.9948609359562397">
        <ele>230.4</ele>
      </trkpt>
      <trkpt lat="41.354017965495586" lon="1.9944589398801327">
        <ele>243.2</ele>
      </trkpt>
      <trkpt lat="41.35415794327855" lon="1.9942849315702915">
        <ele>246.4</ele>
      </trkpt>
      <trkpt lat="41.35418392717838" lon="1.9944729376584291">
        <ele>247.2</ele>
      </trkpt>
      <trkpt lat="41.354293981567025" lon="1.9946039468050003">
        <ele>249.2</ele>
      </trkpt>
      <trkpt lat="41.35437495075166" lon="1.9946089759469032">
        <ele>250.9</ele>
      </trkpt>
      <trkpt lat="41.3545439299196" lon="1.994619956240058">
        <ele>254.0</ele>
      </trkpt>
      <trkpt lat="41.354638980701566" lon="1.9945599418133497">
        <ele>254.4</ele>
      </trkpt>
      <trkpt lat="41.35469497181475" lon="1.994500933215022">
        <ele>253.8</ele>
      </trkpt>
      <trkpt lat="41.35483997873962" lon="1.9944239873439074">
        <ele>253.0</ele>
      </trkpt>
      <trkpt lat="41.355089927092195" lon="1.9944389909505844">
        <ele>255.0</ele>
      </trkpt>
      <trkpt lat="41.35522697120905" lon="1.9943229854106903">
        <ele>255.1</ele>
      </trkpt>
      <trkpt lat="41.355326967313886" lon="1.9942439440637827">
        <ele>256.1</ele>
      </trkpt>
      <trkpt lat="41.355392932891846" lon="1.9942309521138668">
        <ele>258.0</ele>
      </trkpt>
      <trkpt lat="41.3554229401052" lon="1.994252996519208">
        <ele>259.6</ele>
      </trkpt>
      <trkpt lat="41.3554419670254" lon="1.9943259190768003">
        <ele>261.9</ele>
      </trkpt>
      <trkpt lat="41.3554919231683" lon="1.994525995105505">
        <ele>269.1</ele>
      </trkpt>
      <trkpt lat="41.35559694841504" lon="1.9945989176630974">
        <ele>273.6</ele>
      </trkpt>
      <trkpt lat="41.355773974210024" lon="1.9946679845452309">
        <ele>274.2</ele>
      </trkpt>
      <trkpt lat="41.35593691840768" lon="1.9946409948170185">
        <ele>271.4</ele>
      </trkpt>
      <trkpt lat="41.356140933930874" lon="1.9946109876036644">
        <ele>267.6</ele>
      </trkpt>
      <trkpt lat="41.35635199025273" lon="1.9946519751101732">
        <ele>268.9</ele>
      </trkpt>
      <trkpt lat="41.356592969968915" lon="1.9947579223662615">
        <ele>275.6</ele>
      </trkpt>
      <trkpt lat="41.356872925534844" lon="1.9948309287428856">
        <ele>279.3</ele>
      </trkpt>
      <trkpt lat="41.35706998407841" lon="1.9948039390146732">
        <ele>276.2</ele>
      </trkpt>
      <trkpt lat="41.3573329243809" lon="1.9946769531816244">
        <ele>268.2</ele>
      </trkpt>
      <trkpt lat="41.35740391910076" lon="1.9946419168263674">
        <ele>266.6</ele>
      </trkpt>
      <trkpt lat="41.35748396627605" lon="1.9946289248764515">
        <ele>265.6</ele>
      </trkpt>
      <trkpt lat="41.3575229421258" lon="1.994685921818018">
        <ele>265.5</ele>
      </trkpt>
      <trkpt lat="41.35750299319625" lon="1.9948629476130009">
        <ele>267.4</ele>
      </trkpt>
      <trkpt lat="41.35744892992079" lon="1.9950669631361961">
        <ele>271.2</ele>
      </trkpt>
      <trkpt lat="41.3574899174273" lon="1.9953519478440285">
        <ele>273.2</ele>
      </trkpt>
      <trkpt lat="41.35754993185401" lon="1.995580941438675">
        <ele>273.0</ele>
      </trkpt>
      <trkpt lat="41.357556972652674" lon="1.995691917836666">
        <ele>273.2</ele>
      </trkpt>
      <trkpt lat="41.35759796015918" lon="1.996012944728136">
        <ele>272.0</ele>
      </trkpt>
      <trkpt lat="41.357685970142484" lon="1.9963729474693537">
        <ele>271.1</ele>
      </trkpt>
      <trkpt lat="41.35785494931042" lon="1.9966599438339472">
        <ele>268.1</ele>
      </trkpt>
      <trkpt lat="41.35806198231876" lon="1.9968569185584784">
        <ele>267.2</ele>
      </trkpt>
      <trkpt lat="41.35839197784662" lon="1.997150955721736">
        <ele>269.3</ele>
      </trkpt>
      <trkpt lat="41.35874594561756" lon="1.9975109584629536">
        <ele>271.4</ele>
      </trkpt>
      <trkpt lat="41.35887896642089" lon="1.9976229406893253">
        <ele>272.1</ele>
      </trkpt>
      <trkpt lat="41.35894099250436" lon="1.9976679515093565">
        <ele>272.2</ele>
      </trkpt>
      <trkpt lat="41.35907795280218" lon="1.9978099409490824">
        <ele>272.9</ele>
      </trkpt>
      <trkpt lat="41.35916395112872" lon="1.9979649223387241">
        <ele>273.1</ele>
      </trkpt>
      <trkpt lat="41.35920896194875" lon="1.9980849511921406">
        <ele>273.3</ele>
      </trkpt>
      <trkpt lat="41.35935598053038" lon="1.998541932553053">
        <ele>271.4</ele>
      </trkpt>
      <trkpt lat="41.359409959986806" lon="1.9986909627914429">
        <ele>269.0</ele>
      </trkpt>
      <trkpt lat="41.35943896137178" lon="1.9987659808248281">
        <ele>267.3</ele>
      </trkpt>
      <trkpt lat="41.359471986070275" lon="1.9988259952515364">
        <ele>265.5</ele>
      </trkpt>
      <trkpt lat="41.35955999605358" lon="1.9988759513944387">
        <ele>262.2</ele>
      </trkpt>
      <trkpt lat="41.359706930816174" lon="1.9988749455660582">
        <ele>259.3</ele>
      </trkpt>
      <trkpt lat="41.35980592109263" lon="1.9988239835947752">
        <ele>260.2</ele>
      </trkpt>
      <trkpt lat="41.3598679471761" lon="1.9987529888749123">
        <ele>261.6</ele>
      </trkpt>
      <trkpt lat="41.359925949946046" lon="1.998677970841527">
        <ele>262.2</ele>
      </trkpt>
      <trkpt lat="41.36000398546457" lon="1.9985889550298452">
        <ele>261.8</ele>
      </trkpt>
      <trkpt lat="41.36008998379111" lon="1.9985219836235046">
        <ele>261.5</ele>
      </trkpt>
      <trkpt lat="41.36014698073268" lon="1.9984839297831059">
        <ele>261.4</ele>
      </trkpt>
      <trkpt lat="41.36027195490897" lon="1.9984219875186682">
        <ele>260.7</ele>
      </trkpt>
      <trkpt lat="41.36034596711397" lon="1.9984089955687523">
        <ele>260.1</ele>
      </trkpt>
      <trkpt lat="41.360441939905286" lon="1.998391980305314">
        <ele>258.7</ele>
      </trkpt>
      <trkpt lat="41.36055895127356" lon="1.9983799941837788">
        <ele>256.4</ele>
      </trkpt>
      <trkpt lat="41.36073195375502" lon="1.99838493950665">
        <ele>250.7</ele>
      </trkpt>
      <trkpt lat="41.360826920717955" lon="1.9983959197998047">
        <ele>247.9</ele>
      </trkpt>
      <trkpt lat="41.360913924872875" lon="1.9984249211847782">
        <ele>246.9</ele>
      </trkpt>
      <trkpt lat="41.36098491959274" lon="1.9984519947320223">
        <ele>246.3</ele>
      </trkpt>
      <trkpt lat="41.361040994524956" lon="1.9984799902886152">
        <ele>245.8</ele>
      </trkpt>
      <trkpt lat="41.361082987859845" lon="1.9984899647533894">
        <ele>245.2</ele>
      </trkpt>
      <trkpt lat="41.36111794039607" lon="1.9984879530966282">
        <ele>244.5</ele>
      </trkpt>
      <trkpt lat="41.36118893511593" lon="1.9984739553183317">
        <ele>243.2</ele>
      </trkpt>
      <trkpt lat="41.36124299839139" lon="1.9984469655901194">
        <ele>242.2</ele>
      </trkpt>
      <trkpt lat="41.361320950090885" lon="1.9983949977904558">
        <ele>240.8</ele>
      </trkpt>
      <trkpt lat="41.36137794703245" lon="1.9983549322932959">
        <ele>240.1</ele>
      </trkpt>
      <trkpt lat="41.36146696284413" lon="1.99827597476542">
        <ele>239.8</ele>
      </trkpt>
      <trkpt lat="41.36159596033394" lon="1.9982259348034859">
        <ele>240.4</ele>
      </trkpt>
      <trkpt lat="41.3618849683553" lon="1.998113952577114">
        <ele>244.8</ele>
      </trkpt>
      <trkpt lat="41.361897960305214" lon="1.9983449578285217">
        <ele>243.1</ele>
      </trkpt>
      <trkpt lat="41.36192796751857" lon="1.9983329717069864">
        <ele>243.7</ele>
      </trkpt>
      <trkpt lat="41.36195696890354" lon="1.9983089994639158">
        <ele>244.5</ele>
      </trkpt>
      <trkpt lat="41.362026957795024" lon="1.9984139408916235">
        <ele>244.9</ele>
      </trkpt>
      <trkpt lat="41.36205595918" lon="1.9984569400548935">
        <ele>245.2</ele>
      </trkpt>
      <trkpt lat="41.36207599192858" lon="1.998498933389783">
        <ele>245.2</ele>
      </trkpt>
      <trkpt lat="41.36209895834327" lon="1.9985329639166594">
        <ele>245.3</ele>
      </trkpt>
      <trkpt lat="41.36213097721338" lon="1.9985699281096458">
        <ele>245.6</ele>
      </trkpt>
      <trkpt lat="41.3621629960835" lon="1.998591972514987">
        <ele>246.0</ele>
      </trkpt>
      <trkpt lat="41.362201971933246" lon="1.9986059702932835">
        <ele>246.7</ele>
      </trkpt>
      <trkpt lat="41.36232493445277" lon="1.9986339658498764">
        <ele>248.9</ele>
      </trkpt>
      <trkpt lat="41.36246298439801" lon="1.998664978891611">
        <ele>251.5</ele>
      </trkpt>
      <trkpt lat="41.36253791861236" lon="1.9986979197710752">
        <ele>252.5</ele>
      </trkpt>
      <trkpt lat="41.36272299103439" lon="1.9988109916448593">
        <ele>253.3</ele>
      </trkpt>
      <trkpt lat="41.362824998795986" lon="1.9988709222525358">
        <ele>253.1</ele>
      </trkpt>
      <trkpt lat="41.36289699934423" lon="1.9989039469510317">
        <ele>253.1</ele>
      </trkpt>
      <trkpt lat="41.363078970462084" lon="1.998978964984417">
        <ele>252.6</ele>
      </trkpt>
      <trkpt lat="41.36315792798996" lon="1.9990099780261517">
        <ele>251.6</ele>
      </trkpt>
      <trkpt lat="41.363211991265416" lon="1.9990179408341646">
        <ele>251.3</ele>
      </trkpt>
      <trkpt lat="41.363254990428686" lon="1.999016935005784">
        <ele>251.3</ele>
      </trkpt>
      <trkpt lat="41.363380970433354" lon="1.9990029372274876">
        <ele>252.0</ele>
      </trkpt>
      <trkpt lat="41.36341592296958" lon="1.9990059547126293">
        <ele>252.0</ele>
      </trkpt>
      <trkpt lat="41.36345791630447" lon="1.9990139175206423">
        <ele>252.0</ele>
      </trkpt>
      <trkpt lat="41.36350393295288" lon="1.9990399852395058">
        <ele>251.6</ele>
      </trkpt>
      <trkpt lat="41.36353896930814" lon="1.9990719202905893">
        <ele>251.1</ele>
      </trkpt>
      <trkpt lat="41.36356595903635" lon="1.9991139974445105">
        <ele>250.4</ele>
      </trkpt>
      <trkpt lat="41.36359294876456" lon="1.9991689827293158">
        <ele>249.7</ele>
      </trkpt>
      <trkpt lat="41.36360694654286" lon="1.9992229621857405">
        <ele>249.0</ele>
      </trkpt>
      <trkpt lat="41.36361096985638" lon="1.9992699846625328">
        <ele>248.3</ele>
      </trkpt>
      <trkpt lat="41.36361197568476" lon="1.999352965503931">
        <ele>247.2</ele>
      </trkpt>
      <trkpt lat="41.36361096985638" lon="1.9994279835373163">
        <ele>246.2</ele>
      </trkpt>
      <trkpt lat="41.36360099539161" lon="1.999602997675538">
        <ele>243.9</ele>
      </trkpt>
      <trkpt lat="41.36360099539161" lon="1.999666951596737">
        <ele>243.3</ele>
      </trkpt>
      <trkpt lat="41.363601917400956" lon="1.9997209310531616">
        <ele>242.8</ele>
      </trkpt>
      <trkpt lat="41.36361096985638" lon="1.999802989885211">
        <ele>242.2</ele>
      </trkpt>
      <trkpt lat="41.363620944321156" lon="1.9998599868267775">
        <ele>241.9</ele>
      </trkpt>
      <trkpt lat="41.363637959584594" lon="1.9999059196561575">
        <ele>241.9</ele>
      </trkpt>
      <trkpt lat="41.36366595514119" lon="1.9999639224261045">
        <ele>242.1</ele>
      </trkpt>
      <trkpt lat="41.36368992738426" lon="1.9999999646097422">
        <ele>242.4</ele>
      </trkpt>
      <trkpt lat="41.36370996013284" lon="2.0000239368528128">
        <ele>242.7</ele>
      </trkpt>
      <trkpt lat="41.363812973722816" lon="2.00005897320807">
        <ele>245.1</ele>
      </trkpt>
      <trkpt lat="41.363875921815634" lon="2.000083951279521">
        <ele>246.0</ele>
      </trkpt>
      <trkpt lat="41.36393392458558" lon="2.0001109410077333">
        <ele>246.2</ele>
      </trkpt>
      <trkpt lat="41.36397692374885" lon="2.0001379307359457">
        <ele>246.0</ele>
      </trkpt>
      <trkpt lat="41.36408396065235" lon="2.000212948769331">
        <ele>244.9</ele>
      </trkpt>
      <trkpt lat="41.36412997730076" lon="2.000245973467827">
        <ele>244.4</ele>
      </trkpt>
      <trkpt lat="41.36416593566537" lon="2.000272963196039">
        <ele>244.1</ele>
      </trkpt>
      <trkpt lat="41.36421496979892" lon="2.0003099273890257">
        <ele>243.8</ele>
      </trkpt>
      <trkpt lat="41.364283952862024" lon="2.0003689359873533">
        <ele>243.3</ele>
      </trkpt>
      <trkpt lat="41.36433994397521" lon="2.000419981777668">
        <ele>242.7</ele>
      </trkpt>
      <trkpt lat="41.36439794674516" lon="2.000449988991022">
        <ele>242.6</ele>
      </trkpt>
      <trkpt lat="41.36446894146502" lon="2.0004869531840086">
        <ele>242.3</ele>
      </trkpt>
      <trkpt lat="41.36452694423497" lon="2.000515954568982">
        <ele>242.0</ele>
      </trkpt>
      <trkpt lat="41.364608919247985" lon="2.0005519967526197">
        <ele>242.0</ele>
      </trkpt>
      <trkpt lat="41.364696929231286" lon="2.0005909726023674">
        <ele>242.2</ele>
      </trkpt>
      <trkpt lat="41.364758955314755" lon="2.0006139390170574">
        <ele>242.5</ele>
      </trkpt>
      <trkpt lat="41.3647979311645" lon="2.0006379950791597">
        <ele>242.7</ele>
      </trkpt>
      <trkpt lat="41.36488191783428" lon="2.000700943171978">
        <ele>243.3</ele>
      </trkpt>
      <trkpt lat="41.36493992060423" lon="2.0007429365068674">
        <ele>244.1</ele>
      </trkpt>
      <trkpt lat="41.36498392559588" lon="2.000768920406699">
        <ele>244.8</ele>
      </trkpt>
      <trkpt lat="41.36501996777952" lon="2.0007759612053633">
        <ele>245.5</ele>
      </trkpt>
      <trkpt lat="41.365017956122756" lon="2.0007369853556156">
        <ele>245.5</ele>
      </trkpt>
      <trkpt lat="41.36501996777952" lon="2.0007759612053633">
        <ele>245.5</ele>
      </trkpt>
      <trkpt lat="41.365034971386194" lon="2.0007829181849957">
        <ele>245.8</ele>
      </trkpt>
      <trkpt lat="41.365096997469664" lon="2.0007759612053633">
        <ele>246.9</ele>
      </trkpt>
      <trkpt lat="41.36514896526933" lon="2.0007649809122086">
        <ele>247.7</ele>
      </trkpt>
      <trkpt lat="41.36526195332408" lon="2.000700943171978">
        <ele>248.8</ele>
      </trkpt>
      <trkpt lat="41.36534694582224" lon="2.0006509870290756">
        <ele>249.5</ele>
      </trkpt>
      <trkpt lat="41.365422969684005" lon="2.000612933188677">
        <ele>250.2</ele>
      </trkpt>
      <trkpt lat="41.365508968010545" lon="2.000578986480832">
        <ele>251.0</ele>
      </trkpt>
      <trkpt lat="41.36559798382223" lon="2.0005409326404333">
        <ele>251.0</ele>
      </trkpt>
      <trkpt lat="41.36571097187698" lon="2.000503968447447">
        <ele>250.6</ele>
      </trkpt>
      <trkpt lat="41.36588498018682" lon="2.0004139468073845">
        <ele>248.6</ele>
      </trkpt>
      <trkpt lat="41.365937953814864" lon="2.000391986221075">
        <ele>248.6</ele>
      </trkpt>
      <trkpt lat="41.365980952978134" lon="2.000378994271159">
        <ele>248.9</ele>
      </trkpt>
      <trkpt lat="41.36602093465626" lon="2.000379916280508">
        <ele>249.4</ele>
      </trkpt>
      <trkpt lat="41.36607198044658" lon="2.0003889687359333">
        <ele>250.1</ele>
      </trkpt>
      <trkpt lat="41.36611598543823" lon="2.000409923493862">
        <ele>250.7</ele>
      </trkpt>
      <trkpt lat="41.36614398099482" lon="2.0004469715058804">
        <ele>251.7</ele>
      </trkpt>
      <trkpt lat="41.366176921874285" lon="2.0004919823259115">
        <ele>252.8</ele>
      </trkpt>
      <trkpt lat="41.366216987371445" lon="2.000565994530916">
        <ele>254.5</ele>
      </trkpt>
      <trkpt lat="41.36624297127128" lon="2.0006319601088762">
        <ele>256.2</ele>
      </trkpt>
      <trkpt lat="41.36631798930466" lon="2.0008819922804832">
        <ele>261.3</ele>
      </trkpt>
      <trkpt lat="41.36637599207461" lon="2.0010789670050144">
        <ele>263.9</ele>
      </trkpt>
      <trkpt lat="41.36641899123788" lon="2.0012029353529215">
        <ele>264.4</ele>
      </trkpt>
      <trkpt lat="41.366474982351065" lon="2.001347942277789">
        <ele>264.0</ele>
      </trkpt>
      <trkpt lat="41.36651596985757" lon="2.001438969746232">
        <ele>263.3</ele>
      </trkpt>
      <trkpt lat="41.3665369246155" lon="2.0014709886163473">
        <ele>262.8</ele>
      </trkpt>
      <trkpt lat="41.3665749784559" lon="2.0015389658510685">
        <ele>261.9</ele>
      </trkpt>
      <trkpt lat="41.3666389323771" lon="2.0016279816627502">
        <ele>260.5</ele>
      </trkpt>
      <trkpt lat="41.366689978167415" lon="2.001673998311162">
        <ele>259.6</ele>
      </trkpt>
      <trkpt lat="41.36674295179546" lon="2.001704927533865">
        <ele>259.0</ele>
      </trkpt>
      <trkpt lat="41.36682299897075" lon="2.0017209369689226">
        <ele>258.4</ele>
      </trkpt>
      <trkpt lat="41.366947973147035" lon="2.001724960282445">
        <ele>257.6</ele>
      </trkpt>
      <trkpt lat="41.3670239970088" lon="2.0017209369689226">
        <ele>257.1</ele>
      </trkpt>
      <trkpt lat="41.36708099395037" lon="2.001714985817671">
        <ele>256.7</ele>
      </trkpt>
      <trkpt lat="41.36714092455804" lon="2.0017159916460514">
        <ele>256.4</ele>
      </trkpt>
      <trkpt lat="41.367181995883584" lon="2.001732923090458">
        <ele>256.3</ele>
      </trkpt>
      <trkpt lat="41.36720999144018" lon="2.0017559733241796">
        <ele>256.4</ele>
      </trkpt>
      <trkpt lat="41.36724092066288" lon="2.001795955002308">
        <ele>256.6</ele>
      </trkpt>
      <trkpt lat="41.367290960624814" lon="2.001883964985609">
        <ele>257.1</ele>
      </trkpt>
      <trkpt lat="41.367333959788084" lon="2.0019639283418655">
        <ele>257.1</ele>
      </trkpt>
      <trkpt lat="41.36739397421479" lon="2.0020809397101402">
        <ele>256.8</ele>
      </trkpt>
      <trkpt lat="41.36744191870093" lon="2.002177918329835">
        <ele>256.7</ele>
      </trkpt>
      <trkpt lat="41.367439990863204" lon="2.0022319816052914">
        <ele>256.7</ele>
      </trkpt>
      <trkpt lat="41.36743093840778" lon="2.0022719632834196">
        <ele>256.5</ele>
      </trkpt>
      <trkpt lat="41.36741392314434" lon="2.0022979471832514">
        <ele>256.2</ele>
      </trkpt>
      <trkpt lat="41.36738995090127" lon="2.0023149624466896">
        <ele>256.0</ele>
      </trkpt>
      <trkpt lat="41.36732893064618" lon="2.002328960224986">
        <ele>255.3</ele>
      </trkpt>
      <trkpt lat="41.36727897450328" lon="2.0023279543966055">
        <ele>254.9</ele>
      </trkpt>
      <trkpt lat="41.36720999144018" lon="2.002328960224986">
        <ele>254.3</ele>
      </trkpt>
      <trkpt lat="41.3671709317714" lon="2.0023379288613796">
        <ele>253.7</ele>
      </trkpt>
      <trkpt lat="41.36713195592165" lon="2.0023539382964373">
        <ele>252.9</ele>
      </trkpt>
      <trkpt lat="41.36708795093" lon="2.002394925802946">
        <ele>251.4</ele>
      </trkpt>
      <trkpt lat="41.36702693067491" lon="2.002434991300106">
        <ele>249.6</ele>
      </trkpt>
      <trkpt lat="41.366993989795446" lon="2.0024789962917566">
        <ele>248.1</ele>
      </trkpt>
      <trkpt lat="41.36704294010997" lon="2.0024979393929243">
        <ele>248.2</ele>
      </trkpt>
      <trkpt lat="41.3671569339931" lon="2.002523923292756">
        <ele>249.4</ele>
      </trkpt>
      <trkpt lat="41.36721795424819" lon="2.002546973526478">
        <ele>249.9</ele>
      </trkpt>
      <trkpt lat="41.36726698838174" lon="2.0025759749114513">
        <ele>250.0</ele>
      </trkpt>
      <trkpt lat="41.36730093508959" lon="2.0026119332760572">
        <ele>249.8</ele>
      </trkpt>
      <trkpt lat="41.367333959788084" lon="2.002657949924469">
        <ele>249.4</ele>
      </trkpt>
      <trkpt lat="41.36736195534468" lon="2.0027019549161196">
        <ele>248.9</ele>
      </trkpt>
      <trkpt lat="41.36738592758775" lon="2.0027479715645313">
        <ele>248.4</ele>
      </trkpt>
      <trkpt lat="41.36749195866287" lon="2.0029669906944036">
        <ele>247.4</ele>
      </trkpt>
      <trkpt lat="41.367592960596085" lon="2.0031779631972313">
        <ele>246.9</ele>
      </trkpt>
      <trkpt lat="41.36765196919441" lon="2.0032859221100807">
        <ele>246.6</ele>
      </trkpt>
      <trkpt lat="41.36769295670092" lon="2.0033599343150854">
        <ele>246.5</ele>
      </trkpt>
      <trkpt lat="41.367766968905926" lon="2.003494966775179">
        <ele>245.9</ele>
      </trkpt>
      <trkpt lat="41.36781591922045" lon="2.0036279875785112">
        <ele>244.2</ele>
      </trkpt>
      <trkpt lat="41.36782597750425" lon="2.0036909356713295">
        <ele>242.7</ele>
      </trkpt>
      <trkpt lat="41.367827989161015" lon="2.0037659537047148">
        <ele>240.6</ele>
      </trkpt>
      <trkpt lat="41.367831928655505" lon="2.003911966457963">
        <ele>237.5</ele>
      </trkpt>
      <trkpt lat="41.367831928655505" lon="2.003975920379162">
        <ele>236.7</ele>
      </trkpt>
      <trkpt lat="41.36782597750425" lon="2.0040449872612953">
        <ele>236.1</ele>
      </trkpt>
      <trkpt lat="41.36779697611928" lon="2.004300970584154">
        <ele>233.2</ele>
      </trkpt>
      <trkpt lat="41.36777794919908" lon="2.0044399425387383">
        <ele>231.1</ele>
      </trkpt>
      <trkpt lat="41.36775892227888" lon="2.004536921158433">
        <ele>228.8</ele>
      </trkpt>
      <trkpt lat="41.367741990834475" lon="2.0046139508485794">
        <ele>226.7</ele>
      </trkpt>
      <trkpt lat="41.367740985006094" lon="2.0046609733253717">
        <ele>225.9</ele>
      </trkpt>
      <trkpt lat="41.367742996662855" lon="2.0047129411250353">
        <ele>225.2</ele>
      </trkpt>
      <trkpt lat="41.36775196529925" lon="2.0048009511083364">
        <ele>224.4</ele>
      </trkpt>
      <trkpt lat="41.36776898056269" lon="2.0048689283430576">
        <ele>224.3</ele>
      </trkpt>
      <trkpt lat="41.367787923663855" lon="2.004925925284624">
        <ele>224.5</ele>
      </trkpt>
      <trkpt lat="41.36784399859607" lon="2.005089959129691">
        <ele>225.8</ele>
      </trkpt>
      <trkpt lat="41.367851961404085" lon="2.005125917494297">
        <ele>226.0</ele>
      </trkpt>
      <trkpt lat="41.36786093004048" lon="2.0051669888198376">
        <ele>226.1</ele>
      </trkpt>
      <trkpt lat="41.367870988324285" lon="2.005266984924674">
        <ele>226.2</ele>
      </trkpt>
      <trkpt lat="41.367870988324285" lon="2.00532297603786">
        <ele>226.2</ele>
      </trkpt>
      <trkpt lat="41.36786797083914" lon="2.005382990464568">
        <ele>226.2</ele>
      </trkpt>
      <trkpt lat="41.36784492060542" lon="2.0055439230054617">
        <ele>225.8</ele>
      </trkpt>
      <trkpt lat="41.367831928655505" lon="2.0056879241019487">
        <ele>225.8</ele>
      </trkpt>
      <trkpt lat="41.36782296001911" lon="2.0058529637753963">
        <ele>225.9</ele>
      </trkpt>
      <trkpt lat="41.36782597750425" lon="2.0059969648718834">
        <ele>225.6</ele>
      </trkpt>
      <trkpt lat="41.367829916998744" lon="2.0061059296131134">
        <ele>225.6</ele>
      </trkpt>
      <trkpt lat="41.36782597750425" lon="2.006227970123291">
        <ele>224.8</ele>
      </trkpt>
      <trkpt lat="41.36781692504883" lon="2.006379934027791">
        <ele>224.3</ele>
      </trkpt>
      <trkpt lat="41.367810973897576" lon="2.0064749848097563">
        <ele>225.3</ele>
      </trkpt>
      <trkpt lat="41.36779999360442" lon="2.0065379329025745">
        <ele>225.9</ele>
      </trkpt>
      <trkpt lat="41.36778297834098" lon="2.006594929844141">
        <ele>226.1</ele>
      </trkpt>
      <trkpt lat="41.36776898056269" lon="2.006627954542637">
        <ele>226.0</ele>
      </trkpt>
      <trkpt lat="41.367700919508934" lon="2.0068179722875357">
        <ele>223.8</ele>
      </trkpt>
      <trkpt lat="41.36767099611461" lon="2.006915956735611">
        <ele>222.7</ele>
      </trkpt>
      <trkpt lat="41.36764694005251" lon="2.0070129353553057">
        <ele>221.8</ele>
      </trkpt>
      <trkpt lat="41.36762891896069" lon="2.0071389991790056">
        <ele>220.9</ele>
      </trkpt>
      <trkpt lat="41.3676109816879" lon="2.0073189586400986">
        <ele>218.9</ele>
      </trkpt>
      <trkpt lat="41.36760796420276" lon="2.007496990263462">
        <ele>216.7</ele>
      </trkpt>
      <trkpt lat="41.367605952546" lon="2.0075599383562803">
        <ele>215.9</ele>
      </trkpt>
      <trkpt lat="41.36760796420276" lon="2.0076219644397497">
        <ele>215.3</ele>
      </trkpt>
      <trkpt lat="41.3676109816879" lon="2.0077659655362368">
        <ele>213.4</ele>
      </trkpt>
      <trkpt lat="41.36760796420276" lon="2.0078299194574356">
        <ele>212.1</ele>
      </trkpt>
      <trkpt lat="41.36760494671762" lon="2.0078979805111885">
        <ele>210.6</ele>
      </trkpt>
      <trkpt lat="41.36758097447455" lon="2.0081339310854673">
        <ele>204.7</ele>
      </trkpt>
      <trkpt lat="41.36757795698941" lon="2.0081689674407244">
        <ele>203.9</ele>
      </trkpt>
      <trkpt lat="41.36757091619074" lon="2.0082819554954767">
        <ele>201.6</ele>
      </trkpt>
      <trkpt lat="41.367572927847505" lon="2.0083409640938044">
        <ele>200.8</ele>
      </trkpt>
      <trkpt lat="41.36758097447455" lon="2.0084139704704285">
        <ele>200.3</ele>
      </trkpt>
      <trkpt lat="41.367595978081226" lon="2.0084749907255173">
        <ele>200.2</ele>
      </trkpt>
      <trkpt lat="41.367618944495916" lon="2.008533999323845">
        <ele>200.3</ele>
      </trkpt>
      <trkpt lat="41.367656998336315" lon="2.0085729751735926">
        <ele>200.8</ele>
      </trkpt>
      <trkpt lat="41.36769698001444" lon="2.0086039882153273">
        <ele>201.4</ele>
      </trkpt>
      <trkpt lat="41.367745930328965" lon="2.0086139626801014">
        <ele>202.3</ele>
      </trkpt>
      <trkpt lat="41.36780594475567" lon="2.0086159743368626">
        <ele>203.4</ele>
      </trkpt>
      <trkpt lat="41.36785699054599" lon="2.0086069218814373">
        <ele>204.3</ele>
      </trkpt>
      <trkpt lat="41.367912981659174" lon="2.008589990437031">
        <ele>205.2</ele>
      </trkpt>
      <trkpt lat="41.367961931973696" lon="2.0085599832236767">
        <ele>206.2</ele>
      </trkpt>
      <trkpt lat="41.368003925308585" lon="2.008530981838703">
        <ele>207.0</ele>
      </trkpt>
      <trkpt lat="41.368048936128616" lon="2.0084899943321943">
        <ele>208.1</ele>
      </trkpt>
      <trkpt lat="41.368133928626776" lon="2.0084039960056543">
        <ele>210.0</ele>
      </trkpt>
      <trkpt lat="41.36824892833829" lon="2.0082829613238573">
        <ele>212.0</ele>
      </trkpt>
      <trkpt lat="41.3684799335897" lon="2.0080699771642685">
        <ele>212.1</ele>
      </trkpt>
      <trkpt lat="41.368710938841105" lon="2.0078569930046797">
        <ele>210.6</ele>
      </trkpt>
      <trkpt lat="41.368756955489516" lon="2.0078089646995068">
        <ele>210.0</ele>
      </trkpt>
      <trkpt lat="41.36882392689586" lon="2.007709974423051">
        <ele>209.8</ele>
      </trkpt>
      <trkpt lat="41.36884697712958" lon="2.0076729264110327">
        <ele>210.1</ele>
      </trkpt>
      <trkpt lat="41.368865920230746" lon="2.007628921419382">
        <ele>211.0</ele>
      </trkpt>
      <trkpt lat="41.368881929665804" lon="2.0075719244778156">
        <ele>212.6</ele>
      </trkpt>
      <trkpt lat="41.368903974071145" lon="2.0075159333646297">
        <ele>213.9</ele>
      </trkpt>
      <trkpt lat="41.368927946314216" lon="2.007448961958289">
        <ele>215.4</ele>
      </trkpt>
      <trkpt lat="41.368951918557286" lon="2.007403951138258">
        <ele>216.1</ele>
      </trkpt>
      <trkpt lat="41.36899692937732" lon="2.007330944761634">
        <ele>216.8</ele>
      </trkpt>
      <trkpt lat="41.369032971560955" lon="2.007281994447112">
        <ele>216.9</ele>
      </trkpt>
      <trkpt lat="41.36908292770386" lon="2.0072199683636427">
        <ele>216.8</ele>
      </trkpt>
      <trkpt lat="41.36914897710085" lon="2.0071389991790056">
        <ele>216.6</ele>
      </trkpt>
      <trkpt lat="41.36919692158699" lon="2.007082924246788">
        <ele>216.2</ele>
      </trkpt>
      <trkpt lat="41.36923095211387" lon="2.007044954225421">
        <ele>215.5</ele>
      </trkpt>
      <trkpt lat="41.36925593018532" lon="2.0070109236985445">
        <ele>215.0</ele>
      </trkpt>
      <trkpt lat="41.36928199790418" lon="2.0069709420204163">
        <ele>214.5</ele>
      </trkpt>
      <trkpt lat="41.369310999289155" lon="2.0069199800491333">
        <ele>214.0</ele>
      </trkpt>
      <trkpt lat="41.3693309482187" lon="2.0068789925426245">
        <ele>213.8</ele>
      </trkpt>
      <trkpt lat="41.369352992624044" lon="2.0068189781159163">
        <ele>214.0</ele>
      </trkpt>
      <trkpt lat="41.369374953210354" lon="2.006748989224434">
        <ele>214.6</ele>
      </trkpt>
      <trkpt lat="41.36938895098865" lon="2.006692998111248">
        <ele>215.5</ele>
      </trkpt>
      <trkpt lat="41.36941099539399" lon="2.006564922630787">
        <ele>218.5</ele>
      </trkpt>
      <trkpt lat="41.3694329559803" lon="2.0064689498394728">
        <ele>220.6</ele>
      </trkpt>
      <trkpt lat="41.36947092600167" lon="2.0063759945333004">
        <ele>221.9</ele>
      </trkpt>
      <trkpt lat="41.36950093321502" lon="2.0062949415296316">
        <ele>223.4</ele>
      </trkpt>
      <trkpt lat="41.36951694265008" lon="2.0062519423663616">
        <ele>224.3</ele>
      </trkpt>
      <trkpt lat="41.3695349637419" lon="2.0061989687383175">
        <ele>225.7</ele>
      </trkpt>
      <trkpt lat="41.369567988440394" lon="2.006128979846835">
        <ele>227.2</ele>
      </trkpt>
      <trkpt lat="41.3696089759469" lon="2.0060609187930822">
        <ele>228.6</ele>
      </trkpt>
      <trkpt lat="41.369656920433044" lon="2.0060049276798964">
        <ele>229.3</ele>
      </trkpt>
      <trkpt lat="41.36971592903137" lon="2.00594793073833">
        <ele>229.9</ele>
      </trkpt>
      <trkpt lat="41.369781978428364" lon="2.0058699790388346">
        <ele>231.4</ele>
      </trkpt>
      <trkpt lat="41.369831934571266" lon="2.0058029238134623">
        <ele>233.0</ele>
      </trkpt>
      <trkpt lat="41.3698959723115" lon="2.0057129859924316">
        <ele>235.3</ele>
      </trkpt>
      <trkpt lat="41.36994894593954" lon="2.00564693659544">
        <ele>237.0</ele>
      </trkpt>
      <trkpt lat="41.3699839822948" lon="2.0056199468672276">
        <ele>237.5</ele>
      </trkpt>
      <trkpt lat="41.37001197785139" lon="2.0056079607456923">
        <ele>237.6</ele>
      </trkpt>
      <trkpt lat="41.37004994787276" lon="2.0055949687957764">
        <ele>237.7</ele>
      </trkpt>
      <trkpt lat="41.37009093537927" lon="2.0055919513106346">
        <ele>237.5</ele>
      </trkpt>
      <trkpt lat="41.37014198116958" lon="2.0056139957159758">
        <ele>236.4</ele>
      </trkpt>
      <trkpt lat="41.3701909314841" lon="2.005671998485923">
        <ele>234.0</ele>
      </trkpt>
      <trkpt lat="41.370390923693776" lon="2.0059109665453434">
        <ele>226.2</ele>
      </trkpt>
      <trkpt lat="41.37044599279761" lon="2.0059459190815687">
        <ele>225.8</ele>
      </trkpt>
      <trkpt lat="41.370513970032334" lon="2.005972992628813">
        <ele>226.1</ele>
      </trkpt>
      <trkpt lat="41.37063399888575" lon="2.0060039218515158">
        <ele>227.2</ele>
      </trkpt>
      <trkpt lat="41.3707419577986" lon="2.0060249604284763">
        <ele>228.5</ele>
      </trkpt>
      <trkpt lat="41.37082493864" lon="2.006048932671547">
        <ele>228.8</ele>
      </trkpt>
      <trkpt lat="41.37090599164367" lon="2.006080951541662">
        <ele>228.4</ele>
      </trkpt>
      <trkpt lat="41.370965922251344" lon="2.006100984290242">
        <ele>228.0</ele>
      </trkpt>
      <trkpt lat="41.371031971648335" lon="2.0061129704117775">
        <ele>227.6</ele>
      </trkpt>
      <trkpt lat="41.371098943054676" lon="2.006098972633481">
        <ele>227.4</ele>
      </trkpt>
      <trkpt lat="41.37114395387471" lon="2.0060669537633657">
        <ele>227.6</ele>
      </trkpt>
      <trkpt lat="41.371183935552835" lon="2.006027977913618">
        <ele>227.7</ele>
      </trkpt>
      <trkpt lat="41.37123296968639" lon="2.005962934345007">
        <ele>227.7</ele>
      </trkpt>
      <trkpt lat="41.37127194553614" lon="2.005863944068551">
        <ele>228.2</ele>
      </trkpt>
      <trkpt lat="41.37130195274949" lon="2.0057669654488564">
        <ele>228.1</ele>
      </trkpt>
      <trkpt lat="41.37132399715483" lon="2.005653977394104">
        <ele>227.7</ele>
      </trkpt>
      <trkpt lat="41.37134394608438" lon="2.0055389776825905">
        <ele>227.2</ele>
      </trkpt>
      <trkpt lat="41.371350986883044" lon="2.005423977971077">
        <ele>227.4</ele>
      </trkpt>
      <trkpt lat="41.37134394608438" lon="2.005327921360731">
        <ele>228.2</ele>
      </trkpt>
      <trkpt lat="41.371332965791225" lon="2.005229936912656">
        <ele>229.2</ele>
      </trkpt>
      <trkpt lat="41.37131595052779" lon="2.0051489677280188">
        <ele>230.5</ele>
      </trkpt>
      <trkpt lat="41.37129792943597" lon="2.005039919167757">
        <ele>232.2</ele>
      </trkpt>
      <trkpt lat="41.371269933879375" lon="2.004897929728031">
        <ele>234.7</ele>
      </trkpt>
      <trkpt lat="41.37124897912145" lon="2.0047679264098406">
        <ele>236.6</ele>
      </trkpt>
      <trkpt lat="41.371222995221615" lon="2.004601964727044">
        <ele>238.6</ele>
      </trkpt>
      <trkpt lat="41.371222995221615" lon="2.004543961957097">
        <ele>238.8</ele>
      </trkpt>
      <trkpt lat="41.371222995221615" lon="2.004536921158433">
        <ele>238.8</ele>
      </trkpt>
      <trkpt lat="41.37124897912145" lon="2.0044469833374023">
        <ele>238.1</ele>
      </trkpt>
      <trkpt lat="41.371288960799575" lon="2.0043789222836494">
        <ele>237.0</ele>
      </trkpt>
      <trkpt lat="41.37133992277086" lon="2.0043199975043535">
        <ele>235.5</ele>
      </trkpt>
      <trkpt lat="41.371396919712424" lon="2.0042699575424194">
        <ele>233.4</ele>
      </trkpt>
      <trkpt lat="41.3715329580009" lon="2.004131991416216">
        <ele>228.0</ele>
      </trkpt>
      <trkpt lat="41.371591966599226" lon="2.004053955897689">
        <ele>225.7</ele>
      </trkpt>
      <trkpt lat="41.37162792496383" lon="2.003984972834587">
        <ele>224.9</ele>
      </trkpt>
      <trkpt lat="41.371654998511076" lon="2.0039149839431047">
        <ele>225.0</ele>
      </trkpt>
      <trkpt lat="41.3716709241271" lon="2.0038299914449453">
        <ele>226.4</ele>
      </trkpt>
      <trkpt lat="41.3716849219054" lon="2.003651959821582">
        <ele>231.5</ele>
      </trkpt>
      <trkpt lat="41.37168693356216" lon="2.00347694568336">
        <ele>236.6</ele>
      </trkpt>
      <trkpt lat="41.371693974360824" lon="2.003423972055316">
        <ele>237.8</ele>
      </trkpt>
      <trkpt lat="41.37172599323094" lon="2.0033539831638336">
        <ele>238.2</ele>
      </trkpt>
      <trkpt lat="41.371779972687364" lon="2.0032719243317842">
        <ele>238.4</ele>
      </trkpt>
      <trkpt lat="41.371823977679014" lon="2.0032179448753595">
        <ele>238.4</ele>
      </trkpt>
      <trkpt lat="41.37186395935714" lon="2.0031799748539925">
        <ele>238.2</ele>
      </trkpt>
      <trkpt lat="41.37188591994345" lon="2.0031629595905542">
        <ele>238.0</ele>
      </trkpt>
      <trkpt lat="41.371908970177174" lon="2.0031449384987354">
        <ele>237.8</ele>
      </trkpt>
      <trkpt lat="41.37197996489704" lon="2.003120966255665">
        <ele>236.8</ele>
      </trkpt>
      <trkpt lat="41.37200594879687" lon="2.00310998596251">
        <ele>236.8</ele>
      </trkpt>
      <trkpt lat="41.37209798209369" lon="2.0030759554356337">
        <ele>237.2</ele>
      </trkpt>
      <trkpt lat="41.372129917144775" lon="2.0030559226870537">
        <ele>237.8</ele>
      </trkpt>
      <trkpt lat="41.37218498624861" lon="2.003036979585886">
        <ele>238.2</ele>
      </trkpt>
      <trkpt lat="41.372233936563134" lon="2.0030329562723637">
        <ele>237.7</ele>
      </trkpt>
      <trkpt lat="41.372295962646604" lon="2.003041924908757">
        <ele>236.4</ele>
      </trkpt>
      <trkpt lat="41.37235798873007" lon="2.0030589401721954">
        <ele>234.7</ele>
      </trkpt>
      <trkpt lat="41.372408950701356" lon="2.0030809845775366">
        <ele>232.9</ele>
      </trkpt>
      <trkpt lat="41.372471982613206" lon="2.0031219720840454">
        <ele>230.4</ele>
      </trkpt>
      <trkpt lat="41.37252294458449" lon="2.0031619537621737">
        <ele>228.1</ele>
      </trkpt>
      <trkpt lat="41.37259393930435" lon="2.003203947097063">
        <ele>225.6</ele>
      </trkpt>
      <trkpt lat="41.37264892458916" lon="2.0032229740172625">
        <ele>224.1</ele>
      </trkpt>
      <trkpt lat="41.37271597981453" lon="2.0032509695738554">
        <ele>222.1</ele>
      </trkpt>
      <trkpt lat="41.37278596870601" lon="2.0032759476453066">
        <ele>220.2</ele>
      </trkpt>
      <trkpt lat="41.37284497730434" lon="2.0032889395952225">
        <ele>218.9</ele>
      </trkpt>
      <trkpt lat="41.372879929840565" lon="2.0032909512519836">
        <ele>218.2</ele>
      </trkpt>
      <trkpt lat="41.372924940660596" lon="2.003279970958829">
        <ele>217.5</ele>
      </trkpt>
      <trkpt lat="41.372942961752415" lon="2.0032479520887136">
        <ele>217.7</ele>
      </trkpt>
      <trkpt lat="41.37295796535909" lon="2.003214927390218">
        <ele>218.0</ele>
      </trkpt>
      <trkpt lat="41.37296391651034" lon="2.0031579304486513">
        <ele>218.7</ele>
      </trkpt>
      <trkpt lat="41.37295796535909" lon="2.003074949607253">
        <ele>219.9</ele>
      </trkpt>
      <trkpt lat="41.37295193038881" lon="2.002975959330797">
        <ele>221.0</ele>
      </trkpt>
      <trkpt lat="41.37294698506594" lon="2.0028789807111025">
        <ele>221.8</ele>
      </trkpt>
      <trkpt lat="41.37293793261051" lon="2.0026569440960884">
        <ele>222.7</ele>
      </trkpt>
      <trkpt lat="41.372919995337725" lon="2.0024969335645437">
        <ele>222.8</ele>
      </trkpt>
      <trkpt lat="41.37290499173105" lon="2.002369947731495">
        <ele>222.0</ele>
      </trkpt>
      <trkpt lat="41.37289099395275" lon="2.002242961898446">
        <ele>220.9</ele>
      </trkpt>
      <trkpt lat="41.37286894954741" lon="2.002081945538521">
        <ele>219.7</ele>
      </trkpt>
      <trkpt lat="41.3728469889611" lon="2.001898968592286">
        <ele>219.2</ele>
      </trkpt>
      <trkpt lat="41.372837936505675" lon="2.001823950558901">
        <ele>219.6</ele>
      </trkpt>
      <trkpt lat="41.3728419598192" lon="2.0017689652740955">
        <ele>219.7</ele>
      </trkpt>
      <trkpt lat="41.372856963425875" lon="2.0017159916460514">
        <ele>219.5</ele>
      </trkpt>
      <trkpt lat="41.372875990346074" lon="2.0016679633408785">
        <ele>219.4</ele>
      </trkpt>
      <trkpt lat="41.372896945104" lon="2.001623958349228">
        <ele>219.4</ele>
      </trkpt>
      <trkpt lat="41.372922929003835" lon="2.0015969686210155">
        <ele>218.9</ele>
      </trkpt>
      <trkpt lat="41.372965928167105" lon="2.0015799533575773">
        <ele>217.6</ele>
      </trkpt>
      <trkpt lat="41.3730129506439" lon="2.0015689730644226">
        <ele>216.0</ele>
      </trkpt>
      <trkpt lat="41.37305695563555" lon="2.0015569869428873">
        <ele>214.6</ele>
      </trkpt>
      <trkpt lat="41.37310791760683" lon="2.001534942537546">
        <ele>213.2</ele>
      </trkpt>
      <trkpt lat="41.37314194813371" lon="2.0015109702944756">
        <ele>212.5</ele>
      </trkpt>
      <trkpt lat="41.373176984488964" lon="2.0014759339392185">
        <ele>212.2</ele>
      </trkpt>
      <trkpt lat="41.37323196977377" lon="2.001405945047736">
        <ele>212.4</ele>
      </trkpt>
      <trkpt lat="41.37327798642218" lon="2.0013619400560856">
        <ele>212.4</ele>
      </trkpt>
      <trkpt lat="41.37332391925156" lon="2.0013259816914797">
        <ele>212.2</ele>
      </trkpt>
      <trkpt lat="41.37336297892034" lon="2.001299997791648">
        <ele>211.7</ele>
      </trkpt>
      <trkpt lat="41.37340597808361" lon="2.0012759417295456">
        <ele>210.9</ele>
      </trkpt>
      <trkpt lat="41.37349692173302" lon="2.0012249797582626">
        <ele>208.9</ele>
      </trkpt>
      <trkpt lat="41.373544950038195" lon="2.001190949231386">
        <ele>208.1</ele>
      </trkpt>
      <trkpt lat="41.373587949201465" lon="2.001155996695161">
        <ele>207.5</ele>
      </trkpt>
      <trkpt lat="41.3737019430846" lon="2.0010359678417444">
        <ele>207.0</ele>
      </trkpt>
      <trkpt lat="41.37375097721815" lon="2.000995986163616">
        <ele>206.3</ele>
      </trkpt>
      <trkpt lat="41.37379892170429" lon="2.0009729359298944">
        <ele>205.2</ele>
      </trkpt>
      <trkpt lat="41.373867988586426" lon="2.000948963686824">
        <ele>203.3</ele>
      </trkpt>
      <trkpt lat="41.37394292280078" lon="2.000930942595005">
        <ele>201.5</ele>
      </trkpt>
      <trkpt lat="41.37406697496772" lon="2.000882998108864">
        <ele>199.6</ele>
      </trkpt>
      <trkpt lat="41.37421692721546" lon="2.0008209720253944">
        <ele>196.5</ele>
      </trkpt>
      <trkpt lat="41.374274929985404" lon="2.000806974247098">
        <ele>194.6</ele>
      </trkpt>
      <trkpt lat="41.37432295829058" lon="2.000801945105195">
        <ele>192.8</ele>
      </trkpt>
      <trkpt lat="41.374382972717285" lon="2.0008029509335756">
        <ele>190.5</ele>
      </trkpt>
      <trkpt lat="41.37445497326553" lon="2.000803956761956">
        <ele>188.1</ele>
      </trkpt>
      <trkpt lat="41.37451498769224" lon="2.0008009392768145">
        <ele>186.4</ele>
      </trkpt>
      <trkpt lat="41.37454499490559" lon="2.0007949881255627">
        <ele>185.7</ele>
      </trkpt>
      <trkpt lat="41.37457491829991" lon="2.0007709320634604">
        <ele>185.2</ele>
      </trkpt>
      <trkpt lat="41.37460299767554" lon="2.000735979527235">
        <ele>184.6</ele>
      </trkpt>
      <trkpt lat="41.37461498379707" lon="2.0007019490003586">
        <ele>184.4</ele>
      </trkpt>
      <trkpt lat="41.374621940776706" lon="2.000664984807372">
        <ele>184.3</ele>
      </trkpt>
      <trkpt lat="41.37462395243347" lon="2.000621985644102">
        <ele>184.2</ele>
      </trkpt>
      <trkpt lat="41.37462395243347" lon="2.000604970380664">
        <ele>184.2</ele>
      </trkpt>
      <trkpt lat="41.37462596409023" lon="2.000565994530916">
        <ele>184.1</ele>
      </trkpt>
      <trkpt lat="41.374622946605086" lon="2.000523917376995">
        <ele>184.2</ele>
      </trkpt>
      <trkpt lat="41.374616995453835" lon="2.000495921820402">
        <ele>184.3</ele>
      </trkpt>
      <trkpt lat="41.37460199184716" lon="2.0004599634557962">
        <ele>184.6</ele>
      </trkpt>
      <trkpt lat="41.37458497658372" lon="2.0004339795559645">
        <ele>185.1</ele>
      </trkpt>
      <trkpt lat="41.37455899268389" lon="2.0004009548574686">
        <ele>185.9</ele>
      </trkpt>
      <trkpt lat="41.37452194467187" lon="2.0003659185022116">
        <ele>187.0</ele>
      </trkpt>
      <trkpt lat="41.37435296550393" lon="2.0002089254558086">
        <ele>191.0</ele>
      </trkpt>
      <trkpt lat="41.37430896051228" lon="2.000169949606061">
        <ele>191.9</ele>
      </trkpt>
      <trkpt lat="41.37426897883415" lon="2.0001109410077333">
        <ele>192.3</ele>
      </trkpt>
      <trkpt lat="41.37424995191395" lon="2.0000699535012245">
        <ele>192.2</ele>
      </trkpt>
      <trkpt lat="41.37424592860043" lon="2.000042963773012">
        <ele>191.9</ele>
      </trkpt>
      <trkpt lat="41.37424794025719" lon="2.000012956559658">
        <ele>191.1</ele>
      </trkpt>
      <trkpt lat="41.374252969399095" lon="1.999992923811078">
        <ele>190.5</ele>
      </trkpt>
      <trkpt lat="41.37426294386387" lon="1.999977920204401">
        <ele>189.7</ele>
      </trkpt>
      <trkpt lat="41.374274929985404" lon="1.9999709632247686">
        <ele>189.0</ele>
      </trkpt>
      <trkpt lat="41.37429093942046" lon="1.9999729748815298">
        <ele>188.4</ele>
      </trkpt>
      <trkpt lat="41.374319940805435" lon="1.999984961003065">
        <ele>187.5</ele>
      </trkpt>
      <trkpt lat="41.37453895993531" lon="2.0000919979065657">
        <ele>182.5</ele>
      </trkpt>
      <trkpt lat="41.37458899989724" lon="2.0000979490578175">
        <ele>181.3</ele>
      </trkpt>
      <trkpt lat="41.37463795021176" lon="2.000093925744295">
        <ele>180.0</ele>
      </trkpt>
      <trkpt lat="41.37467298656702" lon="2.0000999607145786">
        <ele>179.0</ele>
      </trkpt>
      <trkpt lat="41.37471497990191" lon="2.0001029781997204">
        <ele>177.7</ele>
      </trkpt>
      <trkpt lat="41.37475395575166" lon="2.0001129526644945">
        <ele>176.4</ele>
      </trkpt>
      <trkpt lat="41.37478396296501" lon="2.000131979584694">
        <ele>175.3</ele>
      </trkpt>
      <trkpt lat="41.374813970178366" lon="2.0001659262925386">
        <ele>174.4</ele>
      </trkpt>
      <trkpt lat="41.374832997098565" lon="2.000206997618079">
        <ele>174.0</ele>
      </trkpt>
      <trkpt lat="41.374880941584706" lon="2.0003539323806763">
        <ele>173.7</ele>
      </trkpt>
      <trkpt lat="41.37490499764681" lon="2.0004289504140615">
        <ele>173.6</ele>
      </trkpt>
      <trkpt lat="41.37493693269789" lon="2.00051193125546">
        <ele>173.3</ele>
      </trkpt>
      <trkpt lat="41.37511999346316" lon="2.0009109936654568">
        <ele>166.2</ele>
      </trkpt>
      <trkpt lat="41.375240944325924" lon="2.001233948394656">
        <ele>162.8</ele>
      </trkpt>
      <trkpt lat="41.375267934054136" lon="2.001332938671112">
        <ele>162.3</ele>
      </trkpt>
      <trkpt lat="41.37532392516732" lon="2.0015819650143385">
        <ele>158.8</ele>
      </trkpt>
      <trkpt lat="41.37534496374428" lon="2.001651953905821">
        <ele>157.0</ele>
      </trkpt>
      <trkpt lat="41.3753769826144" lon="2.0017059333622456">
        <ele>154.8</ele>
      </trkpt>
      <trkpt lat="41.37541998177767" lon="2.0017469208687544">
        <ele>152.1</ele>
      </trkpt>
      <trkpt lat="41.37547194957733" lon="2.0017739944159985">
        <ele>149.6</ele>
      </trkpt>
      <trkpt lat="41.37557999230921" lon="2.001823950558901">
        <ele>145.3</ele>
      </trkpt>
      <trkpt lat="41.3756169565022" lon="2.0018399599939585">
        <ele>144.2</ele>
      </trkpt>
      <trkpt lat="41.37566498480737" lon="2.0018629264086485">
        <ele>143.2</ele>
      </trkpt>
      <trkpt lat="41.37577495537698" lon="2.001904919743538">
        <ele>141.7</ele>
      </trkpt>
      <trkpt lat="41.37582499533892" lon="2.0019239466637373">
        <ele>141.3</ele>
      </trkpt>
      <trkpt lat="41.375882998108864" lon="2.001954959705472">
        <ele>140.6</ele>
      </trkpt>
      <trkpt lat="41.375932954251766" lon="2.0019739866256714">
        <ele>140.2</ele>
      </trkpt>
      <trkpt lat="41.37598793953657" lon="2.0019919238984585">
        <ele>139.8</ele>
      </trkpt>
      <trkpt lat="41.37606698088348" lon="2.001997958868742">
        <ele>139.5</ele>
      </trkpt>
      <trkpt lat="41.376166976988316" lon="2.0020119566470385">
        <ele>139.6</ele>
      </trkpt>
      <trkpt lat="41.37626596726477" lon="2.002004999667406">
        <ele>140.1</ele>
      </trkpt>
      <trkpt lat="41.37639094144106" lon="2.0020119566470385">
        <ele>141.1</ele>
      </trkpt>
      <trkpt lat="41.37645891867578" lon="2.0020219311118126">
        <ele>141.8</ele>
      </trkpt>
      <trkpt lat="41.37650292366743" lon="2.0020299777388573">
        <ele>142.3</ele>
      </trkpt>
      <trkpt lat="41.376553969457746" lon="2.002022936940193">
        <ele>143.0</ele>
      </trkpt>
      <trkpt lat="41.376597974449396" lon="2.001995947211981">
        <ele>143.5</ele>
      </trkpt>
      <trkpt lat="41.376706939190626" lon="2.001853957772255">
        <ele>143.4</ele>
      </trkpt>
      <trkpt lat="41.376749938353896" lon="2.0018149819225073">
        <ele>143.0</ele>
      </trkpt>
      <trkpt lat="41.37680299580097" lon="2.0017789397388697">
        <ele>142.7</ele>
      </trkpt>
      <trkpt lat="41.37684197165072" lon="2.0017559733241796">
        <ele>142.4</ele>
      </trkpt>
      <trkpt lat="41.37688999995589" lon="2.0017489325255156">
        <ele>142.5</ele>
      </trkpt>
      <trkpt lat="41.3769309874624" lon="2.0017559733241796">
        <ele>142.7</ele>
      </trkpt>
      <trkpt lat="41.376964934170246" lon="2.0017789397388697">
        <ele>143.3</ele>
      </trkpt>
      <trkpt lat="41.37702997773886" lon="2.001870973035693">
        <ele>144.9</ele>
      </trkpt>
      <trkpt lat="41.37707297690213" lon="2.00197197496891">
        <ele>146.2</ele>
      </trkpt>
      <trkpt lat="41.37711798772216" lon="2.002065936103463">
        <ele>147.2</ele>
      </trkpt>
      <trkpt lat="41.37718697078526" lon="2.0021539460867643">
        <ele>148.3</ele>
      </trkpt>
      <trkpt lat="41.37727498076856" lon="2.0022339932620525">
        <ele>149.6</ele>
      </trkpt>
      <trkpt lat="41.37738092802465" lon="2.0023379288613796">
        <ele>151.5</ele>
      </trkpt>
      <trkpt lat="41.37752895243466" lon="2.002480924129486">
        <ele>153.3</ele>
      </trkpt>
      <trkpt lat="41.377818966284394" lon="2.00278895907104">
        <ele>155.1</ele>
      </trkpt>
      <trkpt lat="41.37804795987904" lon="2.003011917695403">
        <ele>155.0</ele>
      </trkpt>
      <trkpt lat="41.37815499678254" lon="2.0031929668039083">
        <ele>155.4</ele>
      </trkpt>
      <trkpt lat="41.37828893959522" lon="2.003507958725095">
        <ele>156.1</ele>
      </trkpt>
      <trkpt lat="41.378423972055316" lon="2.003810964524746">
        <ele>154.7</ele>
      </trkpt>
      <trkpt lat="41.37852497398853" lon="2.0040549617260695">
        <ele>152.9</ele>
      </trkpt>
      <trkpt lat="41.3785629440099" lon="2.004174990579486">
        <ele>151.8</ele>
      </trkpt>
      <trkpt lat="41.378574930131435" lon="2.004303988069296">
        <ele>150.5</ele>
      </trkpt>
      <trkpt lat="41.37858691625297" lon="2.004432985559106">
        <ele>149.0</ele>
      </trkpt>
      <trkpt lat="41.37860694900155" lon="2.004561983048916">
        <ele>147.0</ele>
      </trkpt>
      <trkpt lat="41.37865397147834" lon="2.0047149527817965">
        <ele>144.4</ele>
      </trkpt>
      <trkpt lat="41.378704933449626" lon="2.004877980798483">
        <ele>141.5</ele>
      </trkpt>
      <trkpt lat="41.37876293621957" lon="2.0049219857901335">
        <ele>140.7</ele>
      </trkpt>
      <trkpt lat="41.378961922600865" lon="2.005079984664917">
        <ele>137.6</ele>
      </trkpt>
      <trkpt lat="41.37913593091071" lon="2.00515097938478">
        <ele>136.4</ele>
      </trkpt>
      <trkpt lat="41.3791879825294" lon="2.005165982991457">
        <ele>135.9</ele>
      </trkpt>
      <trkpt lat="41.37931295670569" lon="2.005375949665904">
        <ele>132.0</ele>
      </trkpt>
      <trkpt lat="41.37944991700351" lon="2.005702927708626">
        <ele>125.4</ele>
      </trkpt>
      <trkpt lat="41.37965393252671" lon="2.006179941818118">
        <ele>117.5</ele>
      </trkpt>
      <trkpt lat="41.37975895777345" lon="2.006361996755004">
        <ele>114.8</ele>
      </trkpt>
      <trkpt lat="41.379884937778115" lon="2.0065079256892204">
        <ele>114.7</ele>
      </trkpt>
      <trkpt lat="41.380057940259576" lon="2.0067759789526463">
        <ele>112.8</ele>
      </trkpt>
      <trkpt lat="41.38017495162785" lon="2.006968930363655">
        <ele>110.9</ele>
      </trkpt>
      <trkpt lat="41.38042397797108" lon="2.0073639694601297">
        <ele>109.5</ele>
      </trkpt>
      <trkpt lat="41.38044895604253" lon="2.0073579344898462">
        <ele>109.5</ele>
      </trkpt>
      <trkpt lat="41.38046999461949" lon="2.0073649752885103">
        <ele>109.5</ele>
      </trkpt>
      <trkpt lat="41.380487931892276" lon="2.0073799788951874">
        <ele>109.5</ele>
      </trkpt>
      <trkpt lat="41.38049991801381" lon="2.0074029453098774">
        <ele>109.7</ele>
      </trkpt>
      <trkpt lat="41.380505952984095" lon="2.007428929209709">
        <ele>109.8</ele>
      </trkpt>
      <trkpt lat="41.380504947155714" lon="2.007456924766302">
        <ele>110.0</ele>
      </trkpt>
      <trkpt lat="41.38050192967057" lon="2.007469916716218">
        <ele>110.0</ele>
      </trkpt>
      <trkpt lat="41.38053394854069" lon="2.007502941414714">
        <ele>110.1</ele>
      </trkpt>
      <trkpt lat="41.38056194409728" lon="2.0075799711048603">
        <ele>110.1</ele>
      </trkpt>
      <trkpt lat="41.38059999793768" lon="2.007747944444418">
        <ele>110.3</ele>
      </trkpt>
      <trkpt lat="41.380615923553705" lon="2.0077899377793074">
        <ele>110.4</ele>
      </trkpt>
      <trkpt lat="41.380655989050865" lon="2.007866967469454">
        <ele>110.9</ele>
      </trkpt>
      <trkpt lat="41.38068599626422" lon="2.007951959967613">
        <ele>111.4</ele>
      </trkpt>
      <trkpt lat="41.38071399182081" lon="2.0080909319221973">
        <ele>112.0</ele>
      </trkpt>
      <trkpt lat="41.38073796406388" lon="2.0081709790974855">
        <ele>112.4</ele>
      </trkpt>
      <trkpt lat="41.380769982934" lon="2.0082349330186844">
        <ele>113.0</ele>
      </trkpt>
      <trkpt lat="41.38082195073366" lon="2.008306933566928">
        <ele>113.8</ele>
      </trkpt>
      <trkpt lat="41.38088196516037" lon="2.0083539560437202">
        <ele>114.7</ele>
      </trkpt>
      <trkpt lat="41.380913984030485" lon="2.008392931893468">
        <ele>115.2</ele>
      </trkpt>
      <trkpt lat="41.380934938788414" lon="2.008440960198641">
        <ele>115.3</ele>
      </trkpt>
      <trkpt lat="41.38099495321512" lon="2.0085609890520573">
        <ele>115.5</ele>
      </trkpt>
      <trkpt lat="41.38107491657138" lon="2.008687974885106">
        <ele>115.5</ele>
      </trkpt>
      <trkpt lat="41.38117893598974" lon="2.0089019648730755">
        <ele>115.3</ele>
      </trkpt>
      <trkpt lat="41.381280943751335" lon="2.0092709362506866">
        <ele>113.2</ele>
      </trkpt>
      <trkpt lat="41.381301982328296" lon="2.00931997038424">
        <ele>113.0</ele>
      </trkpt>
      <trkpt lat="41.381322937086225" lon="2.0093499775975943">
        <ele>112.8</ele>
      </trkpt>
      <trkpt lat="41.381344981491566" lon="2.0093749556690454">
        <ele>112.6</ele>
      </trkpt>
      <trkpt lat="41.38137691654265" lon="2.009396916255355">
        <ele>112.4</ele>
      </trkpt>
      <trkpt lat="41.38144095428288" lon="2.0094159431755543">
        <ele>112.0</ele>
      </trkpt>
      <trkpt lat="41.381474984809756" lon="2.0094359759241343">
        <ele>111.5</ele>
      </trkpt>
      <trkpt lat="41.38150298036635" lon="2.009461959823966">
        <ele>111.0</ele>
      </trkpt>
      <trkpt lat="41.38154991902411" lon="2.009547958150506">
        <ele>109.9</ele>
      </trkpt>
      <trkpt lat="41.381669947877526" lon="2.0097359642386436">
        <ele>106.8</ele>
      </trkpt>
      <trkpt lat="41.381841944530606" lon="2.010020948946476">
        <ele>102.8</ele>
      </trkpt>
      <trkpt lat="41.382013941183686" lon="2.010306939482689">
        <ele>99.9</ele>
      </trkpt>
      <trkpt lat="41.382076973095536" lon="2.0104069355875254">
        <ele>99.7</ele>
      </trkpt>
      <trkpt lat="41.38217093423009" lon="2.010475918650627">
        <ele>99.5</ele>
      </trkpt>
      <trkpt lat="41.382223991677165" lon="2.0104979630559683">
        <ele>99.4</ele>
      </trkpt>
      <trkpt lat="41.38227897696197" lon="2.010502992197871">
        <ele>99.4</ele>
      </trkpt>
      <trkpt lat="41.38236799277365" lon="2.010495951399207">
        <ele>99.5</ele>
      </trkpt>
      <trkpt lat="41.3823929708451" lon="2.0105049200356007">
        <ele>99.4</ele>
      </trkpt>
      <trkpt lat="41.382419960573316" lon="2.0105239469558">
        <ele>99.4</ele>
      </trkpt>
      <trkpt lat="41.382443932816386" lon="2.0105489250272512">
        <ele>99.2</ele>
      </trkpt>
      <trkpt lat="41.382479975000024" lon="2.0106259547173977">
        <ele>98.6</ele>
      </trkpt>
      <trkpt lat="41.38251895084977" lon="2.0107099413871765">
        <ele>97.4</ele>
      </trkpt>
      <trkpt lat="41.38258793391287" lon="2.0109229255467653">
        <ele>95.0</ele>
      </trkpt>
      <trkpt lat="41.38262598775327" lon="2.011011941358447">
        <ele>94.2</ele>
      </trkpt>
      <trkpt lat="41.38267292641103" lon="2.0110919885337353">
        <ele>93.3</ele>
      </trkpt>
      <trkpt lat="41.38273193500936" lon="2.011151919141412">
        <ele>92.4</ele>
      </trkpt>
      <trkpt lat="41.38278893195093" lon="2.011218974366784">
        <ele>91.5</ele>
      </trkpt>
      <trkpt lat="41.382932933047414" lon="2.011433970183134">
        <ele>87.1</ele>
      </trkpt>
      <trkpt lat="41.38294994831085" lon="2.011451991274953">
        <ele>86.5</ele>
      </trkpt>
      <trkpt lat="41.38296595774591" lon="2.011463977396488">
        <ele>85.9</ele>
      </trkpt>
      <trkpt lat="41.38301197439432" lon="2.01148996129632">
        <ele>84.6</ele>
      </trkpt>
      <trkpt lat="41.38302999548614" lon="2.0115079823881388">
        <ele>84.1</ele>
      </trkpt>
      <trkpt lat="41.38304499909282" lon="2.01153296045959">
        <ele>83.7</ele>
      </trkpt>
      <trkpt lat="41.383082969114184" lon="2.0116149354726076">
        <ele>82.6</ele>
      </trkpt>
      <trkpt lat="41.38309394940734" lon="2.011701939627528">
        <ele>82.0</ele>
      </trkpt>
      <trkpt lat="41.38309696689248" lon="2.01177092269063">
        <ele>81.5</ele>
      </trkpt>
      <trkpt lat="41.38309394940734" lon="2.0118249859660864">
        <ele>81.2</ele>
      </trkpt>
      <trkpt lat="41.383108953014016" lon="2.011891957372427">
        <ele>80.6</ele>
      </trkpt>
      <trkpt lat="41.38313594274223" lon="2.0119739323854446">
        <ele>80.0</ele>
      </trkpt>
      <trkpt lat="41.38316695578396" lon="2.0120529737323523">
        <ele>79.7</ele>
      </trkpt>
      <trkpt lat="41.38320894911885" lon="2.0121679734438658">
        <ele>79.1</ele>
      </trkpt>
      <trkpt lat="41.38323292136192" lon="2.0122719928622246">
        <ele>78.0</ele>
      </trkpt>
      <trkpt lat="41.38324499130249" lon="2.0123789459466934">
        <ele>76.3</ele>
      </trkpt>
      <trkpt lat="41.38328296132386" lon="2.0125479251146317">
        <ele>73.9</ele>
      </trkpt>
      <trkpt lat="41.38330693356693" lon="2.0126719772815704">
        <ele>72.8</ele>
      </trkpt>
      <trkpt lat="41.383341969922185" lon="2.0127709675580263">
        <ele>72.0</ele>
      </trkpt>
      <trkpt lat="41.3833499327302" lon="2.0128109492361546">
        <ele>71.7</ele>
      </trkpt>
      <trkpt lat="41.38335395604372" lon="2.0128539483994246">
        <ele>71.4</ele>
      </trkpt>
      <trkpt lat="41.38335295021534" lon="2.0130079239606857">
        <ele>70.4</ele>
      </trkpt>
      <trkpt lat="41.383360996842384" lon="2.0130479894578457">
        <ele>70.3</ele>
      </trkpt>
      <trkpt lat="41.38337298296392" lon="2.013084953650832">
        <ele>70.3</ele>
      </trkpt>
      <trkpt lat="41.38340198434889" lon="2.0131269469857216">
        <ele>70.6</ele>
      </trkpt>
      <trkpt lat="41.383429979905486" lon="2.013147985562682">
        <ele>71.0</ele>
      </trkpt>
      <trkpt lat="41.38344096019864" lon="2.0131619833409786">
        <ele>71.2</ele>
      </trkpt>
      <trkpt lat="41.383450934663415" lon="2.0131829380989075">
        <ele>71.3</ele>
      </trkpt>
      <trkpt lat="41.383452946320176" lon="2.01320992782712">
        <ele>71.3</ele>
      </trkpt>
      <trkpt lat="41.38344498351216" lon="2.0132539328187704">
        <ele>71.2</ele>
      </trkpt>
      <trkpt lat="41.38339896686375" lon="2.0133879594504833">
        <ele>69.4</ele>
      </trkpt>
      <trkpt lat="41.38339494355023" lon="2.0134199783205986">
        <ele>68.9</ele>
      </trkpt>
      <trkpt lat="41.38339896686375" lon="2.0134539250284433">
        <ele>68.5</ele>
      </trkpt>
      <trkpt lat="41.38342092745006" lon="2.0135979261249304">
        <ele>66.4</ele>
      </trkpt>
      <trkpt lat="41.38341899961233" lon="2.0136409252882004">
        <ele>65.4</ele>
      </trkpt>
      <trkpt lat="41.383408941328526" lon="2.0137009397149086">
        <ele>63.9</ele>
      </trkpt>
      <trkpt lat="41.38339494355023" lon="2.013787943869829">
        <ele>61.7</ele>
      </trkpt>
      <trkpt lat="41.38339092023671" lon="2.013846952468157">
        <ele>60.2</ele>
      </trkpt>
      <trkpt lat="41.38339494355023" lon="2.013878971338272">
        <ele>59.4</ele>
      </trkpt>
      <trkpt lat="41.38339997269213" lon="2.013906966894865">
        <ele>58.6</ele>
      </trkpt>
      <trkpt lat="41.383405923843384" lon="2.0139839965850115">
        <ele>56.4</ele>
      </trkpt>
      <trkpt lat="41.38339192606509" lon="2.014104947447777">
        <ele>52.7</ele>
      </trkpt>
      <trkpt lat="41.38339594937861" lon="2.0141459349542856">
        <ele>51.6</ele>
      </trkpt>
      <trkpt lat="41.38341397047043" lon="2.0142199471592903">
        <ele>50.1</ele>
      </trkpt>
      <trkpt lat="41.38341397047043" lon="2.0142699871212244">
        <ele>49.1</ele>
      </trkpt>
      <trkpt lat="41.38340198434889" lon="2.0143199432641268">
        <ele>48.2</ele>
      </trkpt>
      <trkpt lat="41.38338195160031" lon="2.014361936599016">
        <ele>47.4</ele>
      </trkpt>
      <trkpt lat="41.38335596770048" lon="2.0143969729542732">
        <ele>46.8</ele>
      </trkpt>
      <trkpt lat="41.383320931345224" lon="2.0144219510257244">
        <ele>46.4</ele>
      </trkpt>
      <trkpt lat="41.38328497298062" lon="2.014439972117543">
        <ele>46.1</ele>
      </trkpt>
      <trkpt lat="41.383214984089136" lon="2.014457993209362">
        <ele>46.0</ele>
      </trkpt>
      <trkpt lat="41.38317399658263" lon="2.014460926875472">
        <ele>46.1</ele>
      </trkpt>
      <trkpt lat="41.38315396383405" lon="2.0144569873809814">
        <ele>46.3</ele>
      </trkpt>
      <trkpt lat="41.38313393108547" lon="2.0144489407539368">
        <ele>46.5</ele>
      </trkpt>
      <trkpt lat="41.38312093913555" lon="2.014437960460782">
        <ele>46.7</ele>
      </trkpt>
      <trkpt lat="41.38306997716427" lon="2.0143989846110344">
        <ele>47.6</ele>
      </trkpt>
      <trkpt lat="41.38305095024407" lon="2.0143959671258926">
        <ele>47.7</ele>
      </trkpt>
      <trkpt lat="41.38303494080901" lon="2.0144019182771444">
        <ele>47.7</ele>
      </trkpt>
      <trkpt lat="41.383018931373954" lon="2.0144109707325697">
        <ele>47.7</ele>
      </trkpt>
      <trkpt lat="41.38300493359566" lon="2.0144269801676273">
        <ele>47.5</ele>
      </trkpt>
      <trkpt lat="41.38298791833222" lon="2.0144599210470915">
        <ele>47.2</ele>
      </trkpt>
      <trkpt lat="41.3829749263823" lon="2.0144999865442514">
        <ele>46.7</ele>
      </trkpt>
      <trkpt lat="41.38296294026077" lon="2.0145659521222115">
        <ele>45.8</ele>
      </trkpt>
      <trkpt lat="41.3829579949379" lon="2.014672989025712">
        <ele>44.4</ele>
      </trkpt>
      <trkpt lat="41.38296092860401" lon="2.014763932675123">
        <ele>43.3</ele>
      </trkpt>
      <trkpt lat="41.38296796940267" lon="2.014854960143566">
        <ele>42.3</ele>
      </trkpt>
      <trkpt lat="41.38298498466611" lon="2.0149419642984867">
        <ele>41.3</ele>
      </trkpt>
      <trkpt lat="41.38301096856594" lon="2.0150279626250267">
        <ele>40.1</ele>
      </trkpt>
      <trkpt lat="41.38309998437762" lon="2.015216974541545">
        <ele>36.5</ele>
      </trkpt>
      <trkpt lat="41.383174918591976" lon="2.01527195982635">
        <ele>35.1</ele>
      </trkpt>
      <trkpt lat="41.3833879865706" lon="2.0152629911899567">
        <ele>33.6</ele>
      </trkpt>
      <trkpt lat="41.38350298628211" lon="2.015231978148222">
        <ele>32.7</ele>
      </trkpt>
      <trkpt lat="41.38361698016524" lon="2.0151699520647526">
        <ele>32.5</ele>
      </trkpt>
      <trkpt lat="41.38386894017458" lon="2.014996949583292">
        <ele>33.2</ele>
      </trkpt>
      <trkpt lat="41.38427395373583" lon="2.014745995402336">
        <ele>30.9</ele>
      </trkpt>
      <trkpt lat="41.384479980915785" lon="2.014654967933893">
        <ele>29.5</ele>
      </trkpt>
      <trkpt lat="41.384521974250674" lon="2.0146259665489197">
        <ele>29.1</ele>
      </trkpt>
      <trkpt lat="41.38485297560692" lon="2.014381969347596">
        <ele>25.6</ele>
      </trkpt>
      <trkpt lat="41.384891951456666" lon="2.014371994882822">
        <ele>25.3</ele>
      </trkpt>
      <trkpt lat="41.384957917034626" lon="2.0143839810043573">
        <ele>25.0</ele>
      </trkpt>
      <trkpt lat="41.38500493951142" lon="2.014412982389331">
        <ele>24.9</ele>
      </trkpt>
      <trkpt lat="41.38508993200958" lon="2.0146109629422426">
        <ele>25.7</ele>
      </trkpt>
      <trkpt lat="41.385143995285034" lon="2.014720933511853">
        <ele>25.8</ele>
      </trkpt>
      <trkpt lat="41.38526796363294" lon="2.0149039942771196">
        <ele>25.0</ele>
      </trkpt>
      <trkpt lat="41.38539494946599" lon="2.015097951516509">
        <ele>25.0</ele>
      </trkpt>
      <trkpt lat="41.38545194640756" lon="2.0151979476213455">
        <ele>24.9</ele>
      </trkpt>
      <trkpt lat="41.385532999411225" lon="2.0152659248560667">
        <ele>25.0</ele>
      </trkpt>
      <trkpt lat="41.38555797748268" lon="2.0153189823031425">
        <ele>25.0</ele>
      </trkpt>
      <trkpt lat="41.38569393195212" lon="2.015426941215992">
        <ele>25.7</ele>
      </trkpt>
      <trkpt lat="41.385811949148774" lon="2.0155649911612272">
        <ele>26.0</ele>
      </trkpt>
      <trkpt lat="41.38590792194009" lon="2.0156809967011213">
        <ele>26.4</ele>
      </trkpt>
      <trkpt lat="41.385942958295345" lon="2.0157189667224884">
        <ele>26.5</ele>
      </trkpt>
      <trkpt lat="41.38606692664325" lon="2.0158749539405107">
        <ele>26.2</ele>
      </trkpt>
      <trkpt lat="41.38618494383991" lon="2.0159509778022766">
        <ele>25.8</ele>
      </trkpt>
      <trkpt lat="41.386261973530054" lon="2.016025995835662">
        <ele>25.3</ele>
      </trkpt>
      <trkpt lat="41.38631192967296" lon="2.0160749461501837">
        <ele>24.8</ele>
      </trkpt>
      <trkpt lat="41.386373955756426" lon="2.0161459408700466">
        <ele>23.9</ele>
      </trkpt>
      <trkpt lat="41.38641192577779" lon="2.016212996095419">
        <ele>23.0</ele>
      </trkpt>
      <trkpt lat="41.38645199127495" lon="2.0162829849869013">
        <ele>22.0</ele>
      </trkpt>
      <trkpt lat="41.386525919660926" lon="2.0163769461214542">
        <ele>20.3</ele>
      </trkpt>
      <trkpt lat="41.38657595962286" lon="2.016443917527795">
        <ele>19.4</ele>
      </trkpt>
      <trkpt lat="41.386612923815846" lon="2.016493957489729">
        <ele>19.1</ele>
      </trkpt>
      <trkpt lat="41.38662197627127" lon="2.016510972753167">
        <ele>19.0</ele>
      </trkpt>
      <trkpt lat="41.38669992797077" lon="2.01664793305099">
        <ele>19.0</ele>
      </trkpt>
      <trkpt lat="41.386779975146055" lon="2.0167729910463095">
        <ele>19.1</ele>
      </trkpt>
      <trkpt lat="41.386846946552396" lon="2.016973989084363">
        <ele>19.6</ele>
      </trkpt>
      <trkpt lat="41.38688592240214" lon="2.017102986574173">
        <ele>20.4</ele>
      </trkpt>
      <trkpt lat="41.386888939887285" lon="2.0171289704740047">
        <ele>20.5</ele>
      </trkpt>
      <trkpt lat="41.38689899817109" lon="2.017218992114067">
        <ele>20.9</ele>
      </trkpt>
      <trkpt lat="41.3869399856776" lon="2.017525937408209">
        <ele>21.1</ele>
      </trkpt>
      <trkpt lat="41.38696496374905" lon="2.017674967646599">
        <ele>22.4</ele>
      </trkpt>
      <trkpt lat="41.3869899418205" lon="2.017830954864621">
        <ele>22.9</ele>
      </trkpt>
      <trkpt lat="41.38702891767025" lon="2.0181529875844717">
        <ele>21.7</ele>
      </trkpt>
      <trkpt lat="41.38703193515539" lon="2.018245942890644">
        <ele>21.4</ele>
      </trkpt>
      <trkpt lat="41.38703495264053" lon="2.018310986459255">
        <ele>21.1</ele>
      </trkpt>
      <trkpt lat="41.38704895041883" lon="2.0184849947690964">
        <ele>20.3</ele>
      </trkpt>
      <trkpt lat="41.38706697151065" lon="2.0186009164899588">
        <ele>19.9</ele>
      </trkpt>
      <trkpt lat="41.38709798455238" lon="2.0187499467283487">
        <ele>19.9</ele>
      </trkpt>
      <trkpt lat="41.38714098371565" lon="2.0189449936151505">
        <ele>21.1</ele>
      </trkpt>
      <trkpt lat="41.38715196400881" lon="2.018988998606801">
        <ele>21.6</ele>
      </trkpt>
      <trkpt lat="41.38718096539378" lon="2.018983969464898">
        <ele>22.0</ele>
      </trkpt>
      <trkpt lat="41.38723796233535" lon="2.018973995000124">
        <ele>22.8</ele>
      </trkpt>
      <trkpt lat="41.38736796565354" lon="2.019069967791438">
        <ele>25.4</ele>
      </trkpt>
      <trkpt lat="41.38746293261647" lon="2.0191929303109646">
        <ele>26.9</ele>
      </trkpt>
      <trkpt lat="41.38752495869994" lon="2.019302984699607">
        <ele>26.9</ele>
      </trkpt>
      <trkpt lat="41.38762495480478" lon="2.019661981612444">
        <ele>22.9</ele>
      </trkpt>
      <trkpt lat="41.38748397119343" lon="2.020056936889887">
        <ele>20.7</ele>
      </trkpt>
      <trkpt lat="41.38756695203483" lon="2.0205159299075603">
        <ele>19.2</ele>
      </trkpt>
      <trkpt lat="41.38764993287623" lon="2.0209759287536144">
        <ele>16.8</ele>
      </trkpt>
      <trkpt lat="41.38767197728157" lon="2.021145997568965">
        <ele>16.5</ele>
      </trkpt>
      <trkpt lat="41.38777691870928" lon="2.021633991971612">
        <ele>17.0</ele>
      </trkpt>
      <trkpt lat="41.3877859711647" lon="2.0216879714280367">
        <ele>17.0</ele>
      </trkpt>
      <trkpt lat="41.387833999469876" lon="2.021998940035701">
        <ele>15.9</ele>
      </trkpt>
      <trkpt lat="41.38784699141979" lon="2.0220959186553955">
        <ele>15.9</ele>
      </trkpt>
      <trkpt lat="41.38788999058306" lon="2.0221309550106525">
        <ele>15.8</ele>
      </trkpt>
      <trkpt lat="41.387940952554345" lon="2.022124920040369">
        <ele>15.8</ele>
      </trkpt>
      <trkpt lat="41.38797297142446" lon="2.02210396528244">
        <ele>15.9</ele>
      </trkpt>
      <trkpt lat="41.388242952525616" lon="2.0219289511442184">
        <ele>16.4</ele>
      </trkpt>
      <trkpt lat="41.38848099857569" lon="2.0217319764196873">
        <ele>17.2</ele>
      </trkpt>
      <trkpt lat="41.388627933338284" lon="2.021606918424368">
        <ele>17.3</ele>
      </trkpt>
      <trkpt lat="41.38877092860639" lon="2.021499965339899">
        <ele>17.9</ele>
      </trkpt>
      <trkpt lat="41.389037976041436" lon="2.021353952586651">
        <ele>16.4</ele>
      </trkpt>
      <trkpt lat="41.38930594548583" lon="2.021208945661783">
        <ele>15.7</ele>
      </trkpt>
      <trkpt lat="41.38955698348582" lon="2.021084977313876">
        <ele>16.5</ele>
      </trkpt>
      <trkpt lat="41.38996493071318" lon="2.020882973447442">
        <ele>18.7</ele>
      </trkpt>
      <trkpt lat="41.38990399427712" lon="2.0209889207035303">
        <ele>18.2</ele>
      </trkpt>
      <trkpt lat="41.389787988737226" lon="2.021135939285159">
        <ele>17.1</ele>
      </trkpt>
      <trkpt lat="41.389704924076796" lon="2.021208945661783">
        <ele>16.3</ele>
      </trkpt>
      <trkpt lat="41.38933997601271" lon="2.021459983661771">
        <ele>14.5</ele>
      </trkpt>
      <trkpt lat="41.389279961586" lon="2.021527960896492">
        <ele>14.1</ele>
      </trkpt>
      <trkpt lat="41.389421951025724" lon="2.0219409372657537">
        <ele>14.7</ele>
      </trkpt>
      <trkpt lat="41.38956293463707" lon="2.022354919463396">
        <ele>15.3</ele>
      </trkpt>
      <trkpt lat="41.389704924076796" lon="2.02276898548007">
        <ele>16.0</ele>
      </trkpt>
      <trkpt lat="41.38956796377897" lon="2.022948944941163">
        <ele>17.4</ele>
      </trkpt>
      <trkpt lat="41.389354979619384" lon="2.0231579896062613">
        <ele>18.3</ele>
      </trkpt>
      <trkpt lat="41.389293959364295" lon="2.0232279784977436">
        <ele>18.6</ele>
      </trkpt>
      <trkpt lat="41.38919396325946" lon="2.0233399607241154">
        <ele>19.0</ele>
      </trkpt>
      <trkpt lat="41.389036970213056" lon="2.023439956828952">
        <ele>18.9</ele>
      </trkpt>
      <trkpt lat="41.38879196718335" lon="2.0235969498753548">
        <ele>19.3</ele>
      </trkpt>
      <trkpt lat="41.38854696415365" lon="2.023752937093377">
        <ele>19.8</ele>
      </trkpt>
      <trkpt lat="41.388241946697235" lon="2.0239799190312624">
        <ele>19.6</ele>
      </trkpt>
      <trkpt lat="41.38793692924082" lon="2.0242069847881794">
        <ele>19.4</ele>
      </trkpt>
      <trkpt lat="41.38762797228992" lon="2.024419968947768">
        <ele>17.6</ele>
      </trkpt>
      <trkpt lat="41.387318931519985" lon="2.0246339589357376">
        <ele>21.5</ele>
      </trkpt>
      <trkpt lat="41.387018943205476" lon="2.0248769503086805">
        <ele>22.7</ele>
      </trkpt>
      <trkpt lat="41.386718954890966" lon="2.025120947510004">
        <ele>18.2</ele>
      </trkpt>
      <trkpt lat="41.38667997904122" lon="2.0251829735934734">
        <ele>17.5</ele>
      </trkpt>
      <trkpt lat="41.38647093437612" lon="2.025360921397805">
        <ele>17.3</ele>
      </trkpt>
      <trkpt lat="41.386328944936395" lon="2.0254099555313587">
        <ele>17.8</ele>
      </trkpt>
      <trkpt lat="41.38625199906528" lon="2.0254579838365316">
        <ele>18.0</ele>
      </trkpt>
      <trkpt lat="41.38599995523691" lon="2.0256149768829346">
        <ele>17.8</ele>
      </trkpt>
      <trkpt lat="41.385898953303695" lon="2.0256829541176558">
        <ele>17.8</ele>
      </trkpt>
      <trkpt lat="41.38586391694844" lon="2.0257059205323458">
        <ele>17.9</ele>
      </trkpt>
      <trkpt lat="41.385747995227575" lon="2.0257979538291693">
        <ele>17.7</ele>
      </trkpt>
      <trkpt lat="41.385529981926084" lon="2.0259919948875904">
        <ele>15.1</ele>
      </trkpt>
      <trkpt lat="41.385297970846295" lon="2.026182934641838">
        <ele>13.0</ele>
      </trkpt>
      <trkpt lat="41.38512798584998" lon="2.0263129379600286">
        <ele>11.2</ele>
      </trkpt>
      <trkpt lat="41.384910978376865" lon="2.026468925178051">
        <ele>10.2</ele>
      </trkpt>
      <trkpt lat="41.38473495841026" lon="2.026587948203087">
        <ele>10.3</ele>
      </trkpt>
      <trkpt lat="41.38438392430544" lon="2.026817947626114">
        <ele>8.4</ele>
      </trkpt>
      <trkpt lat="41.38412894681096" lon="2.026968989521265">
        <ele>8.3</ele>
      </trkpt>
      <trkpt lat="41.38386298902333" lon="2.0271139964461327">
        <ele>12.3</ele>
      </trkpt>
      <trkpt lat="41.38364899903536" lon="2.0272209495306015">
        <ele>14.0</ele>
      </trkpt>
      <trkpt lat="41.38346099294722" lon="2.0273049362003803">
        <ele>14.4</ele>
      </trkpt>
      <trkpt lat="41.383298970758915" lon="2.0273749250918627">
        <ele>15.1</ele>
      </trkpt>
      <trkpt lat="41.38296294026077" lon="2.027482967823744">
        <ele>14.5</ele>
      </trkpt>
      <trkpt lat="41.38262799941003" lon="2.027591932564974">
        <ele>13.4</ele>
      </trkpt>
      <trkpt lat="41.382291968911886" lon="2.0277009811252356">
        <ele>15.2</ele>
      </trkpt>
      <trkpt lat="41.38201695866883" lon="2.027770970016718">
        <ele>17.4</ele>
      </trkpt>
      <trkpt lat="41.38174194842577" lon="2.0278409589082003">
        <ele>20.1</ele>
      </trkpt>
      <trkpt lat="41.381366942077875" lon="2.027942966669798">
        <ele>19.1</ele>
      </trkpt>
      <trkpt lat="41.38112294487655" lon="2.0280269533395767">
        <ele>17.9</ele>
      </trkpt>
      <trkpt lat="41.38087894767523" lon="2.028111945837736">
        <ele>16.5</ele>
      </trkpt>
      <trkpt lat="41.3810149859637" lon="2.0286679174751043">
        <ele>19.4</ele>
      </trkpt>
      <trkpt lat="41.38105396181345" lon="2.028827928006649">
        <ele>19.7</ele>
      </trkpt>
      <trkpt lat="41.381084974855185" lon="2.0289149321615696">
        <ele>20.0</ele>
      </trkpt>
      <trkpt lat="41.38109897263348" lon="2.028946951031685">
        <ele>20.1</ele>
      </trkpt>
      <trkpt lat="41.38111992739141" lon="2.0289709232747555">
        <ele>20.3</ele>
      </trkpt>
      <trkpt lat="41.38116594403982" lon="2.028986932709813">
        <ele>20.5</ele>
      </trkpt>
      <trkpt lat="41.38123199343681" lon="2.028986932709813">
        <ele>20.8</ele>
      </trkpt>
      <trkpt lat="41.38126694597304" lon="2.0289929676800966">
        <ele>20.9</ele>
      </trkpt>
      <trkpt lat="41.38129695318639" lon="2.0290229748934507">
        <ele>21.2</ele>
      </trkpt>
      <trkpt lat="41.38131598010659" lon="2.0290509704500437">
        <ele>21.4</ele>
      </trkpt>
      <trkpt lat="41.38133995234966" lon="2.0290869288146496">
        <ele>21.7</ele>
      </trkpt>
      <trkpt lat="41.38135495595634" lon="2.029115930199623">
        <ele>21.8</ele>
      </trkpt>
      <trkpt lat="41.38131991960108" lon="2.029140992090106">
        <ele>21.8</ele>
      </trkpt>
      <trkpt lat="41.381044993177056" lon="2.0293349493294954">
        <ele>21.4</ele>
      </trkpt>
      <trkpt lat="41.38101096265018" lon="2.029391946271062">
        <ele>21.5</ele>
      </trkpt>
      <trkpt lat="41.38098891824484" lon="2.0294509548693895">
        <ele>21.7</ele>
      </trkpt>
      <trkpt lat="41.38103292323649" lon="2.0294689759612083">
        <ele>21.9</ele>
      </trkpt>
      <trkpt lat="41.38111598789692" lon="2.029447937384248">
        <ele>22.0</ele>
      </trkpt>
      <trkpt lat="41.38116795569658" lon="2.0294079557061195">
        <ele>22.0</ele>
      </trkpt>
      <trkpt lat="41.38122797012329" lon="2.0293669681996107">
        <ele>22.0</ele>
      </trkpt>
      <trkpt lat="41.38132092542946" lon="2.0292889326810837">
        <ele>22.1</ele>
      </trkpt>
      <trkpt lat="41.38137993402779" lon="2.0292669720947742">
        <ele>22.1</ele>
      </trkpt>
      <trkpt lat="41.38141999952495" lon="2.0292839873582125">
        <ele>22.0</ele>
      </trkpt>
      <trkpt lat="41.381447995081544" lon="2.0293139945715666">
        <ele>21.9</ele>
      </trkpt>
      <trkpt lat="41.38146199285984" lon="2.0293469354510307">
        <ele>21.8</ele>
      </trkpt>
      <trkpt lat="41.381624937057495" lon="2.0298909209668636">
        <ele>18.1</ele>
      </trkpt>
      <trkpt lat="41.381643963977695" lon="2.0299539528787136">
        <ele>17.5</ele>
      </trkpt>
      <trkpt lat="41.381705990061164" lon="2.030146988108754">
        <ele>15.8</ele>
      </trkpt>
      <trkpt lat="41.381710935384035" lon="2.0301639195531607">
        <ele>15.7</ele>
      </trkpt>
      <trkpt lat="41.381662990897894" lon="2.030197950080037">
        <ele>15.5</ele>
      </trkpt>
      <trkpt lat="41.38161798007786" lon="2.030232986435294">
        <ele>15.3</ele>
      </trkpt>
      <trkpt lat="41.381558971479535" lon="2.0302749797701836">
        <ele>15.1</ele>
      </trkpt>
      <trkpt lat="41.38152896426618" lon="2.030314961448312">
        <ele>15.0</ele>
      </trkpt>
      <trkpt lat="41.38152192346752" lon="2.0303589664399624">
        <ele>14.8</ele>
      </trkpt>
      <trkpt lat="41.38151898980141" lon="2.030455945059657">
        <ele>14.4</ele>
      </trkpt>
      <trkpt lat="41.38155293650925" lon="2.0305009558796883">
        <ele>14.2</ele>
      </trkpt>
      <trkpt lat="41.38160699978471" lon="2.0306299533694983">
        <ele>13.9</ele>
      </trkpt>
      <trkpt lat="41.38178796507418" lon="2.0311679877340794">
        <ele>15.0</ele>
      </trkpt>
      <trkpt lat="41.381969936192036" lon="2.031704932451248">
        <ele>18.1</ele>
      </trkpt>
      <trkpt lat="41.382093988358974" lon="2.03209494240582">
        <ele>19.5</ele>
      </trkpt>
      <trkpt lat="41.38221795670688" lon="2.032483946532011">
        <ele>20.0</ele>
      </trkpt>
      <trkpt lat="41.38234293088317" lon="2.032872950658202">
        <ele>18.3</ele>
      </trkpt>
      <trkpt lat="41.38249992392957" lon="2.033365974202752">
        <ele>19.0</ele>
      </trkpt>
      <trkpt lat="41.38264593668282" lon="2.033848939463496">
        <ele>17.4</ele>
      </trkpt>
      <trkpt lat="41.38279094360769" lon="2.034331988543272">
        <ele>15.3</ele>
      </trkpt>
      <trkpt lat="41.382936956360936" lon="2.034814953804016">
        <ele>15.4</ele>
      </trkpt>
      <trkpt lat="41.383082969114184" lon="2.0352969970554113">
        <ele>17.0</ele>
      </trkpt>
      <trkpt lat="41.38322797603905" lon="2.0357799623161554">
        <ele>17.7</ele>
      </trkpt>
      <trkpt lat="41.3833739887923" lon="2.0362629275768995">
        <ele>18.4</ele>
      </trkpt>
      <trkpt lat="41.383445989340544" lon="2.036536931991577">
        <ele>19.5</ele>
      </trkpt>
      <trkpt lat="41.38347398489714" lon="2.0366059988737106">
        <ele>20.0</ele>
      </trkpt>
      <trkpt lat="41.3835069257766" lon="2.0366219244897366">
        <ele>20.0</ele>
      </trkpt>
      <trkpt lat="41.3835309818387" lon="2.036632988601923">
        <ele>20.0</ele>
      </trkpt>
      <trkpt lat="41.383642964065075" lon="2.036827951669693">
        <ele>20.4</ele>
      </trkpt>
      <trkpt lat="41.383665930479765" lon="2.0368669275194407">
        <ele>20.3</ele>
      </trkpt>
      <trkpt lat="41.38371194712818" lon="2.0370089169591665">
        <ele>20.2</ele>
      </trkpt>
      <trkpt lat="41.383837927132845" lon="2.0373949874192476">
        <ele>20.5</ele>
      </trkpt>
      <trkpt lat="41.38393599539995" lon="2.0378509629517794">
        <ele>24.5</ele>
      </trkpt>
      <trkpt lat="41.38393297791481" lon="2.0380709879100323">
        <ele>25.1</ele>
      </trkpt>
      <trkpt lat="41.383925937116146" lon="2.0381279848515987">
        <ele>25.0</ele>
      </trkpt>
      <trkpt lat="41.38387195765972" lon="2.0385489240288734">
        <ele>23.0</ele>
      </trkpt>
      <trkpt lat="41.38380791991949" lon="2.0389659237116575">
        <ele>23.8</ele>
      </trkpt>
      <trkpt lat="41.38382895849645" lon="2.0391039736568928">
        <ele>24.6</ele>
      </trkpt>
      <trkpt lat="41.38384195044637" lon="2.0391369983553886">
        <ele>24.8</ele>
      </trkpt>
      <trkpt lat="41.38385494239628" lon="2.039173962548375">
        <ele>25.0</ele>
      </trkpt>
      <trkpt lat="41.383832981809974" lon="2.039188966155052">
        <ele>25.0</ele>
      </trkpt>
      <trkpt lat="41.38367598876357" lon="2.0393199753016233">
        <ele>25.4</ele>
      </trkpt>
      <trkpt lat="41.383666936308146" lon="2.0393269322812557">
        <ele>25.4</ele>
      </trkpt>
      <trkpt lat="41.38371194712818" lon="2.0395469572395086">
        <ele>26.3</ele>
      </trkpt>
      <trkpt lat="41.383772967383265" lon="2.0399799663573503">
        <ele>27.5</ele>
      </trkpt>
      <trkpt lat="41.383833987638354" lon="2.040412975475192">
        <ele>30.7</ele>
      </trkpt>
      <trkpt lat="41.38384496793151" lon="2.0406159851700068">
        <ele>32.7</ele>
      </trkpt>
      <trkpt lat="41.38389098457992" lon="2.0405469182878733">
        <ele>31.9</ele>
      </trkpt>
      <trkpt lat="41.38389391824603" lon="2.0405899174511433">
        <ele>32.3</ele>
      </trkpt>
      <trkpt lat="41.38388796709478" lon="2.040650937706232">
        <ele>32.8</ele>
      </trkpt>
      <trkpt lat="41.3838919904083" lon="2.0407299790531397">
        <ele>33.4</ele>
      </trkpt>
      <trkpt lat="41.38390892185271" lon="2.040825951844454">
        <ele>33.9</ele>
      </trkpt>
      <trkpt lat="41.38394798152149" lon="2.0410419534891844">
        <ele>34.2</ele>
      </trkpt>
      <trkpt lat="41.384006990119815" lon="2.041287962347269">
        <ele>33.8</ele>
      </trkpt>
      <trkpt lat="41.38402392156422" lon="2.041376978158951">
        <ele>33.5</ele>
      </trkpt>
      <trkpt lat="41.384030962362885" lon="2.0413849409669638">
        <ele>33.5</ele>
      </trkpt>
      <trkpt lat="41.3840579520911" lon="2.0413979329168797">
        <ele>33.6</ele>
      </trkpt>
      <trkpt lat="41.38406993821263" lon="2.0414309576153755">
        <ele>33.5</ele>
      </trkpt>
      <trkpt lat="41.384092988446355" lon="2.041505975648761">
        <ele>33.3</ele>
      </trkpt>
      <trkpt lat="41.384073961526155" lon="2.041522990912199">
        <ele>33.1</ele>
      </trkpt>
      <trkpt lat="41.384054934605956" lon="2.041540928184986">
        <ele>33.0</ele>
      </trkpt>
      <trkpt lat="41.38410991989076" lon="2.041887938976288">
        <ele>33.7</ele>
      </trkpt>
      <trkpt lat="41.3841269351542" lon="2.041881987825036">
        <ele>33.7</ele>
      </trkpt>
      <trkpt lat="41.38423296622932" lon="2.0424069464206696">
        <ele>35.6</ele>
      </trkpt>
      <trkpt lat="41.384244952350855" lon="2.042468972504139">
        <ele>35.8</ele>
      </trkpt>
      <trkpt lat="41.38431393541396" lon="2.0428159832954407">
        <ele>36.1</ele>
      </trkpt>
      <trkpt lat="41.384263979271054" lon="2.0428349263966084">
        <ele>36.1</ele>
      </trkpt>
      <trkpt lat="41.3841959182173" lon="2.0428619999438524">
        <ele>36.1</ele>
      </trkpt>
      <trkpt lat="41.38420899398625" lon="2.042921930551529">
        <ele>36.1</ele>
      </trkpt>
      <trkpt lat="41.38433698564768" lon="2.043492989614606">
        <ele>35.9</ele>
      </trkpt>
      <trkpt lat="41.384458942338824" lon="2.0437059737741947">
        <ele>36.3</ele>
      </trkpt>
      <trkpt lat="41.3846779614687" lon="2.044091960415244">
        <ele>38.6</ele>
      </trkpt>
      <trkpt lat="41.38489798642695" lon="2.044476941227913">
        <ele>40.0</ele>
      </trkpt>
      <trkpt lat="41.385098984465" lon="2.044716998934746">
        <ele>39.4</ele>
      </trkpt>
      <trkpt lat="41.38529998250306" lon="2.0449579786509275">
        <ele>38.8</ele>
      </trkpt>
      <trkpt lat="41.385278943926096" lon="2.044981950893998">
        <ele>39.0</ele>
      </trkpt>
      <trkpt lat="41.385228987783194" lon="2.045039953663945">
        <ele>39.2</ele>
      </trkpt>
      <trkpt lat="41.38518297113478" lon="2.0451079308986664">
        <ele>39.3</ele>
      </trkpt>
      <trkpt lat="41.38513293117285" lon="2.0451529417186975">
        <ele>39.4</ele>
      </trkpt>
      <trkpt lat="41.385083980858326" lon="2.0452309772372246">
        <ele>39.3</ele>
      </trkpt>
      <trkpt lat="41.38481299392879" lon="2.045568935573101">
        <ele>35.9</ele>
      </trkpt>
      <trkpt lat="41.38454091735184" lon="2.0459069777280092">
        <ele>36.0</ele>
      </trkpt>
      <trkpt lat="41.384268924593925" lon="2.0462449360638857">
        <ele>40.2</ele>
      </trkpt>
      <trkpt lat="41.38425794430077" lon="2.0462599396705627">
        <ele>40.3</ele>
      </trkpt>
      <trkpt lat="41.384286945685744" lon="2.0463029388338327">
        <ele>41.1</ele>
      </trkpt>
      <trkpt lat="41.384311923757195" lon="2.046342920511961">
        <ele>41.5</ele>
      </trkpt>
      <trkpt lat="41.38437093235552" lon="2.0464329421520233">
        <ele>43.1</ele>
      </trkpt>
      <trkpt lat="41.384392976760864" lon="2.0464649610221386">
        <ele>43.5</ele>
      </trkpt>
      <trkpt lat="41.38440295122564" lon="2.0464799646288157">
        <ele>43.7</ele>
      </trkpt>
      <trkpt lat="41.384415943175554" lon="2.0464979857206345">
        <ele>43.9</ele>
      </trkpt>
      <trkpt lat="41.38435794040561" lon="2.0465489476919174">
        <ele>43.9</ele>
      </trkpt>
      <trkpt lat="41.384330950677395" lon="2.0465819723904133">
        <ele>43.9</ele>
      </trkpt>
      <trkpt lat="41.38432298786938" lon="2.0466199424117804">
        <ele>44.1</ele>
      </trkpt>
      <trkpt lat="41.38424998149276" lon="2.046715999022126">
        <ele>44.0</ele>
      </trkpt>
      <trkpt lat="41.384263979271054" lon="2.0467409770935774">
        <ele>44.2</ele>
      </trkpt>
    </trkseg>
  </trk>
</gpx>
