<?xml version="1.0" encoding="UTF-8" standalone="yes"?>
<gpx version="1.1" creator="outdooractive - http://www.outdooractive.com" xmlns="http://www.topografix.com/GPX/1/1" xmlns:oa="http://www.outdooractive.com/GPX/Extensions/1" xmlns:xsi="http://www.w3.org/2001/XMLSchema-instance" xsi:schemaLocation="http://www.topografix.com/GPX/1/1 http://www.topografix.com/GPX/1/1/gpx.xsd http://www.outdooractive.com/GPX/Extensions/1 https://www.outdooractive.com/schema/gpx_extensions.xsd">
  <metadata>
    <name>GR92 E30 L&apos;Ampolla–Amposta</name>
    <author>
      <name>Jari Tossavainen - Community</name>
    </author>
    <link href="https://www.outdooractive.com/r/353457797"/>
    <time>2026-09-21T12:00:11.031Z</time>
    <extensions>
      <oa:oaCategory>longDistanceHikingTrail</oa:oaCategory>
    </extensions>
  </metadata>
  <trk>
    <name>GR92 E30 L&apos;Ampolla–Amposta</name>
    <type>longDistanceHikingTrail</type>
    <trkseg>
      <trkpt lat="40.81199" lon="0.708108">
        <ele>9.4</ele>
        <name>L&apos;Ampolla - Perelló - Deltebre, l&apos;Ampolla, Baix Ebre</name>
        <extensions>
          <oa:Extension>
            <oa:mapZoom>18</oa:mapZoom>
          </oa:Extension>
        </extensions>
      </trkpt>
      <trkpt lat="40.811886" lon="0.707941">
        <ele>9.2</ele>
      </trkpt>
      <trkpt lat="40.811821" lon="0.707944">
        <ele>8.8</ele>
      </trkpt>
      <trkpt lat="40.811712" lon="0.707761">
        <ele>3.5</ele>
      </trkpt>
      <trkpt lat="40.81158" lon="0.707997">
        <ele>3.4</ele>
      </trkpt>
      <trkpt lat="40.811561" lon="0.708022">
        <ele>2.8</ele>
      </trkpt>
      <trkpt lat="40.811699" lon="0.708225">
        <ele>7.7</ele>
      </trkpt>
      <trkpt lat="40.811834" lon="0.708448">
        <ele>7.5</ele>
      </trkpt>
      <trkpt lat="40.811548" lon="0.708754">
        <ele>5.1</ele>
      </trkpt>
      <trkpt lat="40.811529" lon="0.708728">
        <ele>5.0</ele>
        <name>Carrer de Marcel Miralles, l&apos;Ampolla, Baix Ebre</name>
        <extensions>
          <oa:Extension>
            <oa:mapZoom>18</oa:mapZoom>
          </oa:Extension>
        </extensions>
      </trkpt>
      <trkpt lat="40.811247" lon="0.708343">
        <ele>2.9</ele>
      </trkpt>
      <trkpt lat="40.811233" lon="0.708325">
        <ele>2.9</ele>
      </trkpt>
      <trkpt lat="40.811213" lon="0.708285">
        <ele>2.8</ele>
      </trkpt>
      <trkpt lat="40.811207" lon="0.708243">
        <ele>2.8</ele>
      </trkpt>
      <trkpt lat="40.811176" lon="0.708234">
        <ele>2.8</ele>
      </trkpt>
      <trkpt lat="40.811131" lon="0.708236">
        <ele>2.7</ele>
      </trkpt>
      <trkpt lat="40.811098" lon="0.708241">
        <ele>2.6</ele>
      </trkpt>
      <trkpt lat="40.811045" lon="0.708259">
        <ele>2.5</ele>
      </trkpt>
      <trkpt lat="40.811035" lon="0.708269">
        <ele>2.4</ele>
      </trkpt>
      <trkpt lat="40.811025" lon="0.708276">
        <ele>2.4</ele>
      </trkpt>
      <trkpt lat="40.811014" lon="0.708282">
        <ele>2.3</ele>
      </trkpt>
      <trkpt lat="40.810997" lon="0.708287">
        <ele>2.3</ele>
      </trkpt>
      <trkpt lat="40.810978" lon="0.708288">
        <ele>2.3</ele>
      </trkpt>
      <trkpt lat="40.810961" lon="0.708283">
        <ele>2.3</ele>
      </trkpt>
      <trkpt lat="40.810944" lon="0.708273">
        <ele>2.3</ele>
      </trkpt>
      <trkpt lat="40.810929" lon="0.70826">
        <ele>2.3</ele>
      </trkpt>
      <trkpt lat="40.810917" lon="0.708242">
        <ele>2.3</ele>
      </trkpt>
      <trkpt lat="40.810908" lon="0.708222">
        <ele>2.3</ele>
      </trkpt>
      <trkpt lat="40.810838" lon="0.708295">
        <ele>2.0</ele>
      </trkpt>
      <trkpt lat="40.810829" lon="0.708211">
        <ele>2.1</ele>
      </trkpt>
      <trkpt lat="40.810815" lon="0.708119">
        <ele>2.3</ele>
      </trkpt>
      <trkpt lat="40.810763" lon="0.707996">
        <ele>2.5</ele>
      </trkpt>
      <trkpt lat="40.810742" lon="0.707911">
        <ele>3.1</ele>
      </trkpt>
      <trkpt lat="40.810679" lon="0.707793">
        <ele>3.8</ele>
        <name>Ronda del Mar, l&apos;Ampolla, Baix Ebre</name>
        <extensions>
          <oa:Extension>
            <oa:mapZoom>18</oa:mapZoom>
          </oa:Extension>
        </extensions>
      </trkpt>
      <trkpt lat="40.810602" lon="0.707651">
        <ele>4.5</ele>
      </trkpt>
      <trkpt lat="40.810461" lon="0.707392">
        <ele>4.4</ele>
      </trkpt>
      <trkpt lat="40.810342" lon="0.707164">
        <ele>4.6</ele>
      </trkpt>
      <trkpt lat="40.810231" lon="0.706926">
        <ele>4.7</ele>
      </trkpt>
      <trkpt lat="40.810209" lon="0.706591">
        <ele>4.8</ele>
      </trkpt>
      <trkpt lat="40.810194" lon="0.706538">
        <ele>4.9</ele>
      </trkpt>
      <trkpt lat="40.810162" lon="0.706495">
        <ele>4.6</ele>
      </trkpt>
      <trkpt lat="40.810137" lon="0.706467">
        <ele>4.7</ele>
      </trkpt>
      <trkpt lat="40.810041" lon="0.706358">
        <ele>4.7</ele>
      </trkpt>
      <trkpt lat="40.810025" lon="0.706341">
        <ele>4.8</ele>
      </trkpt>
      <trkpt lat="40.809959" lon="0.706278">
        <ele>5.1</ele>
      </trkpt>
      <trkpt lat="40.809957" lon="0.706277">
        <ele>5.1</ele>
        <name>Ronda del Mar, l&apos;Ampolla, Baix Ebre</name>
        <extensions>
          <oa:Extension>
            <oa:mapZoom>16</oa:mapZoom>
          </oa:Extension>
        </extensions>
      </trkpt>
      <trkpt lat="40.809847" lon="0.706175">
        <ele>5.3</ele>
      </trkpt>
      <trkpt lat="40.809604" lon="0.705982">
        <ele>7.4</ele>
      </trkpt>
      <trkpt lat="40.809353" lon="0.705823">
        <ele>7.3</ele>
      </trkpt>
      <trkpt lat="40.809229" lon="0.705769">
        <ele>7.0</ele>
      </trkpt>
      <trkpt lat="40.809154" lon="0.705744">
        <ele>6.7</ele>
      </trkpt>
      <trkpt lat="40.808969" lon="0.705601">
        <ele>5.4</ele>
      </trkpt>
      <trkpt lat="40.808777" lon="0.705487">
        <ele>4.9</ele>
      </trkpt>
      <trkpt lat="40.808732" lon="0.705491">
        <ele>4.8</ele>
      </trkpt>
      <trkpt lat="40.808701" lon="0.705466">
        <ele>4.8</ele>
      </trkpt>
      <trkpt lat="40.808613" lon="0.705365">
        <ele>4.7</ele>
      </trkpt>
      <trkpt lat="40.808596" lon="0.705343">
        <ele>4.6</ele>
      </trkpt>
      <trkpt lat="40.808565" lon="0.705249">
        <ele>4.5</ele>
      </trkpt>
      <trkpt lat="40.808564" lon="0.705237">
        <ele>4.5</ele>
      </trkpt>
      <trkpt lat="40.808553" lon="0.705155">
        <ele>4.0</ele>
      </trkpt>
      <trkpt lat="40.808535" lon="0.705107">
        <ele>4.0</ele>
      </trkpt>
      <trkpt lat="40.808488" lon="0.705006">
        <ele>4.3</ele>
      </trkpt>
      <trkpt lat="40.808461" lon="0.704955">
        <ele>4.4</ele>
      </trkpt>
      <trkpt lat="40.808363" lon="0.7049">
        <ele>4.5</ele>
      </trkpt>
      <trkpt lat="40.808191" lon="0.704835">
        <ele>5.2</ele>
      </trkpt>
      <trkpt lat="40.808175" lon="0.704817">
        <ele>5.4</ele>
      </trkpt>
      <trkpt lat="40.808141" lon="0.704822">
        <ele>5.6</ele>
      </trkpt>
      <trkpt lat="40.80801" lon="0.704836">
        <ele>6.5</ele>
      </trkpt>
      <trkpt lat="40.807984" lon="0.704837">
        <ele>6.6</ele>
      </trkpt>
      <trkpt lat="40.807757" lon="0.704845">
        <ele>7.1</ele>
      </trkpt>
      <trkpt lat="40.807709" lon="0.704839">
        <ele>7.2</ele>
      </trkpt>
      <trkpt lat="40.807625" lon="0.70481">
        <ele>7.1</ele>
      </trkpt>
      <trkpt lat="40.807583" lon="0.704784">
        <ele>7.1</ele>
      </trkpt>
      <trkpt lat="40.807565" lon="0.704773">
        <ele>7.1</ele>
      </trkpt>
      <trkpt lat="40.807461" lon="0.704665">
        <ele>7.0</ele>
      </trkpt>
      <trkpt lat="40.807303" lon="0.7045">
        <ele>7.1</ele>
      </trkpt>
      <trkpt lat="40.807239" lon="0.704426">
        <ele>6.8</ele>
      </trkpt>
      <trkpt lat="40.807184" lon="0.704339">
        <ele>6.3</ele>
      </trkpt>
      <trkpt lat="40.807094" lon="0.70417">
        <ele>5.5</ele>
      </trkpt>
      <trkpt lat="40.807012" lon="0.703987">
        <ele>5.0</ele>
      </trkpt>
      <trkpt lat="40.806975" lon="0.703849">
        <ele>4.8</ele>
      </trkpt>
      <trkpt lat="40.806923" lon="0.703685">
        <ele>4.2</ele>
      </trkpt>
      <trkpt lat="40.806734" lon="0.703346">
        <ele>3.0</ele>
      </trkpt>
      <trkpt lat="40.806608" lon="0.703096">
        <ele>2.1</ele>
      </trkpt>
      <trkpt lat="40.806564" lon="0.703005">
        <ele>2.0</ele>
      </trkpt>
      <trkpt lat="40.806526" lon="0.702924">
        <ele>1.9</ele>
      </trkpt>
      <trkpt lat="40.80631" lon="0.702536">
        <ele>1.4</ele>
      </trkpt>
      <trkpt lat="40.806277" lon="0.702477">
        <ele>1.5</ele>
      </trkpt>
      <trkpt lat="40.806254" lon="0.702436">
        <ele>1.5</ele>
      </trkpt>
      <trkpt lat="40.806245" lon="0.702421">
        <ele>1.5</ele>
      </trkpt>
      <trkpt lat="40.806123" lon="0.702206">
        <ele>1.7</ele>
        <name>Passeig de l&apos;Arenal, l&apos;Ampolla, Baix Ebre</name>
        <extensions>
          <oa:Extension>
            <oa:mapZoom>18</oa:mapZoom>
          </oa:Extension>
        </extensions>
      </trkpt>
      <trkpt lat="40.80605" lon="0.702077">
        <ele>1.9</ele>
      </trkpt>
      <trkpt lat="40.805865" lon="0.701734">
        <ele>2.1</ele>
      </trkpt>
      <trkpt lat="40.805613" lon="0.701916">
        <ele>1.7</ele>
      </trkpt>
      <trkpt lat="40.805598" lon="0.701907">
        <ele>1.8</ele>
        <name>l&apos;Ampolla, Baix Ebre</name>
        <extensions>
          <oa:Extension>
            <oa:mapZoom>18</oa:mapZoom>
          </oa:Extension>
        </extensions>
      </trkpt>
      <trkpt lat="40.805536" lon="0.701871">
        <ele>2.0</ele>
      </trkpt>
      <trkpt lat="40.805274" lon="0.701726">
        <ele>2.1</ele>
      </trkpt>
      <trkpt lat="40.805208" lon="0.701628">
        <ele>2.0</ele>
        <name>l&apos;Ampolla, Baix Ebre</name>
        <extensions>
          <oa:Extension>
            <oa:mapZoom>18</oa:mapZoom>
          </oa:Extension>
        </extensions>
      </trkpt>
      <trkpt lat="40.805133" lon="0.701517">
        <ele>2.0</ele>
      </trkpt>
      <trkpt lat="40.805088" lon="0.701417">
        <ele>2.0</ele>
      </trkpt>
      <trkpt lat="40.805005" lon="0.701234">
        <ele>2.0</ele>
      </trkpt>
      <trkpt lat="40.804984" lon="0.701203">
        <ele>2.0</ele>
      </trkpt>
      <trkpt lat="40.804743" lon="0.700832">
        <ele>2.0</ele>
      </trkpt>
      <trkpt lat="40.80474" lon="0.700829">
        <ele>2.0</ele>
        <name>l&apos;Ampolla, Baix Ebre</name>
        <extensions>
          <oa:Extension>
            <oa:mapZoom>18</oa:mapZoom>
          </oa:Extension>
        </extensions>
      </trkpt>
      <trkpt lat="40.80457" lon="0.700625">
        <ele>2.0</ele>
      </trkpt>
      <trkpt lat="40.804396" lon="0.700418">
        <ele>2.0</ele>
      </trkpt>
      <trkpt lat="40.804207" lon="0.700251">
        <ele>2.0</ele>
      </trkpt>
      <trkpt lat="40.804018" lon="0.700084">
        <ele>2.0</ele>
      </trkpt>
      <trkpt lat="40.80401" lon="0.70008">
        <ele>2.0</ele>
        <name>l&apos;Ampolla, Baix Ebre</name>
        <extensions>
          <oa:Extension>
            <oa:mapZoom>18</oa:mapZoom>
          </oa:Extension>
        </extensions>
      </trkpt>
      <trkpt lat="40.803673" lon="0.699903">
        <ele>2.0</ele>
      </trkpt>
      <trkpt lat="40.803561" lon="0.699873">
        <ele>2.0</ele>
      </trkpt>
      <trkpt lat="40.803218" lon="0.69978">
        <ele>2.1</ele>
      </trkpt>
      <trkpt lat="40.80308" lon="0.699771">
        <ele>2.0</ele>
      </trkpt>
      <trkpt lat="40.802758" lon="0.699748">
        <ele>2.1</ele>
      </trkpt>
      <trkpt lat="40.80261" lon="0.699738">
        <ele>2.0</ele>
        <name>l&apos;Ampolla, Baix Ebre</name>
        <extensions>
          <oa:Extension>
            <oa:mapZoom>18</oa:mapZoom>
          </oa:Extension>
        </extensions>
      </trkpt>
      <trkpt lat="40.802528" lon="0.699733">
        <ele>2.0</ele>
      </trkpt>
      <trkpt lat="40.802298" lon="0.699717">
        <ele>2.1</ele>
      </trkpt>
      <trkpt lat="40.802168" lon="0.699658">
        <ele>2.1</ele>
      </trkpt>
      <trkpt lat="40.802077" lon="0.699687">
        <ele>2.1</ele>
      </trkpt>
      <trkpt lat="40.801871" lon="0.699652">
        <ele>2.1</ele>
      </trkpt>
      <trkpt lat="40.801487" lon="0.699527">
        <ele>1.9</ele>
      </trkpt>
      <trkpt lat="40.801379" lon="0.699486">
        <ele>1.9</ele>
      </trkpt>
      <trkpt lat="40.801339" lon="0.699478">
        <ele>1.8</ele>
        <name>Passeig de l&apos;Arenal, l&apos;Ampolla, Baix Ebre</name>
        <extensions>
          <oa:Extension>
            <oa:mapZoom>18</oa:mapZoom>
          </oa:Extension>
        </extensions>
      </trkpt>
      <trkpt lat="40.801304" lon="0.699471">
        <ele>1.8</ele>
      </trkpt>
      <trkpt lat="40.801232" lon="0.69947">
        <ele>1.8</ele>
      </trkpt>
      <trkpt lat="40.801093" lon="0.699497">
        <ele>1.7</ele>
      </trkpt>
      <trkpt lat="40.801047" lon="0.699488">
        <ele>1.7</ele>
      </trkpt>
      <trkpt lat="40.800952" lon="0.699448">
        <ele>1.7</ele>
      </trkpt>
      <trkpt lat="40.800859" lon="0.699425">
        <ele>1.6</ele>
      </trkpt>
      <trkpt lat="40.800776" lon="0.699424">
        <ele>1.5</ele>
      </trkpt>
      <trkpt lat="40.800708" lon="0.699439">
        <ele>1.5</ele>
      </trkpt>
      <trkpt lat="40.800326" lon="0.699597">
        <ele>1.8</ele>
      </trkpt>
      <trkpt lat="40.799944" lon="0.699755">
        <ele>2.0</ele>
      </trkpt>
      <trkpt lat="40.799562" lon="0.699913">
        <ele>2.0</ele>
      </trkpt>
      <trkpt lat="40.799179" lon="0.700071">
        <ele>2.0</ele>
      </trkpt>
      <trkpt lat="40.798797" lon="0.700229">
        <ele>2.0</ele>
      </trkpt>
      <trkpt lat="40.798479" lon="0.70036">
        <ele>1.8</ele>
        <name>Carretera de l&apos;Arenal, l&apos;Ampolla, Baix Ebre</name>
        <extensions>
          <oa:Extension>
            <oa:mapZoom>18</oa:mapZoom>
          </oa:Extension>
        </extensions>
      </trkpt>
      <trkpt lat="40.798415" lon="0.700387">
        <ele>1.7</ele>
      </trkpt>
      <trkpt lat="40.798032" lon="0.700544">
        <ele>1.1</ele>
      </trkpt>
      <trkpt lat="40.79792" lon="0.7006">
        <ele>1.1</ele>
      </trkpt>
      <trkpt lat="40.797866" lon="0.700638">
        <ele>1.1</ele>
      </trkpt>
      <trkpt lat="40.797776" lon="0.700653">
        <ele>1.1</ele>
      </trkpt>
      <trkpt lat="40.797668" lon="0.700672">
        <ele>1.1</ele>
      </trkpt>
      <trkpt lat="40.797564" lon="0.700675">
        <ele>1.3</ele>
      </trkpt>
      <trkpt lat="40.797255" lon="0.700867">
        <ele>1.0</ele>
      </trkpt>
      <trkpt lat="40.796947" lon="0.701058">
        <ele>1.2</ele>
      </trkpt>
      <trkpt lat="40.796546" lon="0.701298">
        <ele>1.3</ele>
      </trkpt>
      <trkpt lat="40.796146" lon="0.701539">
        <ele>1.0</ele>
      </trkpt>
      <trkpt lat="40.795745" lon="0.701779">
        <ele>1.0</ele>
      </trkpt>
      <trkpt lat="40.795344" lon="0.702019">
        <ele>0.6</ele>
      </trkpt>
      <trkpt lat="40.795028" lon="0.702209">
        <ele>0.7</ele>
        <name>Parc Natural del Delta de l&apos;Ebre (Ebro Delta Natural Park), l&apos;Ampolla, Baix Ebre</name>
        <extensions>
          <oa:Extension>
            <oa:mapZoom>16</oa:mapZoom>
          </oa:Extension>
        </extensions>
      </trkpt>
      <trkpt lat="40.794943" lon="0.70226">
        <ele>0.8</ele>
      </trkpt>
      <trkpt lat="40.794543" lon="0.7025">
        <ele>0.8</ele>
      </trkpt>
      <trkpt lat="40.794142" lon="0.70274">
        <ele>0.6</ele>
      </trkpt>
      <trkpt lat="40.793741" lon="0.702981">
        <ele>0.7</ele>
      </trkpt>
      <trkpt lat="40.79334" lon="0.703221">
        <ele>0.7</ele>
      </trkpt>
      <trkpt lat="40.792939" lon="0.703461">
        <ele>0.7</ele>
      </trkpt>
      <trkpt lat="40.792539" lon="0.703702">
        <ele>0.7</ele>
      </trkpt>
      <trkpt lat="40.792271" lon="0.703839">
        <ele>0.7</ele>
      </trkpt>
      <trkpt lat="40.792118" lon="0.703927">
        <ele>0.8</ele>
      </trkpt>
      <trkpt lat="40.792048" lon="0.703972">
        <ele>0.8</ele>
      </trkpt>
      <trkpt lat="40.791994" lon="0.703948">
        <ele>0.9</ele>
      </trkpt>
      <trkpt lat="40.791928" lon="0.703987">
        <ele>0.9</ele>
      </trkpt>
      <trkpt lat="40.791887" lon="0.704011">
        <ele>0.8</ele>
      </trkpt>
      <trkpt lat="40.791798" lon="0.704122">
        <ele>0.9</ele>
      </trkpt>
      <trkpt lat="40.791742" lon="0.704175">
        <ele>0.9</ele>
      </trkpt>
      <trkpt lat="40.791616" lon="0.704228">
        <ele>0.8</ele>
      </trkpt>
      <trkpt lat="40.791443" lon="0.704333">
        <ele>0.7</ele>
      </trkpt>
      <trkpt lat="40.791093" lon="0.704543">
        <ele>0.7</ele>
      </trkpt>
      <trkpt lat="40.790743" lon="0.704754">
        <ele>0.7</ele>
      </trkpt>
      <trkpt lat="40.790527" lon="0.704813">
        <ele>0.9</ele>
      </trkpt>
      <trkpt lat="40.790446" lon="0.704653">
        <ele>1.0</ele>
      </trkpt>
      <trkpt lat="40.790393" lon="0.704553">
        <ele>1.0</ele>
      </trkpt>
      <trkpt lat="40.790147" lon="0.70423">
        <ele>0.9</ele>
      </trkpt>
      <trkpt lat="40.789901" lon="0.703907">
        <ele>0.6</ele>
      </trkpt>
      <trkpt lat="40.789643" lon="0.703586">
        <ele>0.7</ele>
      </trkpt>
      <trkpt lat="40.789385" lon="0.703264">
        <ele>0.8</ele>
      </trkpt>
      <trkpt lat="40.789351" lon="0.703223">
        <ele>0.8</ele>
      </trkpt>
      <trkpt lat="40.789305" lon="0.703187">
        <ele>0.9</ele>
      </trkpt>
      <trkpt lat="40.788926" lon="0.70299">
        <ele>0.7</ele>
      </trkpt>
      <trkpt lat="40.788546" lon="0.702794">
        <ele>0.9</ele>
      </trkpt>
      <trkpt lat="40.788166" lon="0.702597">
        <ele>0.6</ele>
      </trkpt>
      <trkpt lat="40.787786" lon="0.7024">
        <ele>0.7</ele>
      </trkpt>
      <trkpt lat="40.78745" lon="0.702218">
        <ele>0.5</ele>
      </trkpt>
      <trkpt lat="40.787114" lon="0.702036">
        <ele>0.7</ele>
      </trkpt>
      <trkpt lat="40.786823" lon="0.701859">
        <ele>0.7</ele>
      </trkpt>
      <trkpt lat="40.786533" lon="0.701683">
        <ele>0.5</ele>
      </trkpt>
      <trkpt lat="40.786223" lon="0.701834">
        <ele>0.8</ele>
      </trkpt>
      <trkpt lat="40.785913" lon="0.701985">
        <ele>0.8</ele>
      </trkpt>
      <trkpt lat="40.785604" lon="0.702137">
        <ele>1.0</ele>
      </trkpt>
      <trkpt lat="40.785452" lon="0.702206">
        <ele>0.9</ele>
      </trkpt>
      <trkpt lat="40.785417" lon="0.70222">
        <ele>1.0</ele>
      </trkpt>
      <trkpt lat="40.785264" lon="0.702604">
        <ele>1.0</ele>
      </trkpt>
      <trkpt lat="40.785097" lon="0.702748">
        <ele>1.5</ele>
      </trkpt>
      <trkpt lat="40.785079" lon="0.702757">
        <ele>1.3</ele>
      </trkpt>
      <trkpt lat="40.78506" lon="0.702758">
        <ele>1.2</ele>
      </trkpt>
      <trkpt lat="40.784953" lon="0.702695">
        <ele>0.9</ele>
      </trkpt>
      <trkpt lat="40.784879" lon="0.702698">
        <ele>0.9</ele>
      </trkpt>
      <trkpt lat="40.784691" lon="0.702851">
        <ele>1.0</ele>
      </trkpt>
      <trkpt lat="40.784413" lon="0.703255">
        <ele>0.8</ele>
      </trkpt>
      <trkpt lat="40.784135" lon="0.703659">
        <ele>0.7</ele>
      </trkpt>
      <trkpt lat="40.783905" lon="0.704066">
        <ele>0.7</ele>
      </trkpt>
      <trkpt lat="40.783675" lon="0.704473">
        <ele>0.8</ele>
      </trkpt>
      <trkpt lat="40.783618" lon="0.704938">
        <ele>0.7</ele>
      </trkpt>
      <trkpt lat="40.78356" lon="0.705403">
        <ele>1.1</ele>
      </trkpt>
      <trkpt lat="40.783502" lon="0.705868">
        <ele>0.8</ele>
      </trkpt>
      <trkpt lat="40.783494" lon="0.705981">
        <ele>0.6</ele>
      </trkpt>
      <trkpt lat="40.783489" lon="0.706151">
        <ele>0.8</ele>
      </trkpt>
      <trkpt lat="40.78349" lon="0.70617">
        <ele>0.9</ele>
      </trkpt>
      <trkpt lat="40.783473" lon="0.706277">
        <ele>1.0</ele>
      </trkpt>
      <trkpt lat="40.783487" lon="0.706291">
        <ele>1.1</ele>
      </trkpt>
      <trkpt lat="40.783479" lon="0.706299">
        <ele>1.0</ele>
      </trkpt>
      <trkpt lat="40.783416" lon="0.706413">
        <ele>0.6</ele>
      </trkpt>
      <trkpt lat="40.783403" lon="0.706436">
        <ele>0.9</ele>
      </trkpt>
      <trkpt lat="40.783422" lon="0.706455">
        <ele>0.8</ele>
      </trkpt>
      <trkpt lat="40.783424" lon="0.706495">
        <ele>0.7</ele>
      </trkpt>
      <trkpt lat="40.783478" lon="0.706536">
        <ele>0.5</ele>
      </trkpt>
      <trkpt lat="40.783761" lon="0.706859">
        <ele>0.7</ele>
      </trkpt>
      <trkpt lat="40.784043" lon="0.707183">
        <ele>0.6</ele>
      </trkpt>
      <trkpt lat="40.784326" lon="0.707506">
        <ele>0.7</ele>
      </trkpt>
      <trkpt lat="40.784609" lon="0.70783">
        <ele>0.9</ele>
      </trkpt>
      <trkpt lat="40.784811" lon="0.708064">
        <ele>0.8</ele>
      </trkpt>
      <trkpt lat="40.785013" lon="0.708297">
        <ele>0.9</ele>
      </trkpt>
      <trkpt lat="40.78524" lon="0.708557">
        <ele>1.2</ele>
      </trkpt>
      <trkpt lat="40.785345" lon="0.708782">
        <ele>1.5</ele>
      </trkpt>
      <trkpt lat="40.78549" lon="0.708963">
        <ele>1.1</ele>
      </trkpt>
      <trkpt lat="40.785499" lon="0.709061">
        <ele>0.9</ele>
      </trkpt>
      <trkpt lat="40.785567" lon="0.709144">
        <ele>0.8</ele>
      </trkpt>
      <trkpt lat="40.785623" lon="0.709232">
        <ele>1.1</ele>
      </trkpt>
      <trkpt lat="40.785655" lon="0.709311">
        <ele>1.0</ele>
      </trkpt>
      <trkpt lat="40.7857" lon="0.709421">
        <ele>0.5</ele>
      </trkpt>
      <trkpt lat="40.78557" lon="0.709576">
        <ele>0.9</ele>
      </trkpt>
      <trkpt lat="40.785437" lon="0.709713">
        <ele>0.9</ele>
      </trkpt>
      <trkpt lat="40.785129" lon="0.710059">
        <ele>0.9</ele>
      </trkpt>
      <trkpt lat="40.785011" lon="0.710208">
        <ele>1.0</ele>
        <name>Parc Natural del Delta de l&apos;Ebre (Ebro Delta Natural Park), l&apos;Ampolla, Baix Ebre</name>
        <extensions>
          <oa:Extension>
            <oa:mapZoom>16</oa:mapZoom>
          </oa:Extension>
        </extensions>
      </trkpt>
      <trkpt lat="40.78494" lon="0.710298">
        <ele>1.0</ele>
      </trkpt>
      <trkpt lat="40.78475" lon="0.710538">
        <ele>1.0</ele>
      </trkpt>
      <trkpt lat="40.784579" lon="0.71074">
        <ele>1.0</ele>
      </trkpt>
      <trkpt lat="40.784318" lon="0.711032">
        <ele>1.1</ele>
      </trkpt>
      <trkpt lat="40.784109" lon="0.711374">
        <ele>0.9</ele>
      </trkpt>
      <trkpt lat="40.783825" lon="0.711814">
        <ele>0.8</ele>
      </trkpt>
      <trkpt lat="40.783536" lon="0.712162">
        <ele>1.0</ele>
      </trkpt>
      <trkpt lat="40.78339" lon="0.712274">
        <ele>0.8</ele>
      </trkpt>
      <trkpt lat="40.783276" lon="0.712399">
        <ele>1.1</ele>
      </trkpt>
      <trkpt lat="40.783166" lon="0.712532">
        <ele>0.8</ele>
      </trkpt>
      <trkpt lat="40.782943" lon="0.712811">
        <ele>0.8</ele>
      </trkpt>
      <trkpt lat="40.78272" lon="0.713089">
        <ele>0.7</ele>
      </trkpt>
      <trkpt lat="40.782496" lon="0.713367">
        <ele>0.8</ele>
      </trkpt>
      <trkpt lat="40.782419" lon="0.713444">
        <ele>0.6</ele>
      </trkpt>
      <trkpt lat="40.782377" lon="0.713468">
        <ele>0.9</ele>
      </trkpt>
      <trkpt lat="40.782076" lon="0.713611">
        <ele>0.9</ele>
      </trkpt>
      <trkpt lat="40.781944" lon="0.713673">
        <ele>0.8</ele>
      </trkpt>
      <trkpt lat="40.781864" lon="0.713723">
        <ele>0.7</ele>
      </trkpt>
      <trkpt lat="40.781786" lon="0.713802">
        <ele>0.9</ele>
      </trkpt>
      <trkpt lat="40.781583" lon="0.714082">
        <ele>0.9</ele>
      </trkpt>
      <trkpt lat="40.781381" lon="0.714363">
        <ele>1.0</ele>
      </trkpt>
      <trkpt lat="40.781111" lon="0.71472">
        <ele>0.7</ele>
      </trkpt>
      <trkpt lat="40.78089" lon="0.715008">
        <ele>1.1</ele>
      </trkpt>
      <trkpt lat="40.780668" lon="0.715297">
        <ele>1.1</ele>
      </trkpt>
      <trkpt lat="40.780395" lon="0.715709">
        <ele>1.2</ele>
      </trkpt>
      <trkpt lat="40.780122" lon="0.716121">
        <ele>1.3</ele>
      </trkpt>
      <trkpt lat="40.779916" lon="0.716374">
        <ele>1.3</ele>
      </trkpt>
      <trkpt lat="40.779842" lon="0.716481">
        <ele>1.5</ele>
      </trkpt>
      <trkpt lat="40.779737" lon="0.716624">
        <ele>1.3</ele>
      </trkpt>
      <trkpt lat="40.779648" lon="0.716747">
        <ele>1.5</ele>
      </trkpt>
      <trkpt lat="40.779547" lon="0.716857">
        <ele>1.3</ele>
      </trkpt>
      <trkpt lat="40.779448" lon="0.716951">
        <ele>1.3</ele>
      </trkpt>
      <trkpt lat="40.779362" lon="0.717046">
        <ele>1.1</ele>
      </trkpt>
      <trkpt lat="40.779203" lon="0.717256">
        <ele>0.8</ele>
      </trkpt>
      <trkpt lat="40.77918" lon="0.717321">
        <ele>0.7</ele>
      </trkpt>
      <trkpt lat="40.779172" lon="0.717372">
        <ele>0.7</ele>
      </trkpt>
      <trkpt lat="40.779123" lon="0.71749">
        <ele>0.7</ele>
      </trkpt>
      <trkpt lat="40.779103" lon="0.717537">
        <ele>0.6</ele>
        <name>Parc Natural del Delta de l&apos;Ebre (Ebro Delta Natural Park), l&apos;Ampolla, Baix Ebre</name>
        <extensions>
          <oa:Extension>
            <oa:mapZoom>16</oa:mapZoom>
          </oa:Extension>
        </extensions>
      </trkpt>
      <trkpt lat="40.779084" lon="0.717586">
        <ele>0.6</ele>
      </trkpt>
      <trkpt lat="40.779029" lon="0.71776">
        <ele>0.4</ele>
      </trkpt>
      <trkpt lat="40.778969" lon="0.71791">
        <ele>0.5</ele>
      </trkpt>
      <trkpt lat="40.77874" lon="0.71797">
        <ele>0.4</ele>
      </trkpt>
      <trkpt lat="40.778534" lon="0.717875">
        <ele>0.5</ele>
      </trkpt>
      <trkpt lat="40.778479" lon="0.717778">
        <ele>1.0</ele>
      </trkpt>
      <trkpt lat="40.778392" lon="0.717794">
        <ele>1.4</ele>
      </trkpt>
      <trkpt lat="40.778263" lon="0.71783">
        <ele>1.4</ele>
      </trkpt>
      <trkpt lat="40.778154" lon="0.717863">
        <ele>0.8</ele>
      </trkpt>
      <trkpt lat="40.778074" lon="0.71761">
        <ele>0.8</ele>
      </trkpt>
      <trkpt lat="40.777924" lon="0.717071">
        <ele>0.8</ele>
      </trkpt>
      <trkpt lat="40.777821" lon="0.716841">
        <ele>0.6</ele>
      </trkpt>
      <trkpt lat="40.777794" lon="0.716882">
        <ele>0.3</ele>
      </trkpt>
      <trkpt lat="40.777759" lon="0.716936">
        <ele>0.3</ele>
      </trkpt>
      <trkpt lat="40.777695" lon="0.716991">
        <ele>0.3</ele>
      </trkpt>
      <trkpt lat="40.777545" lon="0.717049">
        <ele>0.3</ele>
      </trkpt>
      <trkpt lat="40.777382" lon="0.717239">
        <ele>0.3</ele>
      </trkpt>
      <trkpt lat="40.777122" lon="0.717517">
        <ele>0.3</ele>
      </trkpt>
      <trkpt lat="40.776814" lon="0.717833">
        <ele>0.3</ele>
      </trkpt>
      <trkpt lat="40.776507" lon="0.718149">
        <ele>0.3</ele>
      </trkpt>
      <trkpt lat="40.776199" lon="0.718465">
        <ele>0.4</ele>
      </trkpt>
      <trkpt lat="40.775892" lon="0.71878">
        <ele>0.3</ele>
      </trkpt>
      <trkpt lat="40.775584" lon="0.719096">
        <ele>0.4</ele>
      </trkpt>
      <trkpt lat="40.775417" lon="0.719286">
        <ele>0.4</ele>
      </trkpt>
      <trkpt lat="40.775286" lon="0.719328">
        <ele>0.4</ele>
      </trkpt>
      <trkpt lat="40.775169" lon="0.719317">
        <ele>0.4</ele>
      </trkpt>
      <trkpt lat="40.774948" lon="0.719218">
        <ele>0.4</ele>
      </trkpt>
      <trkpt lat="40.774585" lon="0.719206">
        <ele>0.4</ele>
      </trkpt>
      <trkpt lat="40.774355" lon="0.719339">
        <ele>0.3</ele>
      </trkpt>
      <trkpt lat="40.774196" lon="0.719498">
        <ele>0.5</ele>
      </trkpt>
      <trkpt lat="40.773838" lon="0.719824">
        <ele>0.7</ele>
      </trkpt>
      <trkpt lat="40.77348" lon="0.720149">
        <ele>0.7</ele>
      </trkpt>
      <trkpt lat="40.773122" lon="0.720475">
        <ele>0.5</ele>
      </trkpt>
      <trkpt lat="40.772817" lon="0.720738">
        <ele>0.8</ele>
      </trkpt>
      <trkpt lat="40.772512" lon="0.721001">
        <ele>0.7</ele>
      </trkpt>
      <trkpt lat="40.772207" lon="0.721264">
        <ele>0.8</ele>
      </trkpt>
      <trkpt lat="40.771902" lon="0.721526">
        <ele>1.1</ele>
      </trkpt>
      <trkpt lat="40.771836" lon="0.721584">
        <ele>0.9</ele>
      </trkpt>
      <trkpt lat="40.771547" lon="0.721935">
        <ele>0.7</ele>
      </trkpt>
      <trkpt lat="40.771259" lon="0.722286">
        <ele>0.7</ele>
      </trkpt>
      <trkpt lat="40.77097" lon="0.722637">
        <ele>0.8</ele>
      </trkpt>
      <trkpt lat="40.770805" lon="0.722953">
        <ele>1.1</ele>
      </trkpt>
      <trkpt lat="40.770639" lon="0.72327">
        <ele>0.9</ele>
      </trkpt>
      <trkpt lat="40.770447" lon="0.72367">
        <ele>1.0</ele>
      </trkpt>
      <trkpt lat="40.770256" lon="0.724069">
        <ele>0.8</ele>
      </trkpt>
      <trkpt lat="40.770064" lon="0.724469">
        <ele>0.9</ele>
      </trkpt>
      <trkpt lat="40.769873" lon="0.724869">
        <ele>0.9</ele>
      </trkpt>
      <trkpt lat="40.769678" lon="0.725252">
        <ele>1.1</ele>
      </trkpt>
      <trkpt lat="40.769483" lon="0.725635">
        <ele>1.0</ele>
      </trkpt>
      <trkpt lat="40.769288" lon="0.726018">
        <ele>1.0</ele>
      </trkpt>
      <trkpt lat="40.769093" lon="0.7264">
        <ele>0.9</ele>
      </trkpt>
      <trkpt lat="40.769048" lon="0.726535">
        <ele>0.9</ele>
      </trkpt>
      <trkpt lat="40.769033" lon="0.726661">
        <ele>1.0</ele>
      </trkpt>
      <trkpt lat="40.769032" lon="0.7268">
        <ele>1.0</ele>
      </trkpt>
      <trkpt lat="40.769069" lon="0.727067">
        <ele>0.9</ele>
      </trkpt>
      <trkpt lat="40.769002" lon="0.727113">
        <ele>0.6</ele>
      </trkpt>
      <trkpt lat="40.768935" lon="0.727159">
        <ele>0.5</ele>
      </trkpt>
      <trkpt lat="40.768863" lon="0.727209">
        <ele>0.6</ele>
      </trkpt>
      <trkpt lat="40.768802" lon="0.727335">
        <ele>0.6</ele>
      </trkpt>
      <trkpt lat="40.768713" lon="0.727367">
        <ele>0.6</ele>
      </trkpt>
      <trkpt lat="40.768638" lon="0.727481">
        <ele>0.6</ele>
      </trkpt>
      <trkpt lat="40.768567" lon="0.727637">
        <ele>0.6</ele>
      </trkpt>
      <trkpt lat="40.768452" lon="0.727909">
        <ele>0.8</ele>
      </trkpt>
      <trkpt lat="40.768337" lon="0.728182">
        <ele>0.8</ele>
      </trkpt>
      <trkpt lat="40.768195" lon="0.728509">
        <ele>0.7</ele>
      </trkpt>
      <trkpt lat="40.768053" lon="0.728836">
        <ele>0.7</ele>
      </trkpt>
      <trkpt lat="40.767863" lon="0.729278">
        <ele>0.8</ele>
      </trkpt>
      <trkpt lat="40.767673" lon="0.72972">
        <ele>0.6</ele>
      </trkpt>
      <trkpt lat="40.767598" lon="0.729921">
        <ele>0.6</ele>
      </trkpt>
      <trkpt lat="40.767543" lon="0.730163">
        <ele>0.6</ele>
      </trkpt>
      <trkpt lat="40.767515" lon="0.730426">
        <ele>0.7</ele>
      </trkpt>
      <trkpt lat="40.767463" lon="0.730841">
        <ele>0.5</ele>
      </trkpt>
      <trkpt lat="40.76741" lon="0.731256">
        <ele>0.6</ele>
      </trkpt>
      <trkpt lat="40.76736" lon="0.731647">
        <ele>0.5</ele>
      </trkpt>
      <trkpt lat="40.76731" lon="0.732039">
        <ele>0.4</ele>
      </trkpt>
      <trkpt lat="40.767274" lon="0.73232">
        <ele>0.3</ele>
        <name>Deltebre, Baix Ebre</name>
        <extensions>
          <oa:Extension>
            <oa:mapZoom>16</oa:mapZoom>
          </oa:Extension>
        </extensions>
      </trkpt>
      <trkpt lat="40.767264" lon="0.732394">
        <ele>0.2</ele>
      </trkpt>
      <trkpt lat="40.767218" lon="0.732748">
        <ele>0.2</ele>
      </trkpt>
      <trkpt lat="40.76717" lon="0.733138">
        <ele>0.2</ele>
      </trkpt>
      <trkpt lat="40.767122" lon="0.733527">
        <ele>0.2</ele>
      </trkpt>
      <trkpt lat="40.767093" lon="0.733696">
        <ele>0.2</ele>
      </trkpt>
      <trkpt lat="40.767049" lon="0.733831">
        <ele>0.2</ele>
      </trkpt>
      <trkpt lat="40.766863" lon="0.73431">
        <ele>0.1</ele>
      </trkpt>
      <trkpt lat="40.766761" lon="0.73458">
        <ele>0.3</ele>
      </trkpt>
      <trkpt lat="40.766658" lon="0.73485">
        <ele>0.3</ele>
      </trkpt>
      <trkpt lat="40.766489" lon="0.735269">
        <ele>0.3</ele>
      </trkpt>
      <trkpt lat="40.76639" lon="0.735525">
        <ele>0.8</ele>
      </trkpt>
      <trkpt lat="40.766298" lon="0.735765">
        <ele>0.8</ele>
      </trkpt>
      <trkpt lat="40.766318" lon="0.735956">
        <ele>0.6</ele>
      </trkpt>
      <trkpt lat="40.766382" lon="0.736126">
        <ele>0.5</ele>
      </trkpt>
      <trkpt lat="40.766509" lon="0.736371">
        <ele>0.9</ele>
      </trkpt>
      <trkpt lat="40.766572" lon="0.73641">
        <ele>1.1</ele>
      </trkpt>
      <trkpt lat="40.766649" lon="0.736399">
        <ele>1.1</ele>
      </trkpt>
      <trkpt lat="40.766657" lon="0.736444">
        <ele>1.2</ele>
      </trkpt>
      <trkpt lat="40.766716" lon="0.736565">
        <ele>1.3</ele>
      </trkpt>
      <trkpt lat="40.766726" lon="0.736586">
        <ele>1.2</ele>
      </trkpt>
      <trkpt lat="40.766737" lon="0.736618">
        <ele>1.1</ele>
      </trkpt>
      <trkpt lat="40.766669" lon="0.736699">
        <ele>1.0</ele>
      </trkpt>
      <trkpt lat="40.76665" lon="0.736713">
        <ele>1.0</ele>
      </trkpt>
      <trkpt lat="40.766569" lon="0.736771">
        <ele>1.0</ele>
      </trkpt>
      <trkpt lat="40.766532" lon="0.736798">
        <ele>1.2</ele>
      </trkpt>
      <trkpt lat="40.76656" lon="0.737097">
        <ele>1.1</ele>
      </trkpt>
      <trkpt lat="40.766555" lon="0.737184">
        <ele>1.1</ele>
      </trkpt>
      <trkpt lat="40.766541" lon="0.737414">
        <ele>1.7</ele>
      </trkpt>
      <trkpt lat="40.766536" lon="0.737493">
        <ele>1.7</ele>
      </trkpt>
      <trkpt lat="40.766522" lon="0.737579">
        <ele>1.6</ele>
      </trkpt>
      <trkpt lat="40.766503" lon="0.737672">
        <ele>1.1</ele>
      </trkpt>
      <trkpt lat="40.766292" lon="0.737622">
        <ele>0.9</ele>
      </trkpt>
      <trkpt lat="40.766187" lon="0.737645">
        <ele>0.9</ele>
      </trkpt>
      <trkpt lat="40.766028" lon="0.73763">
        <ele>0.9</ele>
      </trkpt>
      <trkpt lat="40.765809" lon="0.737546">
        <ele>0.3</ele>
      </trkpt>
      <trkpt lat="40.76541" lon="0.737499">
        <ele>0.5</ele>
      </trkpt>
      <trkpt lat="40.765011" lon="0.737453">
        <ele>0.2</ele>
      </trkpt>
      <trkpt lat="40.764615" lon="0.737412">
        <ele>0.3</ele>
      </trkpt>
      <trkpt lat="40.764218" lon="0.737372">
        <ele>0.3</ele>
      </trkpt>
      <trkpt lat="40.763821" lon="0.737332">
        <ele>0.3</ele>
      </trkpt>
      <trkpt lat="40.763425" lon="0.737291">
        <ele>0.5</ele>
      </trkpt>
      <trkpt lat="40.762998" lon="0.737246">
        <ele>0.3</ele>
      </trkpt>
      <trkpt lat="40.762571" lon="0.737201">
        <ele>0.3</ele>
      </trkpt>
      <trkpt lat="40.762145" lon="0.737157">
        <ele>0.5</ele>
      </trkpt>
      <trkpt lat="40.761718" lon="0.737112">
        <ele>0.3</ele>
      </trkpt>
      <trkpt lat="40.761346" lon="0.737073">
        <ele>0.3</ele>
        <name>lo Desaigüe de Florença, Deltebre, Baix Ebre</name>
        <extensions>
          <oa:Extension>
            <oa:mapZoom>15</oa:mapZoom>
          </oa:Extension>
        </extensions>
      </trkpt>
      <trkpt lat="40.761291" lon="0.737067">
        <ele>0.3</ele>
      </trkpt>
      <trkpt lat="40.760864" lon="0.737022">
        <ele>0.5</ele>
      </trkpt>
      <trkpt lat="40.760506" lon="0.736988">
        <ele>0.6</ele>
      </trkpt>
      <trkpt lat="40.760147" lon="0.736955">
        <ele>0.2</ele>
      </trkpt>
      <trkpt lat="40.759789" lon="0.736921">
        <ele>0.5</ele>
      </trkpt>
      <trkpt lat="40.759383" lon="0.736879">
        <ele>0.5</ele>
      </trkpt>
      <trkpt lat="40.758977" lon="0.736837">
        <ele>0.6</ele>
      </trkpt>
      <trkpt lat="40.758571" lon="0.736794">
        <ele>0.5</ele>
      </trkpt>
      <trkpt lat="40.758165" lon="0.736752">
        <ele>0.7</ele>
      </trkpt>
      <trkpt lat="40.757785" lon="0.736717">
        <ele>0.5</ele>
      </trkpt>
      <trkpt lat="40.757404" lon="0.736681">
        <ele>0.6</ele>
      </trkpt>
      <trkpt lat="40.757023" lon="0.736646">
        <ele>0.6</ele>
      </trkpt>
      <trkpt lat="40.756643" lon="0.736611">
        <ele>0.8</ele>
      </trkpt>
      <trkpt lat="40.756262" lon="0.736576">
        <ele>0.8</ele>
      </trkpt>
      <trkpt lat="40.755881" lon="0.736541">
        <ele>0.8</ele>
      </trkpt>
      <trkpt lat="40.755481" lon="0.736496">
        <ele>0.8</ele>
      </trkpt>
      <trkpt lat="40.75508" lon="0.736452">
        <ele>0.8</ele>
      </trkpt>
      <trkpt lat="40.754679" lon="0.736408">
        <ele>0.7</ele>
      </trkpt>
      <trkpt lat="40.754279" lon="0.736363">
        <ele>0.8</ele>
      </trkpt>
      <trkpt lat="40.753878" lon="0.736319">
        <ele>0.9</ele>
      </trkpt>
      <trkpt lat="40.753478" lon="0.736275">
        <ele>0.7</ele>
      </trkpt>
      <trkpt lat="40.753077" lon="0.73623">
        <ele>0.8</ele>
      </trkpt>
      <trkpt lat="40.752681" lon="0.736195">
        <ele>0.8</ele>
      </trkpt>
      <trkpt lat="40.752284" lon="0.736159">
        <ele>0.7</ele>
      </trkpt>
      <trkpt lat="40.751888" lon="0.736123">
        <ele>0.7</ele>
      </trkpt>
      <trkpt lat="40.751491" lon="0.736087">
        <ele>0.8</ele>
      </trkpt>
      <trkpt lat="40.751095" lon="0.736051">
        <ele>0.9</ele>
      </trkpt>
      <trkpt lat="40.750689" lon="0.736009">
        <ele>0.8</ele>
      </trkpt>
      <trkpt lat="40.750284" lon="0.735967">
        <ele>0.9</ele>
      </trkpt>
      <trkpt lat="40.749879" lon="0.735924">
        <ele>0.9</ele>
      </trkpt>
      <trkpt lat="40.749474" lon="0.735882">
        <ele>0.8</ele>
      </trkpt>
      <trkpt lat="40.749068" lon="0.73584">
        <ele>1.0</ele>
      </trkpt>
      <trkpt lat="40.748663" lon="0.735797">
        <ele>1.0</ele>
      </trkpt>
      <trkpt lat="40.748258" lon="0.735755">
        <ele>1.5</ele>
      </trkpt>
      <trkpt lat="40.748101" lon="0.735729">
        <ele>1.9</ele>
      </trkpt>
      <trkpt lat="40.747991" lon="0.735728">
        <ele>2.6</ele>
      </trkpt>
      <trkpt lat="40.747891" lon="0.735693">
        <ele>1.9</ele>
      </trkpt>
      <trkpt lat="40.747649" lon="0.735667">
        <ele>1.5</ele>
      </trkpt>
      <trkpt lat="40.747408" lon="0.735641">
        <ele>1.2</ele>
      </trkpt>
      <trkpt lat="40.746985" lon="0.735604">
        <ele>1.5</ele>
      </trkpt>
      <trkpt lat="40.746761" lon="0.735583">
        <ele>1.5</ele>
      </trkpt>
      <trkpt lat="40.746536" lon="0.735562">
        <ele>1.4</ele>
      </trkpt>
      <trkpt lat="40.746307" lon="0.735529">
        <ele>1.4</ele>
        <name>Lo Desaigüe de la Bufona, Deltebre, Baix Ebre</name>
        <extensions>
          <oa:Extension>
            <oa:mapZoom>16</oa:mapZoom>
          </oa:Extension>
        </extensions>
      </trkpt>
      <trkpt lat="40.746125" lon="0.735503">
        <ele>1.4</ele>
      </trkpt>
      <trkpt lat="40.746097" lon="0.735482">
        <ele>1.2</ele>
      </trkpt>
      <trkpt lat="40.745907" lon="0.735274">
        <ele>1.8</ele>
      </trkpt>
      <trkpt lat="40.745682" lon="0.734875">
        <ele>1.4</ele>
      </trkpt>
      <trkpt lat="40.745458" lon="0.734477">
        <ele>1.4</ele>
      </trkpt>
      <trkpt lat="40.745233" lon="0.734079">
        <ele>1.6</ele>
      </trkpt>
      <trkpt lat="40.745008" lon="0.733681">
        <ele>1.4</ele>
      </trkpt>
      <trkpt lat="40.744784" lon="0.733283">
        <ele>1.4</ele>
      </trkpt>
      <trkpt lat="40.744559" lon="0.732885">
        <ele>1.3</ele>
      </trkpt>
      <trkpt lat="40.744519" lon="0.732813">
        <ele>1.4</ele>
      </trkpt>
      <trkpt lat="40.744264" lon="0.73235">
        <ele>1.3</ele>
      </trkpt>
      <trkpt lat="40.744009" lon="0.731887">
        <ele>1.3</ele>
      </trkpt>
      <trkpt lat="40.743753" lon="0.731424">
        <ele>1.4</ele>
      </trkpt>
      <trkpt lat="40.743498" lon="0.730961">
        <ele>1.5</ele>
      </trkpt>
      <trkpt lat="40.743243" lon="0.730498">
        <ele>1.6</ele>
      </trkpt>
      <trkpt lat="40.742984" lon="0.730033">
        <ele>1.5</ele>
      </trkpt>
      <trkpt lat="40.742725" lon="0.729567">
        <ele>1.5</ele>
      </trkpt>
      <trkpt lat="40.742465" lon="0.729101">
        <ele>1.7</ele>
      </trkpt>
      <trkpt lat="40.742206" lon="0.728636">
        <ele>1.6</ele>
      </trkpt>
      <trkpt lat="40.741947" lon="0.72817">
        <ele>1.9</ele>
      </trkpt>
      <trkpt lat="40.741688" lon="0.727705">
        <ele>1.7</ele>
      </trkpt>
      <trkpt lat="40.741429" lon="0.727239">
        <ele>1.7</ele>
      </trkpt>
      <trkpt lat="40.74117" lon="0.726773">
        <ele>1.7</ele>
      </trkpt>
      <trkpt lat="40.740988" lon="0.726412">
        <ele>1.9</ele>
      </trkpt>
      <trkpt lat="40.740917" lon="0.726264">
        <ele>1.9</ele>
      </trkpt>
      <trkpt lat="40.740853" lon="0.726114">
        <ele>1.9</ele>
      </trkpt>
      <trkpt lat="40.740733" lon="0.72579">
        <ele>1.8</ele>
      </trkpt>
      <trkpt lat="40.740618" lon="0.725477">
        <ele>1.8</ele>
      </trkpt>
      <trkpt lat="40.740503" lon="0.725165">
        <ele>1.7</ele>
      </trkpt>
      <trkpt lat="40.740335" lon="0.724713">
        <ele>1.7</ele>
      </trkpt>
      <trkpt lat="40.740167" lon="0.724261">
        <ele>1.8</ele>
      </trkpt>
      <trkpt lat="40.740029" lon="0.723873">
        <ele>1.7</ele>
      </trkpt>
      <trkpt lat="40.739891" lon="0.723485">
        <ele>1.8</ele>
      </trkpt>
      <trkpt lat="40.739737" lon="0.723053">
        <ele>1.9</ele>
      </trkpt>
      <trkpt lat="40.739583" lon="0.72262">
        <ele>1.8</ele>
      </trkpt>
      <trkpt lat="40.739427" lon="0.722191">
        <ele>2.0</ele>
      </trkpt>
      <trkpt lat="40.73927" lon="0.721762">
        <ele>1.9</ele>
      </trkpt>
      <trkpt lat="40.739209" lon="0.721588">
        <ele>2.0</ele>
        <name>Camí del Pregó, Deltebre, Baix Ebre</name>
        <extensions>
          <oa:Extension>
            <oa:mapZoom>16</oa:mapZoom>
          </oa:Extension>
        </extensions>
      </trkpt>
      <trkpt lat="40.739148" lon="0.721416">
        <ele>2.1</ele>
      </trkpt>
      <trkpt lat="40.739026" lon="0.72107">
        <ele>2.1</ele>
      </trkpt>
      <trkpt lat="40.738995" lon="0.720908">
        <ele>2.1</ele>
      </trkpt>
      <trkpt lat="40.738984" lon="0.720722">
        <ele>2.0</ele>
      </trkpt>
      <trkpt lat="40.738971" lon="0.720559">
        <ele>2.3</ele>
      </trkpt>
      <trkpt lat="40.738585" lon="0.720721">
        <ele>1.6</ele>
      </trkpt>
      <trkpt lat="40.738198" lon="0.720884">
        <ele>1.4</ele>
      </trkpt>
      <trkpt lat="40.737878" lon="0.72103">
        <ele>1.4</ele>
      </trkpt>
      <trkpt lat="40.737558" lon="0.721176">
        <ele>1.3</ele>
      </trkpt>
      <trkpt lat="40.737238" lon="0.721322">
        <ele>1.3</ele>
      </trkpt>
      <trkpt lat="40.736918" lon="0.721468">
        <ele>1.2</ele>
      </trkpt>
      <trkpt lat="40.736524" lon="0.7217">
        <ele>1.1</ele>
      </trkpt>
      <trkpt lat="40.73613" lon="0.721932">
        <ele>1.1</ele>
      </trkpt>
      <trkpt lat="40.73573" lon="0.722197">
        <ele>1.2</ele>
      </trkpt>
      <trkpt lat="40.735329" lon="0.722461">
        <ele>1.4</ele>
      </trkpt>
      <trkpt lat="40.735052" lon="0.722646">
        <ele>1.1</ele>
      </trkpt>
      <trkpt lat="40.734776" lon="0.722831">
        <ele>1.1</ele>
      </trkpt>
      <trkpt lat="40.734499" lon="0.723016">
        <ele>1.2</ele>
      </trkpt>
      <trkpt lat="40.734117" lon="0.72325">
        <ele>1.2</ele>
      </trkpt>
      <trkpt lat="40.733735" lon="0.723484">
        <ele>1.4</ele>
      </trkpt>
      <trkpt lat="40.733354" lon="0.723718">
        <ele>1.5</ele>
      </trkpt>
      <trkpt lat="40.732992" lon="0.723927">
        <ele>1.4</ele>
      </trkpt>
      <trkpt lat="40.732631" lon="0.724136">
        <ele>1.4</ele>
      </trkpt>
      <trkpt lat="40.732269" lon="0.724344">
        <ele>1.3</ele>
      </trkpt>
      <trkpt lat="40.731899" lon="0.724546">
        <ele>1.6</ele>
      </trkpt>
      <trkpt lat="40.73153" lon="0.724748">
        <ele>1.5</ele>
      </trkpt>
      <trkpt lat="40.73116" lon="0.72495">
        <ele>1.6</ele>
      </trkpt>
      <trkpt lat="40.73079" lon="0.725151">
        <ele>2.0</ele>
      </trkpt>
      <trkpt lat="40.730694" lon="0.725231">
        <ele>1.5</ele>
      </trkpt>
      <trkpt lat="40.73038" lon="0.7255">
        <ele>1.2</ele>
      </trkpt>
      <trkpt lat="40.730065" lon="0.72577">
        <ele>1.2</ele>
      </trkpt>
      <trkpt lat="40.729751" lon="0.726039">
        <ele>1.3</ele>
      </trkpt>
      <trkpt lat="40.729437" lon="0.726309">
        <ele>1.3</ele>
      </trkpt>
      <trkpt lat="40.729123" lon="0.726578">
        <ele>1.4</ele>
      </trkpt>
      <trkpt lat="40.729053" lon="0.726622">
        <ele>1.2</ele>
      </trkpt>
      <trkpt lat="40.728713" lon="0.726766">
        <ele>1.1</ele>
      </trkpt>
      <trkpt lat="40.728373" lon="0.72691">
        <ele>1.2</ele>
      </trkpt>
      <trkpt lat="40.728033" lon="0.727054">
        <ele>1.4</ele>
      </trkpt>
      <trkpt lat="40.7276" lon="0.727019">
        <ele>1.3</ele>
      </trkpt>
      <trkpt lat="40.727167" lon="0.726985">
        <ele>1.3</ele>
      </trkpt>
      <trkpt lat="40.726734" lon="0.72695">
        <ele>1.4</ele>
      </trkpt>
      <trkpt lat="40.726714" lon="0.726497">
        <ele>1.3</ele>
      </trkpt>
      <trkpt lat="40.726694" lon="0.726044">
        <ele>1.4</ele>
      </trkpt>
      <trkpt lat="40.726675" lon="0.725591">
        <ele>2.0</ele>
      </trkpt>
      <trkpt lat="40.726641" lon="0.725516">
        <ele>2.0</ele>
      </trkpt>
      <trkpt lat="40.72663" lon="0.72544">
        <ele>1.7</ele>
      </trkpt>
      <trkpt lat="40.726672" lon="0.725081">
        <ele>1.4</ele>
      </trkpt>
      <trkpt lat="40.726715" lon="0.724722">
        <ele>1.6</ele>
      </trkpt>
      <trkpt lat="40.726751" lon="0.724593">
        <ele>1.7</ele>
      </trkpt>
      <trkpt lat="40.726905" lon="0.724239">
        <ele>2.0</ele>
      </trkpt>
      <trkpt lat="40.727024" lon="0.723986">
        <ele>1.8</ele>
      </trkpt>
      <trkpt lat="40.727142" lon="0.723734">
        <ele>2.0</ele>
      </trkpt>
      <trkpt lat="40.727179" lon="0.72343">
        <ele>2.0</ele>
      </trkpt>
      <trkpt lat="40.727215" lon="0.723125">
        <ele>2.0</ele>
      </trkpt>
      <trkpt lat="40.727183" lon="0.723033">
        <ele>2.0</ele>
      </trkpt>
      <trkpt lat="40.726872" lon="0.722639">
        <ele>2.0</ele>
      </trkpt>
      <trkpt lat="40.72656" lon="0.722244">
        <ele>2.7</ele>
      </trkpt>
      <trkpt lat="40.72652" lon="0.722214">
        <ele>2.6</ele>
      </trkpt>
      <trkpt lat="40.726441" lon="0.722119">
        <ele>2.3</ele>
      </trkpt>
      <trkpt lat="40.726196" lon="0.721777">
        <ele>2.0</ele>
      </trkpt>
      <trkpt lat="40.72603" lon="0.721545">
        <ele>1.8</ele>
      </trkpt>
      <trkpt lat="40.725791" lon="0.721302">
        <ele>2.0</ele>
      </trkpt>
      <trkpt lat="40.725631" lon="0.721178">
        <ele>3.1</ele>
      </trkpt>
      <trkpt lat="40.72551" lon="0.721091">
        <ele>3.1</ele>
      </trkpt>
      <trkpt lat="40.725257" lon="0.721015">
        <ele>3.2</ele>
      </trkpt>
      <trkpt lat="40.725004" lon="0.72094">
        <ele>3.3</ele>
      </trkpt>
      <trkpt lat="40.724828" lon="0.72088">
        <ele>3.8</ele>
      </trkpt>
      <trkpt lat="40.724793" lon="0.72087">
        <ele>3.3</ele>
      </trkpt>
      <trkpt lat="40.72472" lon="0.720833">
        <ele>2.6</ele>
      </trkpt>
      <trkpt lat="40.724704" lon="0.72082">
        <ele>2.9</ele>
      </trkpt>
      <trkpt lat="40.724637" lon="0.720777">
        <ele>3.3</ele>
      </trkpt>
      <trkpt lat="40.724596" lon="0.720739">
        <ele>3.1</ele>
      </trkpt>
      <trkpt lat="40.724425" lon="0.720679">
        <ele>3.1</ele>
      </trkpt>
      <trkpt lat="40.724342" lon="0.720709">
        <ele>3.1</ele>
      </trkpt>
      <trkpt lat="40.724242" lon="0.720722">
        <ele>3.1</ele>
      </trkpt>
      <trkpt lat="40.723996" lon="0.720699">
        <ele>3.0</ele>
      </trkpt>
      <trkpt lat="40.723921" lon="0.720689">
        <ele>2.9</ele>
      </trkpt>
      <trkpt lat="40.72376" lon="0.720668">
        <ele>2.9</ele>
      </trkpt>
      <trkpt lat="40.7234" lon="0.720744">
        <ele>2.9</ele>
      </trkpt>
      <trkpt lat="40.723039" lon="0.720821">
        <ele>2.9</ele>
      </trkpt>
      <trkpt lat="40.722743" lon="0.720893">
        <ele>2.9</ele>
      </trkpt>
      <trkpt lat="40.722446" lon="0.720966">
        <ele>2.8</ele>
      </trkpt>
      <trkpt lat="40.722322" lon="0.720996">
        <ele>2.7</ele>
      </trkpt>
      <trkpt lat="40.721897" lon="0.721091">
        <ele>2.6</ele>
      </trkpt>
      <trkpt lat="40.721473" lon="0.721186">
        <ele>2.5</ele>
      </trkpt>
      <trkpt lat="40.721416" lon="0.721199">
        <ele>2.5</ele>
      </trkpt>
      <trkpt lat="40.721157" lon="0.721205">
        <ele>2.5</ele>
      </trkpt>
      <trkpt lat="40.720897" lon="0.721211">
        <ele>2.4</ele>
      </trkpt>
      <trkpt lat="40.720513" lon="0.721185">
        <ele>2.3</ele>
      </trkpt>
      <trkpt lat="40.720128" lon="0.721159">
        <ele>2.5</ele>
      </trkpt>
      <trkpt lat="40.719744" lon="0.721133">
        <ele>2.5</ele>
      </trkpt>
      <trkpt lat="40.71936" lon="0.721108">
        <ele>2.5</ele>
      </trkpt>
      <trkpt lat="40.718975" lon="0.721082">
        <ele>2.6</ele>
      </trkpt>
      <trkpt lat="40.718888" lon="0.721048">
        <ele>2.6</ele>
      </trkpt>
      <trkpt lat="40.718804" lon="0.720983">
        <ele>2.6</ele>
      </trkpt>
      <trkpt lat="40.718813" lon="0.720943">
        <ele>2.3</ele>
      </trkpt>
      <trkpt lat="40.718813" lon="0.720901">
        <ele>2.0</ele>
      </trkpt>
      <trkpt lat="40.718802" lon="0.720861">
        <ele>1.9</ele>
      </trkpt>
      <trkpt lat="40.718782" lon="0.720829">
        <ele>1.9</ele>
      </trkpt>
      <trkpt lat="40.718755" lon="0.720806">
        <ele>2.1</ele>
      </trkpt>
      <trkpt lat="40.718725" lon="0.720795">
        <ele>2.3</ele>
      </trkpt>
      <trkpt lat="40.718693" lon="0.720797">
        <ele>2.5</ele>
      </trkpt>
      <trkpt lat="40.718664" lon="0.720812">
        <ele>2.6</ele>
      </trkpt>
      <trkpt lat="40.71864" lon="0.720838">
        <ele>2.5</ele>
      </trkpt>
      <trkpt lat="40.718624" lon="0.720873">
        <ele>2.6</ele>
      </trkpt>
      <trkpt lat="40.718616" lon="0.720912">
        <ele>2.6</ele>
      </trkpt>
      <trkpt lat="40.718617" lon="0.720953">
        <ele>2.6</ele>
      </trkpt>
      <trkpt lat="40.718629" lon="0.720991">
        <ele>2.6</ele>
      </trkpt>
      <trkpt lat="40.718556" lon="0.721044">
        <ele>2.6</ele>
      </trkpt>
      <trkpt lat="40.718446" lon="0.721048">
        <ele>2.7</ele>
      </trkpt>
      <trkpt lat="40.71817" lon="0.720982">
        <ele>2.7</ele>
      </trkpt>
      <trkpt lat="40.717941" lon="0.720899">
        <ele>2.7</ele>
      </trkpt>
      <trkpt lat="40.717712" lon="0.720816">
        <ele>2.8</ele>
      </trkpt>
      <trkpt lat="40.717405" lon="0.720639">
        <ele>2.8</ele>
      </trkpt>
      <trkpt lat="40.71735" lon="0.720598">
        <ele>2.8</ele>
        <name>TV-3404, Deltebre, Baix Ebre</name>
        <extensions>
          <oa:Extension>
            <oa:mapZoom>16</oa:mapZoom>
          </oa:Extension>
        </extensions>
      </trkpt>
      <trkpt lat="40.717092" lon="0.720407">
        <ele>2.9</ele>
      </trkpt>
      <trkpt lat="40.716876" lon="0.720182">
        <ele>2.9</ele>
      </trkpt>
      <trkpt lat="40.716659" lon="0.719958">
        <ele>2.9</ele>
      </trkpt>
      <trkpt lat="40.716479" lon="0.719734">
        <ele>3.0</ele>
      </trkpt>
      <trkpt lat="40.716298" lon="0.719511">
        <ele>3.0</ele>
      </trkpt>
      <trkpt lat="40.716045" lon="0.719281">
        <ele>3.2</ele>
      </trkpt>
      <trkpt lat="40.715843" lon="0.719106">
        <ele>3.4</ele>
      </trkpt>
      <trkpt lat="40.715761" lon="0.718949">
        <ele>3.4</ele>
      </trkpt>
      <trkpt lat="40.715737" lon="0.718894">
        <ele>3.4</ele>
      </trkpt>
      <trkpt lat="40.715739" lon="0.718862">
        <ele>3.4</ele>
      </trkpt>
      <trkpt lat="40.715737" lon="0.718831">
        <ele>3.4</ele>
      </trkpt>
      <trkpt lat="40.715732" lon="0.7188">
        <ele>3.5</ele>
      </trkpt>
      <trkpt lat="40.715722" lon="0.718771">
        <ele>3.5</ele>
      </trkpt>
      <trkpt lat="40.715704" lon="0.718734">
        <ele>3.5</ele>
      </trkpt>
      <trkpt lat="40.715679" lon="0.718705">
        <ele>3.4</ele>
      </trkpt>
      <trkpt lat="40.71565" lon="0.718683">
        <ele>3.5</ele>
      </trkpt>
      <trkpt lat="40.715625" lon="0.718672">
        <ele>3.5</ele>
      </trkpt>
      <trkpt lat="40.715598" lon="0.718667">
        <ele>3.5</ele>
      </trkpt>
      <trkpt lat="40.715572" lon="0.718669">
        <ele>3.5</ele>
      </trkpt>
      <trkpt lat="40.715545" lon="0.718677">
        <ele>3.5</ele>
      </trkpt>
      <trkpt lat="40.71534" lon="0.718635">
        <ele>3.3</ele>
      </trkpt>
      <trkpt lat="40.715102" lon="0.718426">
        <ele>3.2</ele>
      </trkpt>
      <trkpt lat="40.714865" lon="0.718216">
        <ele>3.1</ele>
      </trkpt>
      <trkpt lat="40.714629" lon="0.718095">
        <ele>3.7</ele>
      </trkpt>
      <trkpt lat="40.714253" lon="0.717936">
        <ele>3.9</ele>
      </trkpt>
      <trkpt lat="40.713876" lon="0.717778">
        <ele>4.1</ele>
      </trkpt>
      <trkpt lat="40.7135" lon="0.717619">
        <ele>4.4</ele>
      </trkpt>
      <trkpt lat="40.713123" lon="0.71746">
        <ele>4.6</ele>
      </trkpt>
      <trkpt lat="40.712746" lon="0.717302">
        <ele>4.8</ele>
      </trkpt>
      <trkpt lat="40.71237" lon="0.717143">
        <ele>5.1</ele>
      </trkpt>
      <trkpt lat="40.711993" lon="0.716985">
        <ele>5.3</ele>
      </trkpt>
      <trkpt lat="40.711617" lon="0.716826">
        <ele>5.5</ele>
      </trkpt>
      <trkpt lat="40.71159" lon="0.716814">
        <ele>5.3</ele>
      </trkpt>
      <trkpt lat="40.711611" lon="0.716727">
        <ele>5.2</ele>
      </trkpt>
      <trkpt lat="40.711539" lon="0.716688">
        <ele>4.8</ele>
      </trkpt>
      <trkpt lat="40.71151" lon="0.716651">
        <ele>4.8</ele>
      </trkpt>
      <trkpt lat="40.711501" lon="0.716626">
        <ele>4.7</ele>
      </trkpt>
      <trkpt lat="40.71151" lon="0.716572">
        <ele>4.6</ele>
      </trkpt>
      <trkpt lat="40.71153" lon="0.716546">
        <ele>4.6</ele>
      </trkpt>
      <trkpt lat="40.711573" lon="0.716531">
        <ele>4.3</ele>
      </trkpt>
      <trkpt lat="40.711774" lon="0.716489">
        <ele>3.4</ele>
      </trkpt>
      <trkpt lat="40.711884" lon="0.716429">
        <ele>2.9</ele>
      </trkpt>
      <trkpt lat="40.711989" lon="0.716361">
        <ele>2.1</ele>
      </trkpt>
      <trkpt lat="40.712011" lon="0.716344">
        <ele>1.9</ele>
      </trkpt>
      <trkpt lat="40.71201" lon="0.716279">
        <ele>1.8</ele>
      </trkpt>
      <trkpt lat="40.711998" lon="0.716211">
        <ele>1.9</ele>
      </trkpt>
      <trkpt lat="40.711998" lon="0.716125">
        <ele>2.0</ele>
      </trkpt>
      <trkpt lat="40.712037" lon="0.715992">
        <ele>2.1</ele>
      </trkpt>
      <trkpt lat="40.712045" lon="0.715875">
        <ele>2.1</ele>
      </trkpt>
      <trkpt lat="40.71202" lon="0.7156">
        <ele>2.2</ele>
      </trkpt>
      <trkpt lat="40.712004" lon="0.715415">
        <ele>2.1</ele>
      </trkpt>
      <trkpt lat="40.711986" lon="0.715179">
        <ele>2.1</ele>
      </trkpt>
      <trkpt lat="40.711988" lon="0.715085">
        <ele>2.1</ele>
      </trkpt>
      <trkpt lat="40.711996" lon="0.714988">
        <ele>2.1</ele>
      </trkpt>
      <trkpt lat="40.712041" lon="0.71472">
        <ele>2.1</ele>
      </trkpt>
      <trkpt lat="40.712123" lon="0.714207">
        <ele>2.2</ele>
      </trkpt>
      <trkpt lat="40.712205" lon="0.713693">
        <ele>2.2</ele>
      </trkpt>
      <trkpt lat="40.712253" lon="0.713387">
        <ele>2.2</ele>
        <name>Via Verda, Sant Jaume d&apos;Enveja, Montsià</name>
        <extensions>
          <oa:Extension>
            <oa:mapZoom>16</oa:mapZoom>
          </oa:Extension>
        </extensions>
      </trkpt>
      <trkpt lat="40.712283" lon="0.713202">
        <ele>2.2</ele>
      </trkpt>
      <trkpt lat="40.712302" lon="0.712952">
        <ele>2.2</ele>
      </trkpt>
      <trkpt lat="40.712307" lon="0.712891">
        <ele>2.3</ele>
      </trkpt>
      <trkpt lat="40.71234" lon="0.712564">
        <ele>2.3</ele>
      </trkpt>
      <trkpt lat="40.712358" lon="0.712126">
        <ele>2.4</ele>
      </trkpt>
      <trkpt lat="40.712378" lon="0.711933">
        <ele>2.4</ele>
      </trkpt>
      <trkpt lat="40.712411" lon="0.711713">
        <ele>2.3</ele>
      </trkpt>
      <trkpt lat="40.712483" lon="0.711196">
        <ele>2.4</ele>
      </trkpt>
      <trkpt lat="40.712555" lon="0.710678">
        <ele>2.3</ele>
      </trkpt>
      <trkpt lat="40.712624" lon="0.710169">
        <ele>2.4</ele>
      </trkpt>
      <trkpt lat="40.712693" lon="0.70968">
        <ele>2.4</ele>
      </trkpt>
      <trkpt lat="40.71276" lon="0.709332">
        <ele>2.4</ele>
      </trkpt>
      <trkpt lat="40.712849" lon="0.70892">
        <ele>2.3</ele>
      </trkpt>
      <trkpt lat="40.712937" lon="0.708508">
        <ele>2.4</ele>
      </trkpt>
      <trkpt lat="40.713022" lon="0.708141">
        <ele>2.4</ele>
      </trkpt>
      <trkpt lat="40.713106" lon="0.707773">
        <ele>2.4</ele>
      </trkpt>
      <trkpt lat="40.71318" lon="0.70745">
        <ele>2.5</ele>
      </trkpt>
      <trkpt lat="40.713254" lon="0.707127">
        <ele>2.4</ele>
      </trkpt>
      <trkpt lat="40.713297" lon="0.706888">
        <ele>2.5</ele>
      </trkpt>
      <trkpt lat="40.71337" lon="0.706385">
        <ele>2.4</ele>
      </trkpt>
      <trkpt lat="40.713443" lon="0.705882">
        <ele>2.4</ele>
      </trkpt>
      <trkpt lat="40.713492" lon="0.705555">
        <ele>2.3</ele>
      </trkpt>
      <trkpt lat="40.713544" lon="0.705225">
        <ele>2.4</ele>
      </trkpt>
      <trkpt lat="40.713596" lon="0.704895">
        <ele>2.2</ele>
      </trkpt>
      <trkpt lat="40.713616" lon="0.704753">
        <ele>2.4</ele>
      </trkpt>
      <trkpt lat="40.713622" lon="0.704702">
        <ele>2.5</ele>
      </trkpt>
      <trkpt lat="40.713622" lon="0.704662">
        <ele>2.5</ele>
      </trkpt>
      <trkpt lat="40.713604" lon="0.70464">
        <ele>2.5</ele>
      </trkpt>
      <trkpt lat="40.713551" lon="0.704589">
        <ele>2.5</ele>
      </trkpt>
      <trkpt lat="40.713311" lon="0.704372">
        <ele>2.5</ele>
      </trkpt>
      <trkpt lat="40.713285" lon="0.704332">
        <ele>2.5</ele>
      </trkpt>
      <trkpt lat="40.713279" lon="0.704289">
        <ele>2.6</ele>
      </trkpt>
      <trkpt lat="40.713289" lon="0.704245">
        <ele>2.5</ele>
      </trkpt>
      <trkpt lat="40.713312" lon="0.704159">
        <ele>2.5</ele>
      </trkpt>
      <trkpt lat="40.713442" lon="0.703812">
        <ele>2.4</ele>
      </trkpt>
      <trkpt lat="40.713572" lon="0.703465">
        <ele>2.4</ele>
      </trkpt>
      <trkpt lat="40.7137" lon="0.703124">
        <ele>2.7</ele>
      </trkpt>
      <trkpt lat="40.713716" lon="0.70306">
        <ele>2.6</ele>
      </trkpt>
      <trkpt lat="40.713728" lon="0.702953">
        <ele>2.5</ele>
      </trkpt>
      <trkpt lat="40.713736" lon="0.702819">
        <ele>2.5</ele>
      </trkpt>
      <trkpt lat="40.713745" lon="0.702719">
        <ele>2.5</ele>
      </trkpt>
      <trkpt lat="40.713755" lon="0.702642">
        <ele>2.5</ele>
      </trkpt>
      <trkpt lat="40.713789" lon="0.702433">
        <ele>2.6</ele>
      </trkpt>
      <trkpt lat="40.713849" lon="0.702">
        <ele>2.6</ele>
      </trkpt>
      <trkpt lat="40.713909" lon="0.701567">
        <ele>2.4</ele>
      </trkpt>
      <trkpt lat="40.713929" lon="0.701467">
        <ele>2.4</ele>
      </trkpt>
      <trkpt lat="40.713948" lon="0.701387">
        <ele>2.4</ele>
      </trkpt>
      <trkpt lat="40.713954" lon="0.701344">
        <ele>2.5</ele>
      </trkpt>
      <trkpt lat="40.713956" lon="0.701292">
        <ele>2.4</ele>
      </trkpt>
      <trkpt lat="40.71395" lon="0.701239">
        <ele>2.4</ele>
      </trkpt>
      <trkpt lat="40.713938" lon="0.701145">
        <ele>2.5</ele>
      </trkpt>
      <trkpt lat="40.713938" lon="0.701089">
        <ele>2.5</ele>
      </trkpt>
      <trkpt lat="40.713938" lon="0.701009">
        <ele>2.5</ele>
      </trkpt>
      <trkpt lat="40.713951" lon="0.700707">
        <ele>2.6</ele>
      </trkpt>
      <trkpt lat="40.713964" lon="0.700405">
        <ele>2.6</ele>
      </trkpt>
      <trkpt lat="40.713986" lon="0.699944">
        <ele>2.6</ele>
      </trkpt>
      <trkpt lat="40.714009" lon="0.699483">
        <ele>2.5</ele>
      </trkpt>
      <trkpt lat="40.714031" lon="0.699021">
        <ele>2.5</ele>
      </trkpt>
      <trkpt lat="40.714046" lon="0.698616">
        <ele>2.5</ele>
      </trkpt>
      <trkpt lat="40.714061" lon="0.698211">
        <ele>2.4</ele>
      </trkpt>
      <trkpt lat="40.714076" lon="0.697806">
        <ele>2.5</ele>
      </trkpt>
      <trkpt lat="40.7141" lon="0.697264">
        <ele>2.5</ele>
      </trkpt>
      <trkpt lat="40.714125" lon="0.696723">
        <ele>2.4</ele>
      </trkpt>
      <trkpt lat="40.714149" lon="0.696181">
        <ele>2.4</ele>
      </trkpt>
      <trkpt lat="40.714165" lon="0.695744">
        <ele>2.4</ele>
      </trkpt>
      <trkpt lat="40.714181" lon="0.695308">
        <ele>2.4</ele>
      </trkpt>
      <trkpt lat="40.714198" lon="0.694872">
        <ele>2.4</ele>
      </trkpt>
      <trkpt lat="40.714212" lon="0.694456">
        <ele>2.5</ele>
      </trkpt>
      <trkpt lat="40.714226" lon="0.69404">
        <ele>2.4</ele>
      </trkpt>
      <trkpt lat="40.714224" lon="0.693893">
        <ele>2.4</ele>
      </trkpt>
      <trkpt lat="40.71421" lon="0.693826">
        <ele>2.5</ele>
      </trkpt>
      <trkpt lat="40.714202" lon="0.693753">
        <ele>2.6</ele>
      </trkpt>
      <trkpt lat="40.714198" lon="0.693705">
        <ele>2.6</ele>
      </trkpt>
      <trkpt lat="40.714196" lon="0.693684">
        <ele>2.6</ele>
      </trkpt>
      <trkpt lat="40.714185" lon="0.693603">
        <ele>2.6</ele>
      </trkpt>
      <trkpt lat="40.714155" lon="0.693504">
        <ele>2.6</ele>
      </trkpt>
      <trkpt lat="40.714098" lon="0.693338">
        <ele>2.6</ele>
      </trkpt>
      <trkpt lat="40.713986" lon="0.692967">
        <ele>2.5</ele>
      </trkpt>
      <trkpt lat="40.713875" lon="0.692596">
        <ele>2.8</ele>
      </trkpt>
      <trkpt lat="40.713783" lon="0.692265">
        <ele>2.7</ele>
      </trkpt>
      <trkpt lat="40.71375" lon="0.69219">
        <ele>2.7</ele>
      </trkpt>
      <trkpt lat="40.713714" lon="0.692112">
        <ele>2.7</ele>
      </trkpt>
      <trkpt lat="40.713543" lon="0.691821">
        <ele>2.7</ele>
      </trkpt>
      <trkpt lat="40.7135" lon="0.691752">
        <ele>2.7</ele>
      </trkpt>
      <trkpt lat="40.713436" lon="0.691642">
        <ele>2.7</ele>
      </trkpt>
      <trkpt lat="40.713366" lon="0.691476">
        <ele>2.8</ele>
      </trkpt>
      <trkpt lat="40.713175" lon="0.691047">
        <ele>2.9</ele>
      </trkpt>
      <trkpt lat="40.712984" lon="0.690618">
        <ele>2.7</ele>
      </trkpt>
      <trkpt lat="40.712901" lon="0.690435">
        <ele>2.7</ele>
      </trkpt>
      <trkpt lat="40.712872" lon="0.690363">
        <ele>2.8</ele>
      </trkpt>
      <trkpt lat="40.71285" lon="0.690304">
        <ele>2.8</ele>
      </trkpt>
      <trkpt lat="40.712833" lon="0.690221">
        <ele>2.8</ele>
      </trkpt>
      <trkpt lat="40.712745" lon="0.689814">
        <ele>2.7</ele>
      </trkpt>
      <trkpt lat="40.712657" lon="0.689408">
        <ele>3.6</ele>
      </trkpt>
      <trkpt lat="40.712653" lon="0.689309">
        <ele>3.1</ele>
      </trkpt>
      <trkpt lat="40.712687" lon="0.689038">
        <ele>2.9</ele>
      </trkpt>
      <trkpt lat="40.712739" lon="0.688625">
        <ele>2.8</ele>
      </trkpt>
      <trkpt lat="40.712791" lon="0.688212">
        <ele>2.9</ele>
      </trkpt>
      <trkpt lat="40.712816" lon="0.688036">
        <ele>2.9</ele>
        <name>Via Verda, Sant Jaume d&apos;Enveja, Montsià</name>
        <extensions>
          <oa:Extension>
            <oa:mapZoom>15</oa:mapZoom>
          </oa:Extension>
        </extensions>
      </trkpt>
      <trkpt lat="40.712866" lon="0.687693">
        <ele>2.8</ele>
      </trkpt>
      <trkpt lat="40.712941" lon="0.687175">
        <ele>2.9</ele>
      </trkpt>
      <trkpt lat="40.713017" lon="0.686656">
        <ele>2.8</ele>
      </trkpt>
      <trkpt lat="40.713103" lon="0.686169">
        <ele>2.8</ele>
      </trkpt>
      <trkpt lat="40.713189" lon="0.685682">
        <ele>2.9</ele>
      </trkpt>
      <trkpt lat="40.713275" lon="0.685194">
        <ele>2.8</ele>
      </trkpt>
      <trkpt lat="40.713305" lon="0.685137">
        <ele>2.8</ele>
      </trkpt>
      <trkpt lat="40.713354" lon="0.685092">
        <ele>2.8</ele>
      </trkpt>
      <trkpt lat="40.713476" lon="0.684998">
        <ele>2.6</ele>
      </trkpt>
      <trkpt lat="40.713511" lon="0.684966">
        <ele>2.8</ele>
      </trkpt>
      <trkpt lat="40.71358" lon="0.68458">
        <ele>2.7</ele>
      </trkpt>
      <trkpt lat="40.713592" lon="0.684301">
        <ele>2.5</ele>
      </trkpt>
      <trkpt lat="40.71361" lon="0.683717">
        <ele>2.8</ele>
      </trkpt>
      <trkpt lat="40.713697" lon="0.683344">
        <ele>1.9</ele>
      </trkpt>
      <trkpt lat="40.713805" lon="0.683366">
        <ele>1.9</ele>
      </trkpt>
      <trkpt lat="40.713899" lon="0.683385">
        <ele>2.2</ele>
      </trkpt>
      <trkpt lat="40.713926" lon="0.683309">
        <ele>1.3</ele>
      </trkpt>
      <trkpt lat="40.71405" lon="0.683099">
        <ele>2.0</ele>
      </trkpt>
      <trkpt lat="40.714231" lon="0.682813">
        <ele>2.2</ele>
      </trkpt>
      <trkpt lat="40.714413" lon="0.682528">
        <ele>2.2</ele>
      </trkpt>
      <trkpt lat="40.714635" lon="0.682206">
        <ele>2.4</ele>
      </trkpt>
      <trkpt lat="40.714856" lon="0.681883">
        <ele>2.6</ele>
      </trkpt>
      <trkpt lat="40.715078" lon="0.68156">
        <ele>2.6</ele>
      </trkpt>
      <trkpt lat="40.715229" lon="0.681338">
        <ele>2.5</ele>
      </trkpt>
      <trkpt lat="40.715379" lon="0.681117">
        <ele>2.5</ele>
      </trkpt>
      <trkpt lat="40.715497" lon="0.680938">
        <ele>2.6</ele>
      </trkpt>
      <trkpt lat="40.715782" lon="0.680574">
        <ele>2.5</ele>
      </trkpt>
      <trkpt lat="40.716068" lon="0.680211">
        <ele>2.7</ele>
      </trkpt>
      <trkpt lat="40.716355" lon="0.679834">
        <ele>2.7</ele>
      </trkpt>
      <trkpt lat="40.716641" lon="0.679456">
        <ele>2.6</ele>
      </trkpt>
      <trkpt lat="40.716928" lon="0.679079">
        <ele>2.6</ele>
      </trkpt>
      <trkpt lat="40.716999" lon="0.678982">
        <ele>2.6</ele>
      </trkpt>
      <trkpt lat="40.717052" lon="0.678906">
        <ele>2.6</ele>
      </trkpt>
      <trkpt lat="40.717093" lon="0.678846">
        <ele>2.6</ele>
      </trkpt>
      <trkpt lat="40.717331" lon="0.678475">
        <ele>2.4</ele>
      </trkpt>
      <trkpt lat="40.717577" lon="0.678099">
        <ele>2.4</ele>
      </trkpt>
      <trkpt lat="40.717823" lon="0.677722">
        <ele>2.4</ele>
      </trkpt>
      <trkpt lat="40.718069" lon="0.677345">
        <ele>2.2</ele>
      </trkpt>
      <trkpt lat="40.718314" lon="0.676968">
        <ele>2.6</ele>
      </trkpt>
      <trkpt lat="40.718398" lon="0.676838">
        <ele>2.5</ele>
      </trkpt>
      <trkpt lat="40.718465" lon="0.676688">
        <ele>2.4</ele>
      </trkpt>
      <trkpt lat="40.718626" lon="0.676277">
        <ele>2.5</ele>
      </trkpt>
      <trkpt lat="40.718788" lon="0.675866">
        <ele>2.5</ele>
      </trkpt>
      <trkpt lat="40.718949" lon="0.675455">
        <ele>2.5</ele>
      </trkpt>
      <trkpt lat="40.719034" lon="0.675262">
        <ele>2.4</ele>
      </trkpt>
      <trkpt lat="40.719069" lon="0.675155">
        <ele>2.6</ele>
      </trkpt>
      <trkpt lat="40.719093" lon="0.675053">
        <ele>2.7</ele>
      </trkpt>
      <trkpt lat="40.719107" lon="0.674991">
        <ele>2.7</ele>
      </trkpt>
      <trkpt lat="40.719203" lon="0.674482">
        <ele>2.5</ele>
      </trkpt>
      <trkpt lat="40.71928" lon="0.674076">
        <ele>2.5</ele>
      </trkpt>
      <trkpt lat="40.719357" lon="0.67367">
        <ele>2.5</ele>
      </trkpt>
      <trkpt lat="40.719435" lon="0.673264">
        <ele>2.6</ele>
      </trkpt>
      <trkpt lat="40.719447" lon="0.673193">
        <ele>2.5</ele>
      </trkpt>
      <trkpt lat="40.719455" lon="0.673125">
        <ele>2.5</ele>
      </trkpt>
      <trkpt lat="40.719459" lon="0.673028">
        <ele>2.7</ele>
      </trkpt>
      <trkpt lat="40.719457" lon="0.672675">
        <ele>2.7</ele>
      </trkpt>
      <trkpt lat="40.719455" lon="0.672322">
        <ele>2.7</ele>
      </trkpt>
      <trkpt lat="40.719454" lon="0.671733">
        <ele>2.7</ele>
      </trkpt>
      <trkpt lat="40.719453" lon="0.671145">
        <ele>2.6</ele>
      </trkpt>
      <trkpt lat="40.719451" lon="0.670557">
        <ele>2.7</ele>
      </trkpt>
      <trkpt lat="40.71945" lon="0.669968">
        <ele>2.6</ele>
      </trkpt>
      <trkpt lat="40.719449" lon="0.66938">
        <ele>2.6</ele>
      </trkpt>
      <trkpt lat="40.71944" lon="0.668881">
        <ele>2.5</ele>
      </trkpt>
      <trkpt lat="40.719431" lon="0.668381">
        <ele>2.5</ele>
      </trkpt>
      <trkpt lat="40.719421" lon="0.668111">
        <ele>2.5</ele>
      </trkpt>
      <trkpt lat="40.719427" lon="0.667926">
        <ele>2.0</ele>
      </trkpt>
      <trkpt lat="40.719425" lon="0.667818">
        <ele>2.5</ele>
      </trkpt>
      <trkpt lat="40.719414" lon="0.667706">
        <ele>2.7</ele>
      </trkpt>
      <trkpt lat="40.719369" lon="0.66726">
        <ele>2.6</ele>
      </trkpt>
      <trkpt lat="40.719324" lon="0.666814">
        <ele>2.6</ele>
      </trkpt>
      <trkpt lat="40.719278" lon="0.666367">
        <ele>2.7</ele>
      </trkpt>
      <trkpt lat="40.719254" lon="0.666142">
        <ele>2.7</ele>
      </trkpt>
      <trkpt lat="40.719219" lon="0.665928">
        <ele>2.7</ele>
      </trkpt>
      <trkpt lat="40.719163" lon="0.665554">
        <ele>2.6</ele>
      </trkpt>
      <trkpt lat="40.719107" lon="0.66518">
        <ele>2.6</ele>
      </trkpt>
      <trkpt lat="40.719043" lon="0.664726">
        <ele>2.6</ele>
      </trkpt>
      <trkpt lat="40.718979" lon="0.664273">
        <ele>2.7</ele>
      </trkpt>
      <trkpt lat="40.718915" lon="0.663819">
        <ele>2.8</ele>
      </trkpt>
      <trkpt lat="40.718851" lon="0.663366">
        <ele>2.8</ele>
      </trkpt>
      <trkpt lat="40.718831" lon="0.663205">
        <ele>2.7</ele>
      </trkpt>
      <trkpt lat="40.718811" lon="0.663097">
        <ele>2.7</ele>
      </trkpt>
      <trkpt lat="40.71871" lon="0.662603">
        <ele>2.7</ele>
      </trkpt>
      <trkpt lat="40.71861" lon="0.662108">
        <ele>2.7</ele>
      </trkpt>
      <trkpt lat="40.718571" lon="0.661937">
        <ele>2.7</ele>
      </trkpt>
      <trkpt lat="40.718553" lon="0.661877">
        <ele>2.6</ele>
      </trkpt>
      <trkpt lat="40.718502" lon="0.661773">
        <ele>2.8</ele>
      </trkpt>
      <trkpt lat="40.7184" lon="0.661413">
        <ele>2.8</ele>
      </trkpt>
      <trkpt lat="40.718321" lon="0.661071">
        <ele>2.8</ele>
      </trkpt>
      <trkpt lat="40.718298" lon="0.660945">
        <ele>2.9</ele>
      </trkpt>
      <trkpt lat="40.718311" lon="0.660898">
        <ele>2.9</ele>
      </trkpt>
      <trkpt lat="40.718333" lon="0.660859">
        <ele>3.0</ele>
      </trkpt>
      <trkpt lat="40.718332" lon="0.66082">
        <ele>3.0</ele>
      </trkpt>
      <trkpt lat="40.718331" lon="0.660786">
        <ele>3.0</ele>
      </trkpt>
      <trkpt lat="40.7183" lon="0.66069">
        <ele>2.9</ele>
      </trkpt>
      <trkpt lat="40.718238" lon="0.660539">
        <ele>2.9</ele>
      </trkpt>
      <trkpt lat="40.718084" lon="0.660171">
        <ele>2.9</ele>
      </trkpt>
      <trkpt lat="40.717931" lon="0.659803">
        <ele>3.0</ele>
      </trkpt>
      <trkpt lat="40.717778" lon="0.659435">
        <ele>3.0</ele>
      </trkpt>
      <trkpt lat="40.717621" lon="0.659032">
        <ele>3.0</ele>
      </trkpt>
      <trkpt lat="40.717526" lon="0.658759">
        <ele>3.1</ele>
      </trkpt>
      <trkpt lat="40.71747" lon="0.658575">
        <ele>3.2</ele>
      </trkpt>
      <trkpt lat="40.71741" lon="0.65838">
        <ele>3.0</ele>
      </trkpt>
      <trkpt lat="40.717371" lon="0.658281">
        <ele>3.0</ele>
      </trkpt>
      <trkpt lat="40.717345" lon="0.658203">
        <ele>3.1</ele>
      </trkpt>
      <trkpt lat="40.717212" lon="0.657916">
        <ele>3.0</ele>
      </trkpt>
      <trkpt lat="40.717079" lon="0.657628">
        <ele>3.0</ele>
      </trkpt>
      <trkpt lat="40.716904" lon="0.657244">
        <ele>3.1</ele>
      </trkpt>
      <trkpt lat="40.716729" lon="0.65686">
        <ele>3.2</ele>
      </trkpt>
      <trkpt lat="40.716637" lon="0.656648">
        <ele>3.2</ele>
      </trkpt>
      <trkpt lat="40.716615" lon="0.656602">
        <ele>3.2</ele>
      </trkpt>
      <trkpt lat="40.716591" lon="0.656567">
        <ele>3.3</ele>
      </trkpt>
      <trkpt lat="40.716519" lon="0.656473">
        <ele>3.2</ele>
      </trkpt>
      <trkpt lat="40.716359" lon="0.656261">
        <ele>3.2</ele>
      </trkpt>
      <trkpt lat="40.716085" lon="0.655898">
        <ele>3.2</ele>
      </trkpt>
      <trkpt lat="40.715812" lon="0.655535">
        <ele>3.2</ele>
      </trkpt>
      <trkpt lat="40.715546" lon="0.655189">
        <ele>3.1</ele>
      </trkpt>
      <trkpt lat="40.715495" lon="0.655107">
        <ele>3.1</ele>
      </trkpt>
      <trkpt lat="40.715487" lon="0.65507">
        <ele>3.0</ele>
      </trkpt>
      <trkpt lat="40.715489" lon="0.655024">
        <ele>3.0</ele>
      </trkpt>
      <trkpt lat="40.715501" lon="0.654805">
        <ele>3.1</ele>
      </trkpt>
      <trkpt lat="40.715501" lon="0.654753">
        <ele>3.1</ele>
      </trkpt>
      <trkpt lat="40.715487" lon="0.6547">
        <ele>3.1</ele>
      </trkpt>
      <trkpt lat="40.715328" lon="0.654403">
        <ele>3.1</ele>
      </trkpt>
      <trkpt lat="40.715159" lon="0.654042">
        <ele>3.1</ele>
      </trkpt>
      <trkpt lat="40.714991" lon="0.653681">
        <ele>3.1</ele>
      </trkpt>
      <trkpt lat="40.714798" lon="0.653314">
        <ele>3.3</ele>
      </trkpt>
      <trkpt lat="40.714769" lon="0.653252">
        <ele>3.3</ele>
      </trkpt>
      <trkpt lat="40.714757" lon="0.65319">
        <ele>3.4</ele>
      </trkpt>
      <trkpt lat="40.714737" lon="0.653053">
        <ele>3.4</ele>
      </trkpt>
      <trkpt lat="40.714663" lon="0.652643">
        <ele>3.3</ele>
      </trkpt>
      <trkpt lat="40.714586" lon="0.652208">
        <ele>3.6</ele>
      </trkpt>
      <trkpt lat="40.71456" lon="0.652049">
        <ele>3.6</ele>
      </trkpt>
      <trkpt lat="40.714515" lon="0.651782">
        <ele>3.2</ele>
      </trkpt>
      <trkpt lat="40.714477" lon="0.651575">
        <ele>3.3</ele>
      </trkpt>
      <trkpt lat="40.714432" lon="0.65128">
        <ele>3.6</ele>
      </trkpt>
      <trkpt lat="40.714413" lon="0.651149">
        <ele>3.5</ele>
      </trkpt>
      <trkpt lat="40.714348" lon="0.650723">
        <ele>3.1</ele>
      </trkpt>
      <trkpt lat="40.714283" lon="0.650296">
        <ele>3.4</ele>
      </trkpt>
      <trkpt lat="40.714236" lon="0.649871">
        <ele>3.5</ele>
      </trkpt>
      <trkpt lat="40.71419" lon="0.649446">
        <ele>3.5</ele>
      </trkpt>
      <trkpt lat="40.714182" lon="0.64936">
        <ele>3.4</ele>
      </trkpt>
      <trkpt lat="40.714173" lon="0.649256">
        <ele>3.3</ele>
      </trkpt>
      <trkpt lat="40.714168" lon="0.649128">
        <ele>3.0</ele>
      </trkpt>
      <trkpt lat="40.714167" lon="0.649019">
        <ele>2.5</ele>
      </trkpt>
      <trkpt lat="40.714165" lon="0.648947">
        <ele>2.3</ele>
      </trkpt>
      <trkpt lat="40.714155" lon="0.648863">
        <ele>2.3</ele>
      </trkpt>
      <trkpt lat="40.714127" lon="0.648724">
        <ele>2.3</ele>
      </trkpt>
      <trkpt lat="40.714057" lon="0.648382">
        <ele>2.5</ele>
      </trkpt>
      <trkpt lat="40.713987" lon="0.648039">
        <ele>2.6</ele>
      </trkpt>
      <trkpt lat="40.713905" lon="0.647586">
        <ele>2.7</ele>
      </trkpt>
      <trkpt lat="40.713823" lon="0.647133">
        <ele>2.8</ele>
      </trkpt>
      <trkpt lat="40.713741" lon="0.64668">
        <ele>2.9</ele>
      </trkpt>
      <trkpt lat="40.713722" lon="0.64657">
        <ele>2.9</ele>
      </trkpt>
      <trkpt lat="40.713706" lon="0.646504">
        <ele>3.0</ele>
      </trkpt>
      <trkpt lat="40.713643" lon="0.646272">
        <ele>3.1</ele>
      </trkpt>
      <trkpt lat="40.713557" lon="0.645755">
        <ele>3.3</ele>
      </trkpt>
      <trkpt lat="40.713541" lon="0.645632">
        <ele>3.2</ele>
      </trkpt>
      <trkpt lat="40.713531" lon="0.645548">
        <ele>1.3</ele>
      </trkpt>
      <trkpt lat="40.713519" lon="0.645384">
        <ele>3.6</ele>
      </trkpt>
      <trkpt lat="40.713485" lon="0.644972">
        <ele>3.0</ele>
      </trkpt>
      <trkpt lat="40.713452" lon="0.644559">
        <ele>3.1</ele>
      </trkpt>
      <trkpt lat="40.713429" lon="0.644303">
        <ele>3.2</ele>
      </trkpt>
      <trkpt lat="40.713417" lon="0.644207">
        <ele>3.2</ele>
      </trkpt>
      <trkpt lat="40.713405" lon="0.644119">
        <ele>3.1</ele>
      </trkpt>
      <trkpt lat="40.713354" lon="0.643816">
        <ele>3.0</ele>
      </trkpt>
      <trkpt lat="40.713303" lon="0.643513">
        <ele>3.1</ele>
      </trkpt>
      <trkpt lat="40.713285" lon="0.643408">
        <ele>3.1</ele>
      </trkpt>
      <trkpt lat="40.713277" lon="0.643387">
        <ele>3.1</ele>
      </trkpt>
      <trkpt lat="40.713246" lon="0.643357">
        <ele>3.2</ele>
      </trkpt>
      <trkpt lat="40.713076" lon="0.643163">
        <ele>3.3</ele>
      </trkpt>
      <trkpt lat="40.713033" lon="0.64311">
        <ele>3.3</ele>
      </trkpt>
      <trkpt lat="40.713023" lon="0.643076">
        <ele>3.4</ele>
      </trkpt>
      <trkpt lat="40.712966" lon="0.642652">
        <ele>3.4</ele>
      </trkpt>
      <trkpt lat="40.712913" lon="0.642258">
        <ele>3.3</ele>
      </trkpt>
      <trkpt lat="40.71286" lon="0.641863">
        <ele>3.3</ele>
      </trkpt>
      <trkpt lat="40.712818" lon="0.641548">
        <ele>3.2</ele>
      </trkpt>
      <trkpt lat="40.712777" lon="0.641233">
        <ele>3.3</ele>
      </trkpt>
      <trkpt lat="40.712742" lon="0.640968">
        <ele>3.3</ele>
      </trkpt>
      <trkpt lat="40.712724" lon="0.64079">
        <ele>3.2</ele>
      </trkpt>
      <trkpt lat="40.712709" lon="0.64067">
        <ele>3.2</ele>
      </trkpt>
      <trkpt lat="40.712675" lon="0.6403">
        <ele>3.2</ele>
      </trkpt>
      <trkpt lat="40.712669" lon="0.640203">
        <ele>3.3</ele>
      </trkpt>
      <trkpt lat="40.712661" lon="0.64013">
        <ele>3.4</ele>
      </trkpt>
      <trkpt lat="40.712653" lon="0.640072">
        <ele>3.4</ele>
      </trkpt>
      <trkpt lat="40.712636" lon="0.639999">
        <ele>3.5</ele>
      </trkpt>
      <trkpt lat="40.712535" lon="0.639659">
        <ele>3.4</ele>
      </trkpt>
      <trkpt lat="40.712508" lon="0.639557">
        <ele>3.3</ele>
      </trkpt>
      <trkpt lat="40.712488" lon="0.639455">
        <ele>3.4</ele>
      </trkpt>
      <trkpt lat="40.712429" lon="0.639187">
        <ele>3.4</ele>
      </trkpt>
      <trkpt lat="40.71234" lon="0.638772">
        <ele>3.5</ele>
      </trkpt>
      <trkpt lat="40.712315" lon="0.638677">
        <ele>3.5</ele>
      </trkpt>
      <trkpt lat="40.712297" lon="0.638618">
        <ele>3.4</ele>
      </trkpt>
      <trkpt lat="40.712071" lon="0.638135">
        <ele>3.5</ele>
      </trkpt>
      <trkpt lat="40.711961" lon="0.63787">
        <ele>3.4</ele>
      </trkpt>
      <trkpt lat="40.711852" lon="0.637604">
        <ele>3.4</ele>
      </trkpt>
      <trkpt lat="40.711799" lon="0.63745">
        <ele>3.4</ele>
      </trkpt>
      <trkpt lat="40.711748" lon="0.637266">
        <ele>3.4</ele>
      </trkpt>
      <trkpt lat="40.711653" lon="0.636946">
        <ele>3.6</ele>
      </trkpt>
      <trkpt lat="40.711634" lon="0.636883">
        <ele>3.5</ele>
      </trkpt>
      <trkpt lat="40.711604" lon="0.636831">
        <ele>3.5</ele>
      </trkpt>
      <trkpt lat="40.711506" lon="0.63666">
        <ele>3.5</ele>
      </trkpt>
      <trkpt lat="40.711382" lon="0.636381">
        <ele>3.5</ele>
      </trkpt>
      <trkpt lat="40.711258" lon="0.636102">
        <ele>3.3</ele>
      </trkpt>
      <trkpt lat="40.711074" lon="0.635644">
        <ele>3.5</ele>
      </trkpt>
      <trkpt lat="40.710855" lon="0.635751">
        <ele>3.5</ele>
      </trkpt>
      <trkpt lat="40.710829" lon="0.635735">
        <ele>3.5</ele>
      </trkpt>
      <trkpt lat="40.710782" lon="0.635673">
        <ele>3.4</ele>
      </trkpt>
      <trkpt lat="40.710724" lon="0.635565">
        <ele>3.4</ele>
      </trkpt>
      <trkpt lat="40.710612" lon="0.635296">
        <ele>3.4</ele>
      </trkpt>
      <trkpt lat="40.710514" lon="0.635079">
        <ele>3.5</ele>
      </trkpt>
      <trkpt lat="40.710325" lon="0.634648">
        <ele>3.4</ele>
      </trkpt>
      <trkpt lat="40.710089" lon="0.634147">
        <ele>2.8</ele>
      </trkpt>
      <trkpt lat="40.70994" lon="0.633819">
        <ele>2.4</ele>
      </trkpt>
      <trkpt lat="40.70979" lon="0.633491">
        <ele>2.4</ele>
      </trkpt>
      <trkpt lat="40.709607" lon="0.633079">
        <ele>2.6</ele>
      </trkpt>
      <trkpt lat="40.709528" lon="0.632905">
        <ele>2.8</ele>
      </trkpt>
      <trkpt lat="40.709457" lon="0.632772">
        <ele>3.0</ele>
      </trkpt>
      <trkpt lat="40.709327" lon="0.632434">
        <ele>3.4</ele>
      </trkpt>
      <trkpt lat="40.709168" lon="0.631956">
        <ele>3.3</ele>
      </trkpt>
      <trkpt lat="40.709009" lon="0.631478">
        <ele>3.5</ele>
      </trkpt>
      <trkpt lat="40.708983" lon="0.631397">
        <ele>3.2</ele>
      </trkpt>
      <trkpt lat="40.708958" lon="0.631354">
        <ele>3.3</ele>
      </trkpt>
      <trkpt lat="40.708932" lon="0.631338">
        <ele>3.4</ele>
      </trkpt>
      <trkpt lat="40.708891" lon="0.631325">
        <ele>3.5</ele>
      </trkpt>
      <trkpt lat="40.708838" lon="0.631301">
        <ele>3.5</ele>
      </trkpt>
      <trkpt lat="40.7088" lon="0.631266">
        <ele>3.5</ele>
      </trkpt>
      <trkpt lat="40.708757" lon="0.631148">
        <ele>3.4</ele>
      </trkpt>
      <trkpt lat="40.708708" lon="0.630979">
        <ele>3.5</ele>
      </trkpt>
      <trkpt lat="40.708628" lon="0.630674">
        <ele>3.5</ele>
      </trkpt>
      <trkpt lat="40.708548" lon="0.63037">
        <ele>3.4</ele>
      </trkpt>
      <trkpt lat="40.708427" lon="0.629927">
        <ele>3.4</ele>
      </trkpt>
      <trkpt lat="40.708306" lon="0.629484">
        <ele>3.6</ele>
      </trkpt>
      <trkpt lat="40.708278" lon="0.62939">
        <ele>3.5</ele>
      </trkpt>
      <trkpt lat="40.708229" lon="0.629216">
        <ele>3.4</ele>
      </trkpt>
      <trkpt lat="40.708194" lon="0.629058">
        <ele>3.3</ele>
      </trkpt>
      <trkpt lat="40.708143" lon="0.628839">
        <ele>3.3</ele>
      </trkpt>
      <trkpt lat="40.708072" lon="0.628489">
        <ele>3.5</ele>
      </trkpt>
      <trkpt lat="40.708036" lon="0.628317">
        <ele>3.5</ele>
      </trkpt>
      <trkpt lat="40.707913" lon="0.627811">
        <ele>3.5</ele>
      </trkpt>
      <trkpt lat="40.707891" lon="0.62772">
        <ele>3.2</ele>
      </trkpt>
      <trkpt lat="40.707867" lon="0.627653">
        <ele>3.0</ele>
      </trkpt>
      <trkpt lat="40.707832" lon="0.627583">
        <ele>2.7</ele>
      </trkpt>
      <trkpt lat="40.707791" lon="0.627511">
        <ele>2.7</ele>
      </trkpt>
      <trkpt lat="40.70769" lon="0.627344">
        <ele>2.8</ele>
      </trkpt>
      <trkpt lat="40.707525" lon="0.627055">
        <ele>2.5</ele>
      </trkpt>
      <trkpt lat="40.707456" lon="0.626922">
        <ele>2.5</ele>
      </trkpt>
      <trkpt lat="40.707407" lon="0.626807">
        <ele>2.5</ele>
      </trkpt>
      <trkpt lat="40.707356" lon="0.626685">
        <ele>2.6</ele>
      </trkpt>
      <trkpt lat="40.707204" lon="0.626306">
        <ele>3.4</ele>
      </trkpt>
      <trkpt lat="40.707088" lon="0.626001">
        <ele>3.6</ele>
      </trkpt>
      <trkpt lat="40.706972" lon="0.625697">
        <ele>3.6</ele>
      </trkpt>
      <trkpt lat="40.70694" lon="0.625606">
        <ele>3.5</ele>
      </trkpt>
      <trkpt lat="40.706782" lon="0.625074">
        <ele>3.6</ele>
      </trkpt>
      <trkpt lat="40.706624" lon="0.624542">
        <ele>3.7</ele>
      </trkpt>
      <trkpt lat="40.706535" lon="0.624225">
        <ele>3.6</ele>
      </trkpt>
      <trkpt lat="40.706447" lon="0.623909">
        <ele>3.6</ele>
      </trkpt>
      <trkpt lat="40.706353" lon="0.623577">
        <ele>3.1</ele>
      </trkpt>
      <trkpt lat="40.70626" lon="0.623246">
        <ele>3.1</ele>
      </trkpt>
      <trkpt lat="40.706194" lon="0.622993">
        <ele>3.1</ele>
      </trkpt>
      <trkpt lat="40.706159" lon="0.62288">
        <ele>3.4</ele>
      </trkpt>
      <trkpt lat="40.706039" lon="0.622556">
        <ele>3.7</ele>
      </trkpt>
      <trkpt lat="40.705919" lon="0.622232">
        <ele>3.7</ele>
      </trkpt>
      <trkpt lat="40.705746" lon="0.621774">
        <ele>3.6</ele>
      </trkpt>
      <trkpt lat="40.705573" lon="0.621317">
        <ele>3.8</ele>
      </trkpt>
      <trkpt lat="40.7054" lon="0.620859">
        <ele>4.0</ele>
      </trkpt>
      <trkpt lat="40.705292" lon="0.620561">
        <ele>3.9</ele>
      </trkpt>
      <trkpt lat="40.705238" lon="0.620421">
        <ele>3.8</ele>
      </trkpt>
      <trkpt lat="40.705185" lon="0.620297">
        <ele>3.7</ele>
      </trkpt>
      <trkpt lat="40.705148" lon="0.620226">
        <ele>3.8</ele>
      </trkpt>
      <trkpt lat="40.705108" lon="0.62014">
        <ele>3.8</ele>
      </trkpt>
      <trkpt lat="40.704961" lon="0.619926">
        <ele>3.9</ele>
      </trkpt>
      <trkpt lat="40.704761" lon="0.61962">
        <ele>4.0</ele>
      </trkpt>
      <trkpt lat="40.70456" lon="0.619314">
        <ele>4.0</ele>
      </trkpt>
      <trkpt lat="40.704496" lon="0.619209">
        <ele>3.9</ele>
      </trkpt>
      <trkpt lat="40.704465" lon="0.619153">
        <ele>3.5</ele>
      </trkpt>
      <trkpt lat="40.704441" lon="0.619085">
        <ele>3.2</ele>
      </trkpt>
      <trkpt lat="40.70442" lon="0.61901">
        <ele>3.1</ele>
      </trkpt>
      <trkpt lat="40.704335" lon="0.618683">
        <ele>3.1</ele>
      </trkpt>
      <trkpt lat="40.70427" lon="0.618429">
        <ele>3.0</ele>
      </trkpt>
      <trkpt lat="40.704215" lon="0.61824">
        <ele>3.1</ele>
      </trkpt>
      <trkpt lat="40.704185" lon="0.618157">
        <ele>3.5</ele>
      </trkpt>
      <trkpt lat="40.704077" lon="0.617905">
        <ele>3.9</ele>
      </trkpt>
      <trkpt lat="40.704042" lon="0.617827">
        <ele>3.9</ele>
      </trkpt>
      <trkpt lat="40.704028" lon="0.617784">
        <ele>3.9</ele>
      </trkpt>
      <trkpt lat="40.704022" lon="0.617737">
        <ele>4.0</ele>
      </trkpt>
      <trkpt lat="40.703995" lon="0.617411">
        <ele>3.9</ele>
      </trkpt>
      <trkpt lat="40.703969" lon="0.617084">
        <ele>4.0</ele>
      </trkpt>
      <trkpt lat="40.703953" lon="0.616849">
        <ele>3.9</ele>
      </trkpt>
      <trkpt lat="40.703955" lon="0.616511">
        <ele>4.0</ele>
      </trkpt>
      <trkpt lat="40.703957" lon="0.616172">
        <ele>3.9</ele>
      </trkpt>
      <trkpt lat="40.703961" lon="0.615714">
        <ele>4.0</ele>
      </trkpt>
      <trkpt lat="40.703965" lon="0.615255">
        <ele>3.9</ele>
      </trkpt>
      <trkpt lat="40.703969" lon="0.614796">
        <ele>4.0</ele>
      </trkpt>
      <trkpt lat="40.703973" lon="0.61438">
        <ele>3.9</ele>
      </trkpt>
      <trkpt lat="40.703977" lon="0.613965">
        <ele>3.9</ele>
      </trkpt>
      <trkpt lat="40.70399" lon="0.613524">
        <ele>3.9</ele>
      </trkpt>
      <trkpt lat="40.704004" lon="0.613082">
        <ele>4.0</ele>
      </trkpt>
      <trkpt lat="40.704016" lon="0.612561">
        <ele>4.1</ele>
      </trkpt>
      <trkpt lat="40.704028" lon="0.61204">
        <ele>3.9</ele>
      </trkpt>
      <trkpt lat="40.70403" lon="0.611994">
        <ele>4.0</ele>
      </trkpt>
      <trkpt lat="40.703598" lon="0.61194">
        <ele>4.2</ele>
      </trkpt>
      <trkpt lat="40.703598" lon="0.611852">
        <ele>4.2</ele>
      </trkpt>
      <trkpt lat="40.703599" lon="0.611726">
        <ele>4.1</ele>
      </trkpt>
      <trkpt lat="40.7036" lon="0.61169">
        <ele>4.1</ele>
      </trkpt>
      <trkpt lat="40.703611" lon="0.61141">
        <ele>4.1</ele>
      </trkpt>
      <trkpt lat="40.703648" lon="0.611082">
        <ele>4.1</ele>
      </trkpt>
      <trkpt lat="40.703685" lon="0.610753">
        <ele>4.1</ele>
      </trkpt>
      <trkpt lat="40.703732" lon="0.61037">
        <ele>4.5</ele>
      </trkpt>
      <trkpt lat="40.703779" lon="0.609986">
        <ele>4.8</ele>
      </trkpt>
      <trkpt lat="40.703794" lon="0.609826">
        <ele>4.8</ele>
      </trkpt>
      <trkpt lat="40.703839" lon="0.609405">
        <ele>4.4</ele>
      </trkpt>
      <trkpt lat="40.703883" lon="0.608985">
        <ele>4.5</ele>
      </trkpt>
      <trkpt lat="40.70393" lon="0.608583">
        <ele>4.8</ele>
      </trkpt>
      <trkpt lat="40.703977" lon="0.60818">
        <ele>4.4</ele>
      </trkpt>
      <trkpt lat="40.704291" lon="0.60827">
        <ele>3.9</ele>
      </trkpt>
      <trkpt lat="40.704319" lon="0.608157">
        <ele>4.1</ele>
      </trkpt>
      <trkpt lat="40.704347" lon="0.608043">
        <ele>4.0</ele>
      </trkpt>
      <trkpt lat="40.704434" lon="0.607641">
        <ele>4.1</ele>
      </trkpt>
      <trkpt lat="40.704522" lon="0.607239">
        <ele>4.0</ele>
      </trkpt>
      <trkpt lat="40.704581" lon="0.606938">
        <ele>3.9</ele>
      </trkpt>
      <trkpt lat="40.704642" lon="0.606621">
        <ele>3.9</ele>
      </trkpt>
      <trkpt lat="40.704727" lon="0.60618">
        <ele>4.0</ele>
      </trkpt>
      <trkpt lat="40.704813" lon="0.605739">
        <ele>3.9</ele>
      </trkpt>
      <trkpt lat="40.704898" lon="0.605299">
        <ele>3.9</ele>
      </trkpt>
      <trkpt lat="40.704929" lon="0.60514">
        <ele>3.9</ele>
      </trkpt>
      <trkpt lat="40.704949" lon="0.605001">
        <ele>3.9</ele>
      </trkpt>
      <trkpt lat="40.704971" lon="0.604841">
        <ele>3.9</ele>
      </trkpt>
      <trkpt lat="40.704992" lon="0.604707">
        <ele>3.9</ele>
      </trkpt>
      <trkpt lat="40.705008" lon="0.604581">
        <ele>4.0</ele>
      </trkpt>
      <trkpt lat="40.705018" lon="0.604495">
        <ele>4.0</ele>
      </trkpt>
      <trkpt lat="40.70503" lon="0.604349">
        <ele>4.0</ele>
      </trkpt>
      <trkpt lat="40.705037" lon="0.604253">
        <ele>4.0</ele>
      </trkpt>
      <trkpt lat="40.705045" lon="0.604165">
        <ele>4.0</ele>
      </trkpt>
      <trkpt lat="40.705055" lon="0.604051">
        <ele>4.0</ele>
      </trkpt>
      <trkpt lat="40.705091" lon="0.603738">
        <ele>4.0</ele>
      </trkpt>
      <trkpt lat="40.705116" lon="0.603508">
        <ele>4.0</ele>
      </trkpt>
      <trkpt lat="40.705126" lon="0.603434">
        <ele>4.1</ele>
      </trkpt>
      <trkpt lat="40.705124" lon="0.603378">
        <ele>4.1</ele>
      </trkpt>
      <trkpt lat="40.705122" lon="0.603308">
        <ele>4.0</ele>
      </trkpt>
      <trkpt lat="40.705118" lon="0.603218">
        <ele>4.1</ele>
      </trkpt>
      <trkpt lat="40.705097" lon="0.602855">
        <ele>3.9</ele>
      </trkpt>
      <trkpt lat="40.7051" lon="0.602753">
        <ele>3.9</ele>
      </trkpt>
      <trkpt lat="40.705105" lon="0.602666">
        <ele>4.0</ele>
      </trkpt>
      <trkpt lat="40.70516" lon="0.602266">
        <ele>4.0</ele>
      </trkpt>
      <trkpt lat="40.705169" lon="0.602206">
        <ele>3.9</ele>
        <name>Amposta, Montsià</name>
        <extensions>
          <oa:Extension>
            <oa:mapZoom>16</oa:mapZoom>
          </oa:Extension>
        </extensions>
      </trkpt>
      <trkpt lat="40.705159" lon="0.60216">
        <ele>3.9</ele>
      </trkpt>
      <trkpt lat="40.705144" lon="0.602132">
        <ele>3.8</ele>
      </trkpt>
      <trkpt lat="40.705061" lon="0.602029">
        <ele>4.0</ele>
      </trkpt>
      <trkpt lat="40.704963" lon="0.601928">
        <ele>3.8</ele>
      </trkpt>
      <trkpt lat="40.704957" lon="0.601889">
        <ele>3.8</ele>
      </trkpt>
      <trkpt lat="40.704957" lon="0.601833">
        <ele>3.9</ele>
      </trkpt>
      <trkpt lat="40.704969" lon="0.601702">
        <ele>4.0</ele>
      </trkpt>
      <trkpt lat="40.704994" lon="0.601506">
        <ele>4.0</ele>
      </trkpt>
      <trkpt lat="40.705047" lon="0.601195">
        <ele>3.9</ele>
      </trkpt>
      <trkpt lat="40.7051" lon="0.600884">
        <ele>3.8</ele>
      </trkpt>
      <trkpt lat="40.705183" lon="0.600477">
        <ele>3.9</ele>
      </trkpt>
      <trkpt lat="40.705207" lon="0.600334">
        <ele>3.9</ele>
      </trkpt>
      <trkpt lat="40.70523" lon="0.60017">
        <ele>3.8</ele>
      </trkpt>
      <trkpt lat="40.705246" lon="0.600017">
        <ele>3.6</ele>
      </trkpt>
      <trkpt lat="40.705282" lon="0.599782">
        <ele>3.4</ele>
      </trkpt>
      <trkpt lat="40.705321" lon="0.599564">
        <ele>3.4</ele>
      </trkpt>
      <trkpt lat="40.705366" lon="0.599385">
        <ele>3.6</ele>
      </trkpt>
      <trkpt lat="40.70546" lon="0.599015">
        <ele>3.3</ele>
      </trkpt>
      <trkpt lat="40.705555" lon="0.598645">
        <ele>3.6</ele>
      </trkpt>
      <trkpt lat="40.705674" lon="0.598198">
        <ele>3.5</ele>
      </trkpt>
      <trkpt lat="40.705794" lon="0.597752">
        <ele>3.8</ele>
      </trkpt>
      <trkpt lat="40.705913" lon="0.597305">
        <ele>3.8</ele>
      </trkpt>
      <trkpt lat="40.706014" lon="0.596915">
        <ele>3.8</ele>
      </trkpt>
      <trkpt lat="40.706118" lon="0.596443">
        <ele>3.9</ele>
      </trkpt>
      <trkpt lat="40.706144" lon="0.596365">
        <ele>3.9</ele>
      </trkpt>
      <trkpt lat="40.706179" lon="0.596301">
        <ele>3.9</ele>
      </trkpt>
      <trkpt lat="40.706226" lon="0.596234">
        <ele>3.9</ele>
      </trkpt>
      <trkpt lat="40.706352" lon="0.596078">
        <ele>4.0</ele>
      </trkpt>
      <trkpt lat="40.706423" lon="0.595995">
        <ele>4.1</ele>
      </trkpt>
      <trkpt lat="40.70647" lon="0.595922">
        <ele>3.9</ele>
      </trkpt>
      <trkpt lat="40.706511" lon="0.59582">
        <ele>4.0</ele>
      </trkpt>
      <trkpt lat="40.706543" lon="0.595739">
        <ele>4.0</ele>
      </trkpt>
      <trkpt lat="40.706576" lon="0.595634">
        <ele>4.0</ele>
      </trkpt>
      <trkpt lat="40.7066" lon="0.595519">
        <ele>4.1</ele>
      </trkpt>
      <trkpt lat="40.706635" lon="0.595305">
        <ele>4.1</ele>
      </trkpt>
      <trkpt lat="40.706659" lon="0.595144">
        <ele>4.2</ele>
      </trkpt>
      <trkpt lat="40.706663" lon="0.595087">
        <ele>4.2</ele>
      </trkpt>
      <trkpt lat="40.706665" lon="0.594846">
        <ele>4.1</ele>
      </trkpt>
      <trkpt lat="40.706667" lon="0.594766">
        <ele>4.1</ele>
      </trkpt>
      <trkpt lat="40.706679" lon="0.59471">
        <ele>4.0</ele>
      </trkpt>
      <trkpt lat="40.706775" lon="0.594383">
        <ele>4.1</ele>
      </trkpt>
      <trkpt lat="40.706791" lon="0.594362">
        <ele>4.2</ele>
      </trkpt>
      <trkpt lat="40.706901" lon="0.594394">
        <ele>4.0</ele>
      </trkpt>
      <trkpt lat="40.706975" lon="0.594358">
        <ele>2.8</ele>
      </trkpt>
      <trkpt lat="40.707019" lon="0.594214">
        <ele>3.6</ele>
      </trkpt>
      <trkpt lat="40.70702" lon="0.594118">
        <ele>4.0</ele>
      </trkpt>
      <trkpt lat="40.706985" lon="0.594059">
        <ele>4.1</ele>
      </trkpt>
      <trkpt lat="40.707109" lon="0.593688">
        <ele>4.0</ele>
      </trkpt>
      <trkpt lat="40.707137" lon="0.593514">
        <ele>4.2</ele>
      </trkpt>
      <trkpt lat="40.707194" lon="0.593251">
        <ele>4.4</ele>
      </trkpt>
      <trkpt lat="40.707267" lon="0.593052">
        <ele>4.4</ele>
      </trkpt>
      <trkpt lat="40.707315" lon="0.592915">
        <ele>4.5</ele>
      </trkpt>
      <trkpt lat="40.707398" lon="0.592785">
        <ele>4.5</ele>
      </trkpt>
      <trkpt lat="40.707608" lon="0.592357">
        <ele>4.2</ele>
      </trkpt>
      <trkpt lat="40.707653" lon="0.59229">
        <ele>4.0</ele>
      </trkpt>
      <trkpt lat="40.707673" lon="0.59225">
        <ele>3.9</ele>
      </trkpt>
      <trkpt lat="40.707685" lon="0.592202">
        <ele>3.7</ele>
      </trkpt>
      <trkpt lat="40.707671" lon="0.592137">
        <ele>4.0</ele>
      </trkpt>
      <trkpt lat="40.707646" lon="0.592083">
        <ele>4.1</ele>
      </trkpt>
      <trkpt lat="40.707587" lon="0.591979">
        <ele>4.1</ele>
      </trkpt>
      <trkpt lat="40.70757" lon="0.59193">
        <ele>4.1</ele>
      </trkpt>
      <trkpt lat="40.707612" lon="0.591822">
        <ele>3.8</ele>
      </trkpt>
      <trkpt lat="40.707777" lon="0.59138">
        <ele>4.5</ele>
      </trkpt>
      <trkpt lat="40.707977" lon="0.590911">
        <ele>4.5</ele>
      </trkpt>
      <trkpt lat="40.708177" lon="0.590443">
        <ele>4.5</ele>
      </trkpt>
      <trkpt lat="40.708195" lon="0.590408">
        <ele>4.5</ele>
      </trkpt>
      <trkpt lat="40.708307" lon="0.59019">
        <ele>4.6</ele>
      </trkpt>
      <trkpt lat="40.708329" lon="0.59015">
        <ele>4.6</ele>
      </trkpt>
      <trkpt lat="40.708395" lon="0.590033">
        <ele>4.6</ele>
      </trkpt>
      <trkpt lat="40.708472" lon="0.58995">
        <ele>4.6</ele>
      </trkpt>
      <trkpt lat="40.7085" lon="0.589885">
        <ele>4.9</ele>
      </trkpt>
      <trkpt lat="40.708549" lon="0.589753">
        <ele>5.0</ele>
      </trkpt>
      <trkpt lat="40.708756" lon="0.589423">
        <ele>4.6</ele>
      </trkpt>
      <trkpt lat="40.708962" lon="0.589092">
        <ele>4.6</ele>
      </trkpt>
      <trkpt lat="40.709173" lon="0.588755">
        <ele>4.5</ele>
      </trkpt>
      <trkpt lat="40.709385" lon="0.588418">
        <ele>4.5</ele>
      </trkpt>
      <trkpt lat="40.709504" lon="0.588228">
        <ele>4.6</ele>
      </trkpt>
      <trkpt lat="40.709524" lon="0.588197">
        <ele>4.5</ele>
      </trkpt>
      <trkpt lat="40.70965" lon="0.588042">
        <ele>4.4</ele>
      </trkpt>
      <trkpt lat="40.709727" lon="0.587951">
        <ele>4.3</ele>
      </trkpt>
      <trkpt lat="40.709796" lon="0.58786">
        <ele>4.3</ele>
      </trkpt>
      <trkpt lat="40.709861" lon="0.587752">
        <ele>4.3</ele>
      </trkpt>
      <trkpt lat="40.709943" lon="0.587618">
        <ele>4.3</ele>
      </trkpt>
      <trkpt lat="40.710241" lon="0.587234">
        <ele>4.4</ele>
      </trkpt>
      <trkpt lat="40.710272" lon="0.587194">
        <ele>4.4</ele>
      </trkpt>
      <trkpt lat="40.710439" lon="0.587033">
        <ele>4.4</ele>
      </trkpt>
      <trkpt lat="40.710528" lon="0.586948">
        <ele>4.4</ele>
      </trkpt>
      <trkpt lat="40.710662" lon="0.586787">
        <ele>4.4</ele>
      </trkpt>
      <trkpt lat="40.710795" lon="0.58661">
        <ele>4.4</ele>
      </trkpt>
      <trkpt lat="40.710912" lon="0.586466">
        <ele>4.2</ele>
      </trkpt>
      <trkpt lat="40.711159" lon="0.586164">
        <ele>4.0</ele>
      </trkpt>
      <trkpt lat="40.711291" lon="0.586009">
        <ele>4.1</ele>
      </trkpt>
      <trkpt lat="40.711367" lon="0.585921">
        <ele>4.1</ele>
      </trkpt>
      <trkpt lat="40.711595" lon="0.585659">
        <ele>4.1</ele>
      </trkpt>
      <trkpt lat="40.711808" lon="0.585412">
        <ele>4.3</ele>
      </trkpt>
      <trkpt lat="40.711843" lon="0.585372">
        <ele>4.2</ele>
      </trkpt>
      <trkpt lat="40.71201" lon="0.585155">
        <ele>4.4</ele>
      </trkpt>
      <trkpt lat="40.712193" lon="0.584915">
        <ele>4.5</ele>
      </trkpt>
      <trkpt lat="40.711934" lon="0.584503">
        <ele>5.1</ele>
      </trkpt>
      <trkpt lat="40.712155" lon="0.584244">
        <ele>5.2</ele>
      </trkpt>
      <trkpt lat="40.712285" lon="0.584105">
        <ele>5.4</ele>
      </trkpt>
      <trkpt lat="40.712498" lon="0.583868">
        <ele>5.5</ele>
      </trkpt>
      <trkpt lat="40.712568" lon="0.583775">
        <ele>5.4</ele>
      </trkpt>
      <trkpt lat="40.712646" lon="0.583649">
        <ele>5.1</ele>
      </trkpt>
      <trkpt lat="40.712675" lon="0.583594">
        <ele>5.0</ele>
      </trkpt>
      <trkpt lat="40.712747" lon="0.583461">
        <ele>4.9</ele>
      </trkpt>
      <trkpt lat="40.712791" lon="0.58336">
        <ele>4.8</ele>
        <name>Pl. de la Pau, Amposta, Montsià</name>
        <extensions>
          <oa:Extension>
            <oa:mapZoom>16</oa:mapZoom>
          </oa:Extension>
        </extensions>
      </trkpt>
    </trkseg>
  </trk>
</gpx>